eps_over_Jo,eps,tau,P,W_tls,Wad_tls,L_tls,Wnorm_tls
0.0,0.0,0.5,6.382950633693111e-34,0.0025470576348930476,0.0025470576348930476,0.021064267717383674,1.0
0.0,0.0,0.5201083500882184,1.157132762065931e-34,0.0025470576348930476,0.0025470576348930476,0.021064267717383674,1.0
0.0,0.0,0.5410253916629775,5.442578972334058e-34,0.0025470576348930476,0.0025470576348930476,0.021064267717383674,1.0
0.0,0.0,0.5627836476273268,2.6568490361675594e-34,0.0025470576348930476,0.0025470576348930476,0.021064267717383674,1.0
0.0,0.0,0.5854169488481564,5.3095772130380295e-34,0.0025470576348930476,0.0025470576348930476,0.021064267717383674,1.0
0.0,0.0,0.6089604867581871,6.193231362580114e-34,0.0025470576348930476,0.0025470576348930476,0.021064267717383674,1.0
0.0,0.0,0.6334508680734382,1.375158578622438e-35,0.0025470576348930476,0.0025470576348930476,0.021064267717383674,1.0
0.0,0.0,0.6589261717112513,4.471488376650896e-34,0.0025470576348930476,0.0025470576348930476,0.021064267717383674,1.0
0.0,0.0,0.6854260079973701,2.0131016689334104e-34,0.0025470576348930476,0.0025470576348930476,0.021064267717383674,1.0
0.0,0.0,0.7129915802541322,3.4749991258184827e-35,0.0025470576348930476,0.0025470576348930476,0.021064267717383674,1.0
0.0,0.0,0.7416657488655366,5.804520220448615e-35,0.0025470576348930476,0.0025470576348930476,0.021064267717383674,1.0
0.0,0.0,0.7714930979187944,2.948850955213189e-34,0.0025470576348930476,0.0025470576348930476,0.021064267717383674,1.0
0.0,0.0,0.8025200045259849,3.5038129379342815e-34,0.0025470576348930476,0.0025470576348930476,0.021064267717383674,1.0
0.0,0.0,0.8347947109335991,5.7848422161270786e-37,0.0025470576348930476,0.0025470576348930476,0.021064267717383674,1.0
0.0,0.0,0.868367399532091,1.6023703001773577e-35,0.0025470576348930476,0.0025470576348930476,0.021064267717383674,1.0
0.0,0.0,0.9032902708820651,6.069269057519901e-34,0.0025470576348930476,0.0025470576348930476,0.021064267717383674,1.0
0.0,0.0,0.9396176248784216,1.8976005040927186e-34,0.0025470576348930476,0.0025470576348930476,0.021064267717383674,1.0
0.0,0.0,0.9774059451786528,1.7820814447729504e-36,0.0025470576348930476,0.0025470576348930476,0.021064267717383674,1.0
0.0,0.0,1.0167139870265693,9.736210981308332e-35,0.0025470576348930476,0.0025470576348930476,0.021064267717383674,1.0
0.0,0.0,1.0576028686080066,1.853415953836524e-34,0.0025470576348930476,0.0025470576348930476,0.021064267717383674,1.0
0.0,0.0,1.1001361660805542,3.585142765410958e-34,0.0025470576348930476,0.0025470576348930476,0.021064267717383674,1.0
0.0,0.0,1.1443800124250707,2.4919314394022734e-34,0.0025470576348930476,0.0025470576348930476,0.021064267717383674,1.0
0.0,0.0,1.1904032002726768,9.73818148914189e-35,0.0025470576348930476,0.0025470576348930476,0.021064267717383674,1.0
0.0,0.0,1.2382772888671139,1.1376199798069296e-35,0.0025470576348930476,0.0025470576348930476,0.021064267717383674,1.0
0.0,0.0,1.2880767153287735,4.664379900341625e-35,0.0025470576348930476,0.0025470576348930476,0.021064267717383674,1.0
0.0,0.0,1.3398789103934006,1.3969045281103788e-34,0.0025470576348930476,0.0025470576348930476,0.021064267717383674,1.0
0.0,0.0,1.3937644188054228,8.717739812793041e-36,0.0025470576348930476,0.0025470576348930476,0.021064267717383674,1.0
0.0,0.0,1.4498170245531061,5.306484375662767e-34,0.0025470576348930476,0.0025470576348930476,0.021064267717383674,1.0
0.0,0.0,1.5081238811402522,4.415739694762882e-35,0.0025470576348930476,0.0025470576348930476,0.021064267717383674,1.0
0.0,0.0,1.568775647096994,7.070067656552108e-35,0.0025470576348930476,0.0025470576348930476,0.021064267717383674,1.0
0.0,0.0,1.6318666269403894,7.558705225333517e-34,0.0025470576348930476,0.0025470576348930476,0.021064267717383674,1.0
0.0,0.0,1.697494917803984,9.820000014468938e-36,0.0025470576348930476,0.0025470576348930476,0.021064267717383674,1.0
0.0,0.0,1.7657625619643322,7.794169749418501e-35,0.0025470576348930476,0.0025470576348930476,0.021064267717383674,1.0
0.0,0.0,1.836775705501629,3.759998642010974e-34,0.0025470576348930476,0.0025470576348930476,0.021064267717383674,1.0
0.0,0.0,1.910644763341151,3.2542717803584147e-34,0.0025470576348930476,0.0025470576348930476,0.021064267717383674,1.0
0.0,0.0,1.9874845909321213,6.655001190862076e-34,0.0025470576348930476,0.0025470576348930476,0.021064267717383674,1.0
0.0,0.0,2.0674146628309265,4.0423663622042225e-36,0.0025470576348930476,0.0025470576348930476,0.021064267717383674,1.0
0.0,0.0,2.1505592584663673,1.0463156140840084e-35,0.0025470576348930476,0.0025470576348930476,0.021064267717383674,1.0
0.0,0.0,2.2370476553757688,5.816041108815115e-34,0.0025470576348930476,0.0025470576348930476,0.021064267717383674,1.0
0.0,0.0,2.3270143302124175,5.585814631469188e-37,0.0025470576348930476,0.0025470576348930476,0.021064267717383674,1.0
0.0,0.0,2.420599167836842,1.2998977289240844e-36,0.0025470576348930476,0.0025470576348930476,0.021064267717383674,1.0
0.0,0.0,2.5179476788170687,3.098375459692919e-34,0.0025470576348930476,0.0025470576348930476,0.021064267717383674,1.0
0.0,0.0,2.6192112256760103,6.31460155517439e-34,0.0025470576348930476,0.0025470576348930476,0.021064267717383674,1.0
0.0,0.0,2.7245472582377794,3.9164938837206e-35,0.0025470576348930476,0.0025470576348930476,0.021064267717383674,1.0
0.0,0.0,2.8341195584388617,6.102456149759605e-34,0.0025470576348930476,0.0025470576348930476,0.021064267717383674,1.0
0.0,0.0,2.948098494984772,7.52456603990367e-34,0.0025470576348930476,0.0025470576348930476,0.021064267717383674,1.0
0.0,0.0,3.06666128824818,3.0984708729120267e-35,0.0025470576348930476,0.0025470576348930476,0.021064267717383674,1.0
0.0,0.0,3.189992285820342,7.794389876704318e-35,0.0025470576348930476,0.0025470576348930476,0.021064267717383674,1.0
0.0,0.0,3.3182832491443257,1.1749829838131668e-34,0.0025470576348930476,0.0025470576348930476,0.021064267717383674,1.0
0.0,0.0,3.451733651675656,3.2726451239967015e-34,0.0025470576348930476,0.0025470576348930476,0.021064267717383674,1.0
0.0,0.0,3.590550989034012,6.153298887856929e-34,0.0025470576348930476,0.0025470576348930476,0.021064267717383674,1.0
0.0,0.0,3.7349511016282015,6.8177024494230885e-34,0.0025470576348930476,0.0025470576348930476,0.021064267717383674,1.0
0.0,0.0,3.885158510256036,1.1444507981581731e-34,0.0025470576348930476,0.0025470576348930476,0.021064267717383674,1.0
0.0,0.0,4.041406765200936,1.0428355035318446e-34,0.0025470576348930476,0.0025470576348930476,0.021064267717383674,1.0
0.0,0.0,4.203938809368043,3.807090869098651e-35,0.0025470576348930476,0.0025470576348930476,0.021064267717383674,1.0
0.0,0.0,4.373007356024485,7.3526746782655574e-37,0.0025470576348930476,0.0025470576348930476,0.021064267717383674,1.0
0.0,0.0,4.548875281731075,2.420217827315761e-35,0.0025470576348930476,0.0025470576348930476,0.021064267717383674,1.0
0.0,0.0,4.731816035076458,2.497909114647056e-36,0.0025470576348930476,0.0025470576348930476,0.021064267717383674,1.0
0.0,0.0,4.922114061849185,1.9589193785050123e-35,0.0025470576348930476,0.0025470576348930476,0.021064267717383674,1.0
0.0,0.0,5.0,6.208715780842963e-35,0.0025470576348930476,0.0025470576348930476,0.021064267717383674,1.0
0.0,0.0,5.120065247308795,7.022198834151954e-35,0.0025470576348930476,0.0025470576348930476,0.021064267717383674,1.0
0.0,0.0,5.325977376243608,1.7039211827323025e-35,0.0025470576348930476,0.0025470576348930476,0.021064267717383674,1.0
0.0,0.0,5.540170611530483,7.592449128288818e-34,0.0025470576348930476,0.0025470576348930476,0.021064267717383674,1.0
0.0,0.0,5.7629779919407085,1.3575346241065402e-34,0.0025470576348930476,0.0025470576348930476,0.021064267717383674,1.0
0.0,0.0,5.994745949965992,8.769080399979092e-36,0.0025470576348930476,0.0025470576348930476,0.021064267717383674,1.0
0.0,0.0,6.2358348504696846,2.670974285951501e-34,0.0025470576348930476,0.0025470576348930476,0.021064267717383674,1.0
0.0,0.0,6.4866195510008,5.192173795280178e-34,0.0025470576348930476,0.0025470576348930476,0.021064267717383674,1.0
0.0,0.0,6.747489984642013,4.431738589783317e-34,0.0025470576348930476,0.0025470576348930476,0.021064267717383674,1.0
0.0,0.0,7.0188517662978684,7.910813069101751e-35,0.0025470576348930476,0.0025470576348930476,0.021064267717383674,1.0
0.0,0.0,7.301126823365925,6.332998867149067e-34,0.0025470576348930476,0.0025470576348930476,0.021064267717383674,1.0
0.0,0.0,7.594754051771373,4.3413800208530435e-36,0.0025470576348930476,0.0025470576348930476,0.021064267717383674,1.0
0.0,0.0,7.900189998385242,1.9355797918886887e-34,0.0025470576348930476,0.0025470576348930476,0.021064267717383674,1.0
0.0,0.0,8.217909570887183,1.8216064841669861e-34,0.0025470576348930476,0.0025470576348930476,0.021064267717383674,1.0
0.0,0.0,8.548406776176625,5.816695790712888e-34,0.0025470576348930476,0.0025470576348930476,0.021064267717383674,1.0
0.0,0.0,8.892195488480342,1.1428024545585874e-35,0.0025470576348930476,0.0025470576348930476,0.021064267717383674,1.0
0.0,0.0,9.24981024835082,6.661223458151392e-34,0.0025470576348930476,0.0025470576348930476,0.021064267717383674,1.0
0.0,0.0,9.62180709379768,3.992369702827977e-34,0.0025470576348930476,0.0025470576348930476,0.021064267717383674,1.0
0.0,0.0,10.0,4.060048582255039e-34,0.0025470576348930476,0.0025470576348930476,0.021064267717383674,1.0
0.0,0.0,10.008764424844449,4.796955951948585e-35,0.0025470576348930476,0.0025470576348930476,0.021064267717383674,1.0
0.0,0.0,10.411283902855006,6.690125231279508e-34,0.0025470576348930476,0.0025470576348930476,0.021064267717383674,1.0
0.0,0.0,10.82999138602789,9.706464878296361e-36,0.0025470576348930476,0.0025470576348930476,0.021064267717383674,1.0
0.0,0.0,11.265537902513168,1.679993042307586e-34,0.0025470576348930476,0.0025470576348930476,0.021064267717383674,1.0
0.0,0.0,11.718600662664821,3.1877496504046094e-34,0.0025470576348930476,0.0025470576348930476,0.021064267717383674,1.0
0.0,0.0,12.189884112002607,1.8107462212995152e-34,0.0025470576348930476,0.0025470576348930476,0.021064267717383674,1.0
0.0,0.0,12.680121026520528,5.126191002561334e-34,0.0025470576348930476,0.0025470576348930476,0.021064267717383674,1.0
0.0,0.0,13.190073652045038,8.919789689275377e-35,0.0025470576348930476,0.0025470576348930476,0.021064267717383674,1.0
0.0,0.0,13.720534889414454,6.153078504579848e-34,0.0025470576348930476,0.0025470576348930476,0.021064267717383674,1.0
0.0,0.0,14.27232952732237,3.1908044511067123e-35,0.0025470576348930476,0.0025470576348930476,0.021064267717383674,1.0
0.0,0.0,14.846315524742002,1.655418793574751e-34,0.0025470576348930476,0.0025470576348930476,0.021064267717383674,1.0
0.0,0.0,15.443385344925332,7.680407589073144e-35,0.0025470576348930476,0.0025470576348930476,0.021064267717383674,1.0
0.0,0.0,16.064467343051373,3.852265256911956e-34,0.0025470576348930476,0.0025470576348930476,0.021064267717383674,1.0
0.0,0.0,16.710527209681032,7.2647291165269885e-34,0.0025470576348930476,0.0025470576348930476,0.021064267717383674,1.0
0.0,0.0,17.382569472262958,1.9958174591197057e-35,0.0025470576348930476,0.0025470576348930476,0.021064267717383674,1.0
0.0,0.0,18.081639057025043,1.0090348790574338e-34,0.0025470576348930476,0.0025470576348930476,0.021064267717383674,1.0
0.0,0.0,18.80882291367997,2.5580907416599568e-34,0.0025470576348930476,0.0025470576348930476,0.021064267717383674,1.0
0.0,0.0,19.565251705471134,3.2035765103866257e-34,0.0025470576348930476,0.0025470576348930476,0.021064267717383674,1.0
0.0,0.0,20.0,9.728511705802038e-35,0.0025470576348930476,0.0025470576348930476,0.021064267717383674,1.0
0.0,0.0,20.352101567186576,7.179703529465177e-34,0.0025470576348930476,0.0025470576348930476,0.021064267717383674,1.0
0.0,0.0,21.170595933874512,1.3915649496599738e-34,0.0025470576348930476,0.0025470576348930476,0.021064267717383674,1.0
0.0,0.0,22.02200744310364,1.239078845919377e-34,0.0025470576348930476,0.0025470576348930476,0.021064267717383674,1.0
0.0,0.0,22.9076599137262,2.610322003358203e-34,0.0025470576348930476,0.0025470576348930476,0.021064267717383674,1.0
0.0,0.0,23.82893040422031,6.529919973623904e-34,0.0025470576348930476,0.0025470576348930476,0.021064267717383674,1.0
0.0,0.0,24.787251353812007,3.0871749145036187e-35,0.0025470576348930476,0.0025470576348930476,0.021064267717383674,1.0
0.0,0.0,25.784112809706244,1.063858423281031e-34,0.0025470576348930476,0.0025470576348930476,0.021064267717383674,1.0
0.0,0.0,26.82106474388963,4.988026692249717e-34,0.0025470576348930476,0.0025470576348930476,0.021064267717383674,1.0
0.0,0.0,27.89971946310744,8.101927380689334e-34,0.0025470576348930476,0.0025470576348930476,0.021064267717383674,1.0
0.0,0.0,29.02175411576192,8.276069665691639e-35,0.0025470576348930476,0.0025470576348930476,0.021064267717383674,1.0
0.0,0.0,30.188913299629792,7.403881008241719e-34,0.0025470576348930476,0.0025470576348930476,0.021064267717383674,1.0
0.0,0.0,31.40301177445345,5.785629637717244e-34,0.0025470576348930476,0.0025470576348930476,0.021064267717383674,1.0
0.0,0.0,32.66593728362376,4.841150551780428e-34,0.0025470576348930476,0.0025470576348930476,0.021064267717383674,1.0
0.0,0.0,33.97965348934155,8.71880352744657e-35,0.0025470576348930476,0.0025470576348930476,0.021064267717383674,1.0
0.0,0.0,35.3462030258216,4.202929054149811e-34,0.0025470576348930476,0.0025470576348930476,0.021064267717383674,1.0
0.0,0.0,36.76771067528654,5.053490794320494e-34,0.0025470576348930476,0.0025470576348930476,0.021064267717383674,1.0
0.0,0.0,38.24638667168852,9.04790568551049e-35,0.0025470576348930476,0.0025470576348930476,0.021064267717383674,1.0
0.0,0.0,39.78453013729589,4.193677090451239e-34,0.0025470576348930476,0.0025470576348930476,0.021064267717383674,1.0
0.0,0.0,40.0,1.5472069906213185e-34,0.0025470576348930476,0.0025470576348930476,0.021064267717383674,1.0
0.0,0.0,41.38453265748794,8.196325580309909e-37,0.0025470576348930476,0.0025470576348930476,0.021064267717383674,1.0
0.0,0.0,43.048881999316066,1.007323639960699e-34,0.0025470576348930476,0.0025470576348930476,0.021064267717383674,1.0
0.0,0.0,44.78016597961338,6.506648060238925e-34,0.0025470576348930476,0.0025470576348930476,0.021064267717383674,1.0
0.0,0.0,46.58107648866657,4.5141548039812625e-34,0.0025470576348930476,0.0025470576348930476,0.021064267717383674,1.0
0.0,0.0,48.454413675706945,5.376695490910438e-34,0.0025470576348930476,0.0025470576348930476,0.021064267717383674,1.0
0.0,0.0,50.4030903027279,7.813305185303872e-34,0.0025470576348930476,0.0025470576348930476,0.021064267717383674,1.0
0.0,0.0,52.43013627339855,5.26668543008151e-34,0.0025470576348930476,0.0025470576348930476,0.021064267717383674,1.0
0.0,0.0,54.538703344115525,7.238465144404492e-34,0.0025470576348930476,0.0025470576348930476,0.021064267717383674,1.0
0.0,0.0,56.73207002451749,4.975423023157174e-34,0.0025470576348930476,0.0025470576348930476,0.021064267717383674,1.0
0.0,0.0,59.0136466750821,9.069509834890873e-36,0.0025470576348930476,0.0025470576348930476,0.021064267717383674,1.0
0.0,0.0,61.386980809732094,8.415091850386733e-34,0.0025470576348930476,0.0025470576348930476,0.021064267717383674,1.0
0.0,0.0,63.85576261169375,9.988292519170029e-35,0.0025470576348930476,0.0025470576348930476,0.021064267717383674,1.0
0.0,0.0,66.42383067118593,1.2546061120277296e-33,0.0025470576348930476,0.0025470576348930476,0.021064267717383674,1.0
0.0,0.0,69.09517795385946,2.099382539413121e-34,0.0025470576348930476,0.0025470576348930476,0.021064267717383674,1.0
0.0,0.0,71.87395800926735,1.0677763462368673e-34,0.0025470576348930476,0.0025470576348930476,0.021064267717383674,1.0
0.0,0.0,74.76449142901991,5.494256885217872e-34,0.0025470576348930476,0.0025470576348930476,0.021064267717383674,1.0
0.0,0.0,77.77127256466456,6.425949744289413e-34,0.0025470576348930476,0.0025470576348930476,0.021064267717383674,1.0
0.0,0.0,80.0,8.954924319382736e-34,0.0025470576348930476,0.0025470576348930476,0.021064267717383674,1.0
0.0,0.0,80.89897651573759,4.2788182960540855e-34,0.0025470576348930476,0.0025470576348930476,0.021064267717383674,1.0
0.0,0.0,84.15246639885166,3.5784712455802425e-34,0.0025470576348930476,0.0025470576348930476,0.021064267717383674,1.0
0.0,0.0,87.53680090912191,6.391322208223246e-34,0.0025470576348930476,0.0025470576348930476,0.021064267717383674,1.0
0.0,0.0,91.05724218568857,6.794767775784421e-34,0.0025470576348930476,0.0025470576348930476,0.021064267717383674,1.0
0.0,0.0,94.71926399356356,1.3756881479980773e-34,0.0025470576348930476,0.0025470576348930476,0.021064267717383674,1.0
0.0,0.0,98.52856023452543,3.7590672309742454e-34,0.0025470576348930476,0.0025470576348930476,0.021064267717383674,1.0
0.0,0.0,102.4910538002934,2.171376578907086e-34,0.0025470576348930476,0.0025470576348930476,0.021064267717383674,1.0
0.0,0.0,106.6129057817468,4.026574249867404e-34,0.0025470576348930476,0.0025470576348930476,0.021064267717383674,1.0
0.0,0.0,110.9005250485101,7.87646286487716e-34,0.0025470576348930476,0.0025470576348930476,0.021064267717383674,1.0
0.0,0.0,115.3605782137954,2.4411114322539028e-34,0.0025470576348930476,0.0025470576348930476,0.021064267717383674,1.0
0.0,0.0,120.0,2.1295697517983684e-34,0.0025470576348930476,0.0025470576348930476,0.021064267717383674,1.0
0.05,0.0011238512040398164,0.5,0.002579880451688135,0.002539920890733274,0.002594673072598777,0.02122275930641519,0.9788982348320807
0.05,0.0011238512040398164,0.5201083500882184,0.0025798797871090166,0.0025399209048374764,0.002594673072598777,0.02122275930641519,0.9788982402679111
0.05,0.0011238512040398164,0.5410253916629775,0.002579879067994808,0.0025399209200990644,0.002594673072598777,0.02122275930641519,0.9788982461498035
0.05,0.0011238512040398164,0.5627836476273268,0.0025798782898791943,0.002539920936612825,0.002594673072598777,0.02122275930641519,0.9788982525142895
0.05,0.0011238512040398164,0.5854169488481564,0.0025798774479262117,0.00253992095448139,0.002594673072598777,0.02122275930641519,0.978898259400924
0.05,0.0011238512040398164,0.6089604867581871,0.0025798765368890476,0.0025399209738161126,0.002594673072598777,0.02122275930641519,0.9788982668526229
0.05,0.0011238512040398164,0.6334508680734382,0.0025798755510927016,0.002539920994737431,0.002594673072598777,0.02122275930641519,0.978898274915804
0.05,0.0011238512040398164,0.6589261717112513,0.0025798744844138027,0.0025399210173753005,0.002594673072598777,0.02122275930641519,0.9788982836405522
0.05,0.0011238512040398164,0.6854260079973701,0.0025798733302171634,0.0025399210418705384,0.002594673072598777,0.02122275930641519,0.9788982930811396
0.05,0.0011238512040398164,0.7129915802541322,0.002579872081321339,0.0025399210683755536,0.002594673072598777,0.02122275930641519,0.9788983032963052
0.05,0.0011238512040398164,0.7416657488655366,0.0025798707299398834,0.002539921097055597,0.002594673072598777,0.02122275930641519,0.9788983143497376
0.05,0.0011238512040398164,0.7714930979187944,0.0025798692676992857,0.0025399211280883773,0.002594673072598777,0.02122275930641519,0.9788983263099266
0.05,0.0011238512040398164,0.8025200045259849,0.0025798676854603365,0.0025399211616678537,0.002594673072598777,0.02122275930641519,0.978898339251625
0.05,0.0011238512040398164,0.8347947109335991,0.0025798659734121553,0.00253992119800224,0.002594673072598777,0.02122275930641519,0.9788983532550796
0.05,0.0011238512040398164,0.868367399532091,0.002579864120893787,0.0025399212373177914,0.002594673072598777,0.02122275930641519,0.97889836840749
0.05,0.0011238512040398164,0.9032902708820651,0.0025798621163672145,0.0025399212798593767,0.002594673072598777,0.02122275930641519,0.97889838480323
0.05,0.0011238512040398164,0.9396176248784216,0.002579859947371084,0.0025399213258914593,0.002594673072598777,0.02122275930641519,0.9788984025442253
0.05,0.0011238512040398164,0.9774059451786528,0.0025798576004225624,0.002539921375700183,0.002594673072598777,0.02122275930641519,0.9788984217407568
0.05,0.0011238512040398164,1.0167139870265693,0.0025798550608945405,0.002539921429595975,0.002594673072598777,0.02122275930641519,0.978898442512465
0.05,0.0011238512040398164,1.0576028686080066,0.0025798523130003232,0.0025399214879138726,0.002594673072598777,0.02122275930641519,0.978898464988475
0.05,0.0011238512040398164,1.1001361660805542,0.0025798493396506387,0.002539921551016557,0.002594673072598777,0.02122275930641519,0.9788984893085657
0.05,0.0011238512040398164,1.1443800124250707,0.002579846122338066,0.0025399216192968075,0.002594673072598777,0.02122275930641519,0.9788985156241162
0.05,0.0011238512040398164,1.1904032002726768,0.0025798426410181758,0.0025399216931800217,0.002594673072598777,0.02122275930641519,0.9788985440990772
0.05,0.0011238512040398164,1.2382772888671139,0.002579838874108974,0.002539921773124229,0.002594673072598777,0.02122275930641519,0.978898574909975
0.05,0.0011238512040398164,1.2880767153287735,0.0025798347981146642,0.002539921859628075,0.002594673072598777,0.02122275930641519,0.9788986082489907
0.05,0.0011238512040398164,1.3398789103934006,0.002579830387665468,0.002539921953229977,0.002594673072598777,0.02122275930641519,0.9788986443236325
0.05,0.0011238512040398164,1.3937644188054228,0.0025798256153550725,0.0025399220545115715,0.002594673072598777,0.02122275930641519,0.9788986833580665
0.05,0.0011238512040398164,1.4498170245531061,0.0025798204515157857,0.00253992216410249,0.002594673072598777,0.02122275930641519,0.9788987255949554
0.05,0.0011238512040398164,1.5081238811402522,0.0025798148639990595,0.0025399222826850126,0.002594673072598777,0.02122275930641519,0.9788987712972537
0.05,0.0011238512040398164,1.568775647096994,0.002579808818011393,0.0025399224109975537,0.002594673072598777,0.02122275930641519,0.9788988207495498
0.05,0.0011238512040398164,1.6318666269403894,0.0025798022759993475,0.0025399225498371008,0.002594673072598777,0.02122275930641519,0.9788988742590068
0.05,0.0011238512040398164,1.697494917803984,0.0025797951972058356,0.0025399227000686316,0.002594673072598777,0.02122275930641519,0.9788989321589913
0.05,0.0011238512040398164,1.7657625619643322,0.002579787537584668,0.002539922862626928,0.002594673072598777,0.02122275930641519,0.9788989948097729
0.05,0.0011238512040398164,1.836775705501629,0.0025797792495682466,0.0025399230385215054,0.002594673072598777,0.02122275930641519,0.9788990626004244
0.05,0.0011238512040398164,1.910644763341151,0.0025797702815277207,0.002539923228848071,0.002594673072598777,0.02122275930641519,0.9788991359532362
0.05,0.0011238512040398164,1.9874845909321213,0.0025797605777261833,0.0025399234347895155,0.002594673072598777,0.02122275930641519,0.9788992153241005
0.05,0.0011238512040398164,2.0674146628309265,0.002579750077776916,0.0025399236576274116,0.002594673072598777,0.02122275930641519,0.9788993012069419
0.05,0.0011238512040398164,2.1505592584663673,0.002579738716357648,0.002539923898748078,0.002594673072598777,0.02122275930641519,0.9788993941360546
0.05,0.0011238512040398164,2.2370476553757688,0.0025797264227710834,0.0025399241596519065,0.002594673072598777,0.02122275930641519,0.9788994946896972
0.05,0.0011238512040398164,2.3270143302124175,0.002579713120546185,0.0025399244419618237,0.002594673072598777,0.02122275930641519,0.9788996034933535
0.05,0.0011238512040398164,2.420599167836842,0.0025796987269625284,0.0025399247474333854,0.002594673072598777,0.02122275930641519,0.9788997212236236
0.05,0.0011238512040398164,2.5179476788170687,0.002579683152548845,0.0025399250779654186,0.002594673072598777,0.02122275930641519,0.9788998486123249
0.05,0.0011238512040398164,2.6192112256760103,0.002579666300490814,0.0025399254356125896,0.002594673072598777,0.02122275930641519,0.9788999864513362
0.05,0.0011238512040398164,2.7245472582377794,0.0025796480656527605,0.0025399258226061687,0.002594673072598777,0.02122275930641519,0.9789001356006002
0.05,0.0011238512040398164,2.8341195584388617,0.0025796283350024347,0.0025399262413450118,0.002594673072598777,0.02122275930641519,0.978900296984648
0.05,0.0011238512040398164,2.948098494984772,0.002579606985567105,0.002539926694438939,0.002594673072598777,0.02122275930641519,0.9789004716093174
0.05,0.0011238512040398164,3.06666128824818,0.002579583884667718,0.0025399271847037666,0.002594673072598777,0.02122275930641519,0.9789006605598378
0.05,0.0011238512040398164,3.189992285820342,0.0025795588885387816,0.0025399277151905942,0.002594673072598777,0.02122275930641519,0.9789008650121186
0.05,0.0011238512040398164,3.3182832491443257,0.0025795318419318185,0.002539928289194224,0.002594673072598777,0.02122275930641519,0.9789010862359929
0.05,0.0011238512040398164,3.451733651675656,0.0025795025766197515,0.002539928910284898,0.002594673072598777,0.02122275930641519,0.97890132560745
0.05,0.0011238512040398164,3.590550989034012,0.002579470910396416,0.0025399295823295342,0.002594673072598777,0.02122275930641519,0.9789015846168193
0.05,0.0011238512040398164,3.7349511016282015,0.0025794366465117335,0.0025399303095037114,0.002594673072598777,0.02122275930641519,0.9789018648733899
0.05,0.0011238512040398164,3.885158510256036,0.0025793995721197665,0.002539931096324609,0.002594673072598777,0.02122275930641519,0.9789021681181054
0.05,0.0011238512040398164,4.041406765200936,0.002579359456382428,0.0025399319476912467,0.002594673072598777,0.02122275930641519,0.9789024962390724
0.05,0.0011238512040398164,4.203938809368043,0.002579316050039314,0.002539932868893619,0.002594673072598777,0.02122275930641519,0.9789028512750814
0.05,0.0011238512040398164,4.373007356024485,0.002579269083106286,0.002539933865661534,0.002594673072598777,0.02122275930641519,0.9789032354344291
0.05,0.0011238512040398164,4.548875281731075,0.0025792182642209375,0.002539934944178506,0.002594673072598777,0.02122275930641519,0.9789036511002729
0.05,0.0011238512040398164,4.731816035076458,0.00257916327682382,0.0025399361111628,0.002594673072598777,0.02122275930641519,0.9789041008618656
0.05,0.0011238512040398164,4.922114061849185,0.0025791037791363697,0.0025399373738678997,0.002594673072598777,0.02122275930641519,0.9789045875147365
0.05,0.0011238512040398164,5.0,0.0025790787518030597,0.002539937905016971,0.002594673072598777,0.02122275930641519,0.9789047922222494
0.05,0.0011238512040398164,5.120065247308795,0.0025790394019906027,0.0025399387401285694,0.002594673072598777,0.02122275930641519,0.9789051140784428
0.05,0.0011238512040398164,5.325977376243608,0.0025789697448670547,0.0025399402184449363,0.002594673072598777,0.02122275930641519,0.9789056838289761
0.05,0.0011238512040398164,5.540170611530483,0.002578894375021124,0.0025399418180010354,0.002594673072598777,0.02122275930641519,0.9789063003059095
0.05,0.0011238512040398164,5.7629779919407085,0.0025788128245516377,0.0025399435487270207,0.002594673072598777,0.02122275930641519,0.9789069673363743
0.05,0.0011238512040398164,5.994745949965992,0.0025787245869257273,0.002539945421372917,0.002594673072598777,0.02122275930641519,0.9789076890634836
0.05,0.0011238512040398164,6.2358348504696846,0.002578629113146716,0.0025399474475899493,0.002594673072598777,0.02122275930641519,0.978908469977678
0.05,0.0011238512040398164,6.4866195510008,0.002578525811075116,0.002539949639944951,0.002594673072598777,0.02122275930641519,0.9789093149222781
0.05,0.0011238512040398164,6.747489984642013,0.0025784140391866325,0.0025399520120528373,0.002594673072598777,0.02122275930641519,0.9789102291445404
0.05,0.0011238512040398164,7.0188517662978684,0.002578293103296328,0.0025399545786461285,0.002594673072598777,0.02122275930641519,0.978911218322452
0.05,0.0011238512040398164,7.301126823365925,0.002578162253233283,0.002539957355645522,0.002594673072598777,0.02122275930641519,0.9789122885919294
0.05,0.0011238512040398164,7.594754051771373,0.0025780206768090583,0.0025399603602878967,0.002594673072598777,0.02122275930641519,0.9789134465961521
0.05,0.0011238512040398164,7.900189998385242,0.002577867494666133,0.002539963611235646,0.002594673072598777,0.02122275930641519,0.9789146995277
0.05,0.0011238512040398164,8.217909570887183,0.0025777017585279973,0.002539967128613814,0.002594673072598777,0.02122275930641519,0.978916055142866
0.05,0.0011238512040398164,8.548406776176625,0.002577522438317595,0.002539970934283478,0.002594673072598777,0.02122275930641519,0.9789175218670189
0.05,0.0011238512040398164,8.892195488480342,0.0025773284234532528,0.002539975051814246,0.002594673072598777,0.02122275930641519,0.9789191087840032
0.05,0.0011238512040398164,9.24981024835082,0.002577118510277228,0.002539979506751056,0.002594673072598777,0.02122275930641519,0.9789208257389664
0.05,0.0011238512040398164,9.62180709379768,0.0025768914005884756,0.0025399843266453166,0.002594673072598777,0.02122275930641519,0.9789226833503595
0.05,0.0011238512040398164,10.0,0.0025766513576938295,0.0025399894210178927,0.002594673072598777,0.02122275930641519,0.9789246467470701
0.05,0.0011238512040398164,10.008764424844449,0.0025766456845092976,0.0025399895414185227,0.002594673072598777,0.02122275930641519,0.9789246931500761
0.05,0.0011238512040398164,10.411283902855006,0.0025763798435391254,0.0025399951832974464,0.002594673072598777,0.02122275930641519,0.9789268675584758
0.05,0.0011238512040398164,10.82999138602789,0.002576092229945249,0.0025400012872515225,0.002594673072598777,0.02122275930641519,0.9789292200529541
0.05,0.0011238512040398164,11.265537902513168,0.002575781064967932,0.002540007891030941,0.002594673072598777,0.02122275930641519,0.978931765182623
0.05,0.0011238512040398164,11.718600662664821,0.002575444423735918,0.0025400150354867802,0.002594673072598777,0.02122275930641519,0.9789345186916931
0.05,0.0011238512040398164,12.189884112002607,0.0025750802269384645,0.002540022764747753,0.002594673072598777,0.02122275930641519,0.9789374975875912
0.05,0.0011238512040398164,12.680121026520528,0.0025746862236057664,0.0025400311265856485,0.002594673072598777,0.02122275930641519,0.9789407202818041
0.05,0.0011238512040398164,13.190073652045038,0.0025742599802331565,0.0025400401726461516,0.002594673072598777,0.02122275930641519,0.9789442066788376
0.05,0.0011238512040398164,13.720534889414454,0.002573798867847616,0.002540049958723323,0.002594673072598777,0.02122275930641519,0.9789479782820021
0.05,0.0011238512040398164,14.27232952732237,0.00257330004730831,0.002540060545071566,0.002594673072598777,0.02122275930641519,0.9789520583136464
0.05,0.0011238512040398164,14.846315524742002,0.0025727604365623656,0.0025400719971005463,0.002594673072598777,0.02122275930641519,0.9789564719829835
0.05,0.0011238512040398164,15.443385344925332,0.0025721767203007164,0.0025400843851702704,0.002594673072598777,0.02122275930641519,0.9789612464071124
0.05,0.0011238512040398164,16.064467343051373,0.0025715453042813195,0.0025400977855604724,0.002594673072598777,0.02122275930641519,0.9789664109846244
0.05,0.0011238512040398164,16.710527209681032,0.0025708623117788676,0.00254011228054596,0.002594673072598777,0.02122275930641519,0.9789719974246428
0.05,0.0011238512040398164,17.382569472262958,0.0025701235462530607,0.002540127959188898,0.002594673072598777,0.02122275930641519,0.9789780400521723
0.05,0.0011238512040398164,18.081639057025043,0.0025693244796577367,0.0025401449175869203,0.002594673072598777,0.02122275930641519,0.9789845759037218
0.05,0.0011238512040398164,18.80882291367997,0.002568460216200624,0.002540163259642248,0.002594673072598777,0.02122275930641519,0.9789916450237283
0.05,0.0011238512040398164,19.565251705471134,0.002567525473916313,0.0025401830974527612,0.002594673072598777,0.02122275930641519,0.978999290615276
0.05,0.0011238512040398164,20.0,0.0025669717706336753,0.002540194848564256,0.002594673072598777,0.02122275930641519,0.9790038195525125
0.05,0.0011238512040398164,20.352101567186576,0.002566514533769071,0.0025402045523921796,0.002594673072598777,0.02122275930641519,0.9790075594564048
0.05,0.0011238512040398164,21.170595933874512,0.0025654212415236475,0.0025402277550703556,0.002594673072598777,0.02122275930641519,0.9790165018848059
0.05,0.0011238512040398164,22.02200744310364,0.0025642389313937667,0.0025402528469536676,0.002594673072598777,0.02122275930641519,0.9790261724223303
0.05,0.0011238512040398164,22.9076599137262,0.0025629604184430384,0.002540279980526291,0.002594673072598777,0.02122275930641519,0.979036629837143
0.05,0.0011238512040398164,23.82893040422031,0.0025615779503620475,0.0025403093203136226,0.002594673072598777,0.02122275930641519,0.979047937538156
0.05,0.0011238512040398164,24.787251353812007,0.0025600831542823338,0.0025403410440110346,0.002594673072598777,0.02122275930641519,0.9790601640100561
0.05,0.0011238512040398164,25.784112809706244,0.002558467006930993,0.002540375343117276,0.002594673072598777,0.02122275930641519,0.9790733830574203
0.05,0.0011238512040398164,26.82106474388963,0.0025567197643695696,0.0025404124244256068,0.002594673072598777,0.02122275930641519,0.979087674379407
0.05,0.0011238512040398164,27.89971946310744,0.0025548309327174568,0.0025404525106451302,0.002594673072598777,0.02122275930641519,0.9791031238092203
0.05,0.0011238512040398164,29.02175411576192,0.0025527891804813085,0.002540495842261401,0.002594673072598777,0.02122275930641519,0.9791198240311976
0.05,0.0011238512040398164,30.188913299629792,0.002550582344430135,0.002540542677411744,0.002594673072598777,0.02122275930641519,0.9791378745327569
0.05,0.0011238512040398164,31.40301177445345,0.0025481972646265194,0.002540593295386343,0.002594673072598777,0.02122275930641519,0.9791573829537342
0.05,0.0011238512040398164,32.66593728362376,0.002545619792098272,0.0025406479964654284,0.002594673072598777,0.02122275930641519,0.9791784650236348
0.05,0.0011238512040398164,33.97965348934155,0.002542834713629035,0.0025407071035154307,0.002594673072598777,0.02122275930641519,0.979201245176798
0.05,0.0011238512040398164,35.3462030258216,0.002539825661543896,0.002540770963903574,0.002594673072598777,0.02122275930641519,0.9792258572902923
0.05,0.0011238512040398164,36.76771067528654,0.002536574991428038,0.0025408399520930273,0.002594673072598777,0.02122275930641519,0.9792524456840987
0.05,0.0011238512040398164,38.24638667168852,0.002533063800005195,0.002540914469263473,0.002594673072598777,0.02122275930641519,0.9792811649748767
0.05,0.0011238512040398164,39.78453013729589,0.0025292717508915794,0.0025409949470090896,0.002594673072598777,0.02122275930641519,0.9793121815011846
0.05,0.0011238512040398164,40.0,0.002528729221178987,0.0025410064609865963,0.002594673072598777,0.02122275930641519,0.979316619045794
0.05,0.0011238512040398164,41.38453265748794,0.002525177020884506,0.0025410818484784543,0.002594673072598777,0.02122275930641519,0.9793456737628041
0.05,0.0011238512040398164,43.048881999316066,0.0025207561938662706,0.002541175670626198,0.002594673072598777,0.02122275930641519,0.9793818332885396
0.05,0.0011238512040398164,44.78016597961338,0.0025159841548505627,0.002541276946461629,0.002594673072598777,0.02122275930641519,0.9794208655028483
0.05,0.0011238512040398164,46.58107648866657,0.0025108340674396623,0.0025413862455271573,0.002594673072598777,0.02122275930641519,0.9794629899102285
0.05,0.0011238512040398164,48.454413675706945,0.0025052771234429254,0.0025415041792120796,0.002594673072598777,0.02122275930641519,0.9795084421431776
0.05,0.0011238512040398164,50.4030903027279,0.002499282599446559,0.0025416313995520108,0.002594673072598777,0.02122275930641519,0.9795574734994877
0.05,0.0011238512040398164,52.43013627339855,0.002492817679084079,0.002541768603000799,0.002594673072598777,0.02122275930641519,0.9796103523959611
0.05,0.0011238512040398164,54.538703344115525,0.0024858473385118668,0.0025419165328610465,0.002594673072598777,0.02122275930641519,0.9796673653051441
0.05,0.0011238512040398164,56.73207002451749,0.002478334235806118,0.002542075981631415,0.002594673072598777,0.02122275930641519,0.9797288176599908
0.05,0.0011238512040398164,59.0136466750821,0.0024702387046923596,0.0025422477911397003,0.002594673072598777,0.02122275930641519,0.9797950339051508
0.05,0.0011238512040398164,61.386980809732094,0.0024615185959147336,0.0025424328559094135,0.002594673072598777,0.02122275930641519,0.9798663587944664
0.05,0.0011238512040398164,63.85576261169375,0.0024521292715874925,0.0025426321232796603,0.002594673072598777,0.02122275930641519,0.9799431574371744
0.05,0.0011238512040398164,66.42383067118593,0.002442023330242946,0.0025428465992403805,0.002594673072598777,0.02122275930641519,0.9800258175468373
0.05,0.0011238512040398164,69.09517795385946,0.0024311509509618427,0.0025430773411289514,0.002594673072598777,0.02122275930641519,0.9801147466265767
0.05,0.0011238512040398164,71.87395800926735,0.0024194595027962913,0.002543325465919312,0.002594673072598777,0.02122275930641519,0.9802103751637443
0.05,0.0011238512040398164,74.76449142901991,0.002406893560381734,0.0025435921498906345,0.002594673072598777,0.02122275930641519,0.9803131565022253
0.05,0.0011238512040398164,77.77127256466456,0.002393395374501075,0.002543878618640653,0.002594673072598777,0.02122275930641519,0.9804235629935262
0.05,0.0011238512040398164,80.0,0.0023831156440717047,0.0025440967828852905,0.002594673072598777,0.02122275930641519,0.9805076445862869
0.05,0.0011238512040398164,80.89897651573759,0.0023789043201159887,0.002544186158799964,0.002594673072598777,0.02122275930641519,0.9805420905115241
0.05,0.0011238512040398164,84.15246639885166,0.0023633575249108643,0.0025445161046925885,0.002594673072598777,0.02122275930641519,0.9806692533113808
0.05,0.0011238512040398164,87.53680090912191,0.0023466896645653666,0.002544869842680854,0.002594673072598777,0.02122275930641519,0.9808055857040822
0.05,0.0011238512040398164,91.05724218568857,0.00232883343378127,0.0025452488011689046,0.002594673072598777,0.02122275930641519,0.9809516382037411
0.05,0.0011238512040398164,94.71926399356356,0.0023097198072745233,0.00254565444506373,0.002594673072598777,0.02122275930641519,0.9811079753928494
0.05,0.0011238512040398164,98.52856023452543,0.0022892784042685414,0.0025460882680396115,0.002594673072598777,0.02122275930641519,0.981275172940958
0.05,0.0011238512040398164,102.4910538002934,0.002267437915886153,0.0025465517834676855,0.002594673072598777,0.02122275930641519,0.9814538141088834
0.05,0.0011238512040398164,106.6129057817468,0.002244126811880228,0.0025470465094171698,0.002594673072598777,0.02122275930641519,0.9816444839681073
0.05,0.0011238512040398164,110.9005250485101,0.002219273859027094,0.0025475739576536257,0.002594673072598777,0.02122275930641519,0.9818477651606499
0.05,0.0011238512040398164,115.3605782137954,0.002192809376307693,0.0025481356070005483,0.002594673072598777,0.02122275930641519,0.9820642276324942
0.05,0.0011238512040398164,120.0,0.0021646657773253994,0.002548732891827766,0.002594673072598777,0.02122275930641519,0.9822944241969574
0.1,0.002247702408079633,0.5,0.009902618187416565,0.0025186113347662707,0.0027333926446502293,0.02168934576886798,0.9214231770527639
0.1,0.002247702408079633,0.5201083500882184,0.009902615592919006,0.0025186113910392253,0.0027333926446502293,0.02168934576886798,0.9214231976399835
0.1,0.002247702408079633,0.5410253916629775,0.009902612785534138,0.0025186114519295667,0.0027333926446502293,0.02168934576886798,0.9214232199164543
0.1,0.002247702408079633,0.5627836476273268,0.009902609747824434,0.0025186115178155027,0.0027333926446502293,0.02168934576886798,0.921423244020542
0.1,0.002247702408079633,0.5854169488481564,0.009902606460870818,0.002518611589107376,0.0027333926446502293,0.02168934576886798,0.9214232701023687
0.1,0.002247702408079633,0.6089604867581871,0.009902602904194315,0.0025186116662493626,0.0027333926446502293,0.02168934576886798,0.9214232983244343
0.1,0.002247702408079633,0.6334508680734382,0.00990259905568757,0.002518611749720956,0.0027333926446502293,0.02168934576886798,0.9214233288621594
0.1,0.002247702408079633,0.6589261717112513,0.009902594891435168,0.0025186118400408663,0.0027333926446502293,0.02168934576886798,0.921423361905312
0.1,0.002247702408079633,0.6854260079973701,0.009902590385507674,0.002518611937771486,0.0027333926446502293,0.02168934576886798,0.921423397659641
0.1,0.002247702408079633,0.7129915802541322,0.009902585509824655,0.0025186120435218605,0.0027333926446502293,0.02168934576886798,0.9214234363479629
0.1,0.002247702408079633,0.7416657488655366,0.009902580234139606,0.002518612157948018,0.0027333926446502293,0.02168934576886798,0.9214234782102828
0.1,0.002247702408079633,0.7714930979187944,0.009902574525583071,0.0025186122817628743,0.0027333926446502293,0.02168934576886798,0.9214235235074181
0.1,0.002247702408079633,0.8025200045259849,0.009902568348663949,0.002518612415736209,0.0027333926446502293,0.02168934576886798,0.9214235725209892
0.1,0.002247702408079633,0.8347947109335991,0.009902561664860891,0.0025186125607035243,0.0027333926446502293,0.02168934576886798,0.921423625556661
0.1,0.002247702408079633,0.868367399532091,0.009902554432684455,0.0025186127175647,0.0027333926446502293,0.02168934576886798,0.9214236829436507
0.1,0.002247702408079633,0.9032902708820651,0.009902546607071022,0.0025186128872971354,0.0027333926446502293,0.02168934576886798,0.9214237450395358
0.1,0.002247702408079633,0.9396176248784216,0.009902538139430948,0.002518613070954709,0.0027333926446502293,0.02168934576886798,0.921423812229873
0.1,0.002247702408079633,0.9774059451786528,0.009902528977030228,0.002518613269681186,0.0027333926446502293,0.02168934576886798,0.9214238849331041
0.1,0.002247702408079633,1.0167139870265693,0.009902519062824073,0.0025186134847138314,0.0027333926446502293,0.02168934576886798,0.9214239636018771
0.1,0.002247702408079633,1.0576028686080066,0.009902508335151777,0.0025186137173900253,0.0027333926446502293,0.02168934576886798,0.9214240487254667
0.1,0.002247702408079633,1.1001361660805542,0.00990249672735375,0.0025186139691555703,0.0027333926446502293,0.02168934576886798,0.9214241408328138
0.1,0.002247702408079633,1.1443800124250707,0.009902484167049037,0.0025186142415803622,0.0027333926446502293,0.02168934576886798,0.921424240498258
0.1,0.002247702408079633,1.1904032002726768,0.009902470576249616,0.00251861453635591,0.0027333926446502293,0.02168934576886798,0.9214243483406305
0.1,0.002247702408079633,1.2382772888671139,0.009902455870343564,0.0025186148553173913,0.0027333926446502293,0.02168934576886798,0.9214244650313232
0.1,0.002247702408079633,1.2880767153287735,0.009902439957733213,0.0025186152004514992,0.0027333926446502293,0.02168934576886798,0.9214245912971594
0.1,0.002247702408079633,1.3398789103934006,0.009902422739660124,0.00251861557390024,0.0027333926446502293,0.02168934576886798,0.9214247279217828
0.1,0.002247702408079633,1.3937644188054228,0.009902404108745258,0.0025186159779925946,0.0027333926446502293,0.02168934576886798,0.9214248757572412
0.1,0.002247702408079633,1.4498170245531061,0.0099023839493601,0.0025186164152364698,0.0027333926446502293,0.02168934576886798,0.9214250357210415
0.1,0.002247702408079633,1.5081238811402522,0.009902362135842429,0.0025186168883573968,0.0027333926446502293,0.02168934576886798,0.9214252088103076
0.1,0.002247702408079633,1.568775647096994,0.009902338532667414,0.002518617400294821,0.0027333926446502293,0.02168934576886798,0.9214253961004233
0.1,0.002247702408079633,1.6318666269403894,0.009902312992854509,0.002518617954236654,0.0027333926446502293,0.02168934576886798,0.9214255987576719
0.1,0.002247702408079633,1.697494917803984,0.009902285357422203,0.002518618553631101,0.0027333926446502293,0.02168934576886798,0.9214258180435649
0.1,0.002247702408079633,1.7657625619643322,0.00990225545472605,0.002518619202201017,0.0027333926446502293,0.02168934576886798,0.9214260553200928
0.1,0.002247702408079633,1.836775705501629,0.009902223098610287,0.0025186199039839994,0.0027333926446502293,0.02168934576886798,0.9214263120643933
0.1,0.002247702408079633,1.910644763341151,0.00990218808790545,0.0025186206633432823,0.0027333926446502293,0.02168934576886798,0.9214265898727368
0.1,0.002247702408079633,1.9874845909321213,0.009902150204646715,0.00251862148500638,0.0027333926446502293,0.02168934576886798,0.9214268904746644
0.1,0.002247702408079633,2.0674146628309265,0.009902109213096776,0.00251862237408628,0.0027333926446502293,0.02168934576886798,0.9214272157407405
0.1,0.002247702408079633,2.1505592584663673,0.009902064858557774,0.002518623336107213,0.0027333926446502293,0.02168934576886798,0.9214275676919813
0.1,0.002247702408079633,2.2370476553757688,0.009902016865012723,0.0025186243770558064,0.0027333926446502293,0.02168934576886798,0.9214279485185689
0.1,0.002247702408079633,2.3270143302124175,0.00990196493405626,0.002518625503404277,0.0027333926446502293,0.02168934576886798,0.9214283605883361
0.1,0.002247702408079633,2.420599167836842,0.009901908742248198,0.0025186267221678315,0.0027333926446502293,0.02168934576886798,0.9214288064677661
0.1,0.002247702408079633,2.5179476788170687,0.009901847940263024,0.0025186280409231114,0.0027333926446502293,0.02168934576886798,0.921429288928741
0.1,0.002247702408079633,2.6192112256760103,0.009901782150352988,0.0025186294678632183,0.0027333926446502293,0.02168934576886798,0.9214298109686717
0.1,0.002247702408079633,2.7245472582377794,0.009901710962654459,0.0025186310118778263,0.0027333926446502293,0.02168934576886798,0.9214303758398076
0.1,0.002247702408079633,2.8341195584388617,0.009901633934546065,0.002518632682567103,0.0027333926446502293,0.02168934576886798,0.9214309870543288
0.1,0.002247702408079633,2.948098494984772,0.009901550587471539,0.002518634490310621,0.0027333926446502293,0.02168934576886798,0.9214316484095577
0.1,0.002247702408079633,3.06666128824818,0.009901460402787526,0.0025186364463574158,0.0027333926446502293,0.02168934576886798,0.9214323640209056
0.1,0.002247702408079633,3.189992285820342,0.00990136281961515,0.002518638562872583,0.0027333926446502293,0.02168934576886798,0.9214331383389206
0.1,0.002247702408079633,3.3182832491443257,0.009901257230377346,0.002518640853034071,0.0027333926446502293,0.02168934576886798,0.921433976184699
0.1,0.002247702408079633,3.451733651675656,0.009901142979571849,0.0025186433310592955,0.0027333926446502293,0.02168934576886798,0.9214348827596214
0.1,0.002247702408079633,3.590550989034012,0.00990101935697695,0.0025186460123525012,0.0027333926446502293,0.02168934576886798,0.9214358636992647
0.1,0.002247702408079633,3.7349511016282015,0.009900885592107273,0.0025186489136250116,0.0027333926446502293,0.02168934576886798,0.9214369251173951
0.1,0.002247702408079633,3.885158510256036,0.009900740855426388,0.0025186520528689285,0.0027333926446502293,0.02168934576886798,0.9214380735963459
0.1,0.002247702408079633,4.041406765200936,0.009900584245313511,0.002518655449639818,0.0027333926446502293,0.02168934576886798,0.9214393162904374
0.1,0.002247702408079633,4.203938809368043,0.009900414789214051,0.002518659125031752,0.0027333926446502293,0.02168934576886798,0.9214406609168456
0.1,0.002247702408079633,4.373007356024485,0.00990023143398306,0.002518663101886755,0.0027333926446502293,0.02168934576886798,0.9214421158322275
0.1,0.002247702408079633,4.548875281731075,0.00990003303849712,0.0025186674049550487,0.0027333926446502293,0.02168934576886798,0.9214436900913453
0.1,0.002247702408079633,4.731816035076458,0.009899818369848254,0.0025186720609775997,0.0027333926446502293,0.02168934576886798,0.9214453934772676
0.1,0.002247702408079633,4.922114061849185,0.009899586095188345,0.0025186770988630115,0.0027333926446502293,0.02168934576886798,0.9214472365660832
0.1,0.002247702408079633,5.0,0.009899488390512837,0.002518679218013502,0.0027333926446502293,0.02168934576886798,0.92144801184822
0.1,0.002247702408079633,5.120065247308795,0.009899334769779335,0.0025186825499467084,0.0027333926446502293,0.02168934576886798,0.9214492308217227
0.1,0.002247702408079633,5.325977376243608,0.009899062832190435,0.0025186884480951017,0.0027333926446502293,0.02168934576886798,0.9214513886340681
0.1,0.002247702408079633,5.540170611530483,0.009898768594228275,0.002518694829924001,0.0027333926446502293,0.02168934576886798,0.9214537233988565
0.1,0.002247702408079633,5.7629779919407085,0.009898450224206282,0.0025187017351614906,0.0027333926446502293,0.02168934576886798,0.9214562496504373
0.1,0.002247702408079633,5.994745949965992,0.00989810574813478,0.0025187092066221144,0.0027333926446502293,0.02168934576886798,0.9214589830523283
0.1,0.002247702408079633,6.2358348504696846,0.00989773302602679,0.0025187172907207905,0.0027333926446502293,0.02168934576886798,0.9214619405852286
0.1,0.002247702408079633,6.4866195510008,0.009897329740521058,0.0025187260377195677,0.0027333926446502293,0.02168934576886798,0.9214651406372937
0.1,0.002247702408079633,6.747489984642013,0.00989689338979331,0.0025187355018813783,0.0027333926446502293,0.02168934576886798,0.921468603060385
0.1,0.002247702408079633,7.0188517662978684,0.009896421265543898,0.00251874574194747,0.0027333926446502293,0.02168934576886798,0.9214723493447367
0.1,0.002247702408079633,7.301126823365925,0.00989591043186449,0.002518756821595773,0.0027333926446502293,0.02168934576886798,0.9214764027866469
0.1,0.002247702408079633,7.594754051771373,0.009895357728768093,0.002518768809364338,0.0027333926446502293,0.02168934576886798,0.9214807884604683
0.1,0.002247702408079633,7.900189998385242,0.009894759718512091,0.0025187817798155536,0.0027333926446502293,0.02168934576886798,0.9214855336445315
0.1,0.002247702408079633,8.217909570887183,0.009894112693317404,0.0025187958133687225,0.0027333926446502293,0.02168934576886798,0.921490667759894
0.1,0.002247702408079633,8.548406776176625,0.009893412640161742,0.0025188109970636723,0.0027333926446502293,0.02168934576886798,0.9214962226497045
0.1,0.002247702408079633,8.892195488480342,0.009892655220611633,0.0025188274249981868,0.0027333926446502293,0.02168934576886798,0.9215022327392343
0.1,0.002247702408079633,9.24981024835082,0.009891835740599372,0.0025188451989835233,0.0027333926446502293,0.02168934576886798,0.9215087352756962
0.1,0.002247702408079633,9.62180709379768,0.009890949121034744,0.002518864429181826,0.0027333926446502293,0.02168934576886798,0.9215157705614391
0.1,0.002247702408079633,10.0,0.00989001201263479,0.0025188847544499356,0.0027333926446502293,0.02168934576886798,0.9215232064737839
0.1,0.002247702408079633,10.008764424844449,0.009889989868832815,0.0025188852347345133,0.0027333926446502293,0.02168934576886798,0.921523382183841
0.1,0.002247702408079633,10.411283902855006,0.0098889520479203,0.0025189077443911307,0.0027333926446502293,0.02168934576886798,0.9215316172453721
0.1,0.002247702408079633,10.82999138602789,0.009887829228607403,0.002518932097607444,0.0027333926446502293,0.02168934576886798,0.9215405267653275
0.1,0.002247702408079633,11.265537902513168,0.009886614470191374,0.0025189584449227553,0.0027333926446502293,0.02168934576886798,0.9215501658178664
0.1,0.002247702408079633,11.718600662664821,0.009885300260075357,0.0025189869492803743,0.0027333926446502293,0.02168934576886798,0.9215605940151014
0.1,0.002247702408079633,12.189884112002607,0.00988387847300987,0.0025190177869116475,0.0027333926446502293,0.02168934576886798,0.9215718758305163
0.1,0.002247702408079633,12.680121026520528,0.009882340320345719,0.0025190511484366254,0.0027333926446502293,0.02168934576886798,0.9215840810016406
0.1,0.002247702408079633,13.190073652045038,0.009880676324844224,0.0025190872394104153,0.0027333926446502293,0.02168934576886798,0.9215972847299305
0.1,0.002247702408079633,13.720534889414454,0.00987887620864495,0.0025191262827530853,0.0027333926446502293,0.02168934576886798,0.9216115685697391
0.1,0.002247702408079633,14.27232952732237,0.009876928855148622,0.0025191685195764014,0.0027333926446502293,0.02168934576886798,0.9216270207307737
0.1,0.002247702408079633,14.846315524742002,0.009874822301921849,0.0025192142093377174,0.0027333926446502293,0.02168934576886798,0.921643736134397
0.1,0.002247702408079633,15.443385344925332,0.00987254355034931,0.0025192636339684956,0.0027333926446502293,0.02168934576886798,0.9216618179240275
0.1,0.002247702408079633,16.064467343051373,0.009870078604152828,0.0025193170970388527,0.0027333926446502293,0.02168934576886798,0.9216813771594933
0.1,0.002247702408079633,16.710527209681032,0.009867412310905833,0.0025193749271950083,0.0027333926446502293,0.02168934576886798,0.921702534074607
0.1,0.002247702408079633,17.382569472262958,0.009864528296101769,0.002519437479589296,0.0027333926446502293,0.02168934576886798,0.9217254186003301
0.1,0.002247702408079633,18.081639057025043,0.009861408883540562,0.002519505137606932,0.0027333926446502293,0.02168934576886798,0.9217501709965028
0.1,0.002247702408079633,18.80882291367997,0.009858034965645924,0.002519578315678744,0.0027333926446502293,0.02168934576886798,0.9217769428808699
0.1,0.002247702408079633,19.565251705471134,0.009854385921008735,0.0025196574610696063,0.0027333926446502293,0.02168934576886798,0.9218058978833709
0.1,0.002247702408079633,20.0,0.009852224395955704,0.0025197043431338696,0.0027333926446502293,0.02168934576886798,0.9218230494859242
0.1,0.002247702408079633,20.352101567186576,0.00985043944937783,0.002519743057457376,0.0027333926446502293,0.02168934576886798,0.92183721295548
0.1,0.002247702408079633,21.170595933874512,0.009846171485332995,0.0025198356268052737,0.0027333926446502293,0.02168934576886798,0.9218710790552073
0.1,0.002247702408079633,22.02200744310364,0.009841556036999946,0.0025199357328600474,0.0027333926446502293,0.02168934576886798,0.9219077024268878
0.1,0.002247702408079633,22.9076599137262,0.009836565073541565,0.002520043983592216,0.0027333926446502293,0.02168934576886798,0.9219473054939336
0.1,0.002247702408079633,23.82893040422031,0.009831168289012742,0.0025201610363179017,0.0027333926446502293,0.02168934576886798,0.9219901287326348
0.1,0.002247702408079633,24.787251353812007,0.009825333094872643,0.002520287597861235,0.0027333926446502293,0.02168934576886798,0.9220364307315739
0.1,0.002247702408079633,25.784112809706244,0.009819024156939513,0.0025204244345975006,0.0027333926446502293,0.02168934576886798,0.9220864918658693
0.1,0.002247702408079633,26.82106474388963,0.009812203563140977,0.002520572368814746,0.0027333926446502293,0.02168934576886798,0.9221406129660833
0.1,0.002247702408079633,27.89971946310744,0.009804830257606534,0.0025207322909879424,0.0027333926446502293,0.02168934576886798,0.922199119808673
0.1,0.002247702408079633,29.02175411576192,0.009796860137390668,0.0025209051576811237,0.0027333926446502293,0.02168934576886798,0.922262362348496
0.1,0.002247702408079633,30.188913299629792,0.009788245573894816,0.002521092001927433,0.0027333926446502293,0.02168934576886798,0.9223307185163064
0.1,0.002247702408079633,31.40301177445345,0.009778935287257116,0.0025212939359535256,0.0027333926446502293,0.02168934576886798,0.9224045952154656
0.1,0.002247702408079633,32.66593728362376,0.009768874131826519,0.002521512155832494,0.0027333926446502293,0.02168934576886798,0.9224844300241951
0.1,0.002247702408079633,33.97965348934155,0.009758002742784195,0.002521747949148421,0.0027333926446502293,0.02168934576886798,0.9225706939996208
0.1,0.002247702408079633,35.3462030258216,0.009746257070015295,0.0025220027051063936,0.0027333926446502293,0.02168934576886798,0.922663895376478
0.1,0.002247702408079633,36.76771067528654,0.009733568557262064,0.002522277910646791,0.0027333926446502293,0.02168934576886798,0.92276457814554
0.1,0.002247702408079633,38.24638667168852,0.009719863219977103,0.0025225751704460436,0.0027333926446502293,0.02168934576886798,0.9228733293708111
0.1,0.002247702408079633,39.78453013729589,0.009705061777169958,0.002522896204056966,0.0027333926446502293,0.02168934576886798,0.9229907781433285
0.1,0.002247702408079633,40.0,0.009702944184447688,0.0025229421332577167,0.0027333926446502293,0.02168934576886798,0.9230075811448442
0.1,0.002247702408079633,41.38453265748794,0.009689079149559117,0.002523242856793512,0.0027333926446502293,0.02168934576886798,0.9231175995633045
0.1,0.002247702408079633,43.048881999316066,0.009671823891390312,0.0025236171120542666,0.0027333926446502293,0.02168934576886798,0.9232545192486219
0.1,0.002247702408079633,44.78016597961338,0.009653198246312219,0.0025240210901105336,0.0027333926446502293,0.02168934576886798,0.9234023128914627
0.1,0.002247702408079633,46.58107648866657,0.009633097281553945,0.0025244570668854637,0.0027333926446502293,0.02168934576886798,0.9235618131285703
0.1,0.002247702408079633,48.454413675706945,0.009611408782969897,0.0025249274762304606,0.0027333926446502293,0.02168934576886798,0.9237339103740639
0.1,0.002247702408079633,50.4030903027279,0.009588013067612412,0.002525434913990359,0.0027333926446502293,0.02168934576886798,0.9239195543066661
0.1,0.002247702408079633,52.43013627339855,0.00956278197905012,0.002525982159794312,0.0027333926446502293,0.02168934576886798,0.9241197618418051
0.1,0.002247702408079633,54.538703344115525,0.0095355788304924,0.002526572178289382,0.0027333926446502293,0.02168934576886798,0.9243356175829205
0.1,0.002247702408079633,56.73207002451749,0.009506258442328535,0.0025272081183263452,0.0027333926446502293,0.02168934576886798,0.924568273523591
0.1,0.002247702408079633,59.0136466750821,0.009474666053952752,0.002527893336561492,0.0027333926446502293,0.02168934576886798,0.9248189576821542
0.1,0.002247702408079633,61.386980809732094,0.009440637400962073,0.002528631395782256,0.0027333926446502293,0.02168934576886798,0.9250889734891435
0.1,0.002247702408079633,63.85576261169375,0.009403998282319657,0.0025294260742951577,0.0027333926446502293,0.02168934576886798,0.9253797032218284
0.1,0.002247702408079633,66.42383067118593,0.009364564521897087,0.0025302813667599294,0.0027333926446502293,0.02168934576886798,0.9256926083093743
0.1,0.002247702408079633,69.09517795385946,0.00932214153030863,0.0025312014936930416,0.0027333926446502293,0.02168934576886798,0.9260292328096681
0.1,0.002247702408079633,71.87395800926735,0.009276524500249196,0.0025321908972309494,0.0027333926446502293,0.02168934576886798,0.9263912018593193
0.1,0.002247702408079633,74.76449142901991,0.009227498197436556,0.002533254245664422,0.0027333926446502293,0.02168934576886798,0.9267802233325254
0.1,0.002247702408079633,77.77127256466456,0.009174837083205647,0.00253439643077955,0.0027333926446502293,0.02168934576886798,0.9271980868682906
0.1,0.002247702408079633,80.0,0.009134734410679267,0.0025352662315102303,0.0027333926446502293,0.02168934576886798,0.9275162997428231
0.1,0.002247702408079633,80.89897651573759,0.009118305837154676,0.0025356225565218945,0.0027333926446502293,0.02168934576886798,0.9276466597232532
0.1,0.002247702408079633,84.15246639885166,0.00905765966022216,0.0025369379324229435,0.0027333926446502293,0.02168934576886798,0.9281278843667831
0.1,0.002247702408079633,87.53680090912191,0.008992644359425999,0.0025383480717621784,0.0027333926446502293,0.02168934576886798,0.9286437778085814
0.1,0.002247702408079633,91.05724218568857,0.008922998669222967,0.0025398586412183036,0.0027333926446502293,0.02168934576886798,0.9291964131787986
0.1,0.002247702408079633,94.71926399356356,0.008848454548485303,0.002541475454428019,0.0027333926446502293,0.02168934576886798,0.9297879173715388
0.1,0.002247702408079633,98.52856023452543,0.008768738539096908,0.0025432044425189584,0.0027333926446502293,0.02168934576886798,0.9304204602644609
0.1,0.002247702408079633,102.4910538002934,0.008683574041032264,0.0025450516047647144,0.0027333926446502293,0.02168934576886798,0.9310962366661321
0.1,0.002247702408079633,106.6129057817468,0.008592683762335908,0.0025470229554463886,0.0027333926446502293,0.02168934576886798,0.9318174468755516
0.1,0.002247702408079633,110.9005250485101,0.00849579270120247,0.002549124459173224,0.0027333926446502293,0.02168934576886798,0.9325862730194825
0.1,0.002247702408079633,115.3605782137954,0.00839263051171888,0.002551361979571207,0.0027333926446502293,0.02168934576886798,0.9334048602803952
0.1,0.002247702408079633,120.0,0.00828293657957823,0.0025537411691941526,0.0027333926446502293,0.02168934576886798,0.9342752766209096
0.2,0.004495404816159266,0.5,0.03407659385634539,0.0024348551732539707,0.003233501653897562,0.02343680486407756,0.7530087916667901
0.2,0.004495404816159266,0.5201083500882184,0.03407658434883991,0.0024348553960795217,0.003233501653897562,0.02343680486407756,0.7530088605783216
0.2,0.004495404816159266,0.5410253916629775,0.03407657406114723,0.0024348556371901675,0.003233501653897562,0.02343680486407756,0.7530089351447427
0.2,0.004495404816159266,0.5627836476273268,0.0340765629293529,0.002434855898083859,0.003233501653897562,0.02343680486407756,0.753009015829313
0.2,0.004495404816159266,0.5854169488481564,0.034076550884304904,0.0024348561803812984,0.003233501653897562,0.02343680486407756,0.7530091031332545
0.2,0.004495404816159266,0.6089604867581871,0.034076537850885394,0.002434856485843008,0.003233501653897562,0.02343680486407756,0.7530091976010305
0.2,0.004495404816159266,0.6334508680734382,0.034076523747962745,0.0024348568163704543,0.003233501653897562,0.02343680486407756,0.7530092998206924
0.2,0.004495404816159266,0.6589261717112513,0.03407650848817535,0.0024348571740111136,0.003233501653897562,0.02343680486407756,0.7530094104254478
0.2,0.004495404816159266,0.6854260079973701,0.034076491976113545,0.0024348575610010845,0.003233501653897562,0.02343680486407756,0.7530095301068372
0.2,0.004495404816159266,0.7129915802541322,0.03407647410931567,0.0024348579797417395,0.003233501653897562,0.02343680486407756,0.7530096596075149
0.2,0.004495404816159266,0.7416657488655366,0.03407645477638773,0.0024348584328437992,0.003233501653897562,0.02343680486407756,0.7530097997348777
0.2,0.004495404816159266,0.7714930979187944,0.034076433857223254,0.002434858923122175,0.003233501653897562,0.02343680486407756,0.7530099513594718
0.2,0.004495404816159266,0.8025200045259849,0.03407641122185498,0.002434859453622884,0.003233501653897562,0.02343680486407756,0.7530101154233153
0.2,0.004495404816159266,0.8347947109335991,0.03407638672915319,0.0024348600276535566,0.003233501653897562,0.02343680486407756,0.7530102929493332
0.2,0.004495404816159266,0.868367399532091,0.03407636022671645,0.002434860648785995,0.003233501653897562,0.02343680486407756,0.7530104850421493
0.2,0.004495404816159266,0.9032902708820651,0.03407633154989246,0.0024348613208791227,0.003233501653897562,0.02343680486407756,0.7530106928951827
0.2,0.004495404816159266,0.9396176248784216,0.03407630052002445,0.002434862048120084,0.003233501653897562,0.02343680486407756,0.7530109178033595
0.2,0.004495404816159266,0.9774059451786528,0.03407626694426676,0.0024348628350285657,0.003233501653897562,0.02343680486407756,0.7530111611644478
0.2,0.004495404816159266,1.0167139870265693,0.03407623061380453,0.0024348636864985193,0.003233501653897562,0.02343680486407756,0.7530114244919622
0.2,0.004495404816159266,1.0576028686080066,0.03407619130225019,0.0024348646078357476,0.003233501653897562,0.02343680486407756,0.7530117094267874
0.2,0.004495404816159266,1.1001361660805542,0.03407614876523441,0.0024348656047674857,0.003233501653897562,0.02343680486407756,0.7530120177401408
0.2,0.004495404816159266,1.1443800124250707,0.034076102737952724,0.002434866683499905,0.003233501653897562,0.02343680486407756,0.753012351351357
0.2,0.004495404816159266,1.1904032002726768,0.034076052934401864,0.002434867850736008,0.003233501653897562,0.02343680486407756,0.7530127123334216
0.2,0.004495404816159266,1.2382772888671139,0.03407599904460439,0.002434869113740676,0.003233501653897562,0.02343680486407756,0.7530131029330882
0.2,0.004495404816159266,1.2880767153287735,0.03407594073291364,0.002434870480380393,0.003233501653897562,0.02343680486407756,0.7530135255831634
0.2,0.004495404816159266,1.3398789103934006,0.034075877636984574,0.0024348719591473704,0.003233501653897562,0.02343680486407756,0.7530139829099675
0.2,0.004495404816159266,1.3937644188054228,0.03407580936436504,0.002434873559239432,0.003233501653897562,0.02343680486407756,0.7530144777580402
0.2,0.004495404816159266,1.4498170245531061,0.03407573548964863,0.002434875290626745,0.003233501653897562,0.02343680486407756,0.7530150132107779
0.2,0.004495404816159266,1.5081238811402522,0.03407565555401709,0.002434877164062543,0.003233501653897562,0.02343680486407756,0.7530155925937498
0.2,0.004495404816159266,1.568775647096994,0.0340755690602618,0.0024348791911998073,0.003233501653897562,0.02343680486407756,0.7530162195107832
0.2,0.004495404816159266,1.6318666269403894,0.034075475469236394,0.0024348813846744068,0.003233501653897562,0.02343680486407756,0.7530168978696753
0.2,0.004495404816159266,1.697494917803984,0.0340753741999013,0.0024348837581040523,0.003233501653897562,0.02343680486407756,0.75301763188187
0.2,0.004495404816159266,1.7657625619643322,0.03407526462131922,0.0024348863262758976,0.003233501653897562,0.02343680486407756,0.7530184261204758
0.2,0.004495404816159266,1.836775705501629,0.034075146052591244,0.0024348891051480383,0.003233501653897562,0.02343680486407756,0.7530192855207292
0.2,0.004495404816159266,1.910644763341151,0.034075017754839405,0.0024348921120374125,0.003233501653897562,0.02343680486407756,0.7530202154381054
0.2,0.004495404816159266,1.9874845909321213,0.034074878931747106,0.0024348953656071377,0.003233501653897562,0.02343680486407756,0.7530212216444023
0.2,0.004495404816159266,2.0674146628309265,0.03407472871945953,0.0024348988861032095,0.003233501653897562,0.02343680486407756,0.753022310400942
0.2,0.004495404816159266,2.1505592584663673,0.034074566182414286,0.0024349026954522224,0.003233501653897562,0.02343680486407756,0.7530234884887925
0.2,0.004495404816159266,2.2370476553757688,0.034074390309447436,0.002434906817352627,0.003233501653897562,0.02343680486407756,0.75302476323699
0.2,0.004495404816159266,2.3270143302124175,0.034074200008019834,0.002434911277410051,0.003233501653897562,0.02343680486407756,0.7530261425643884
0.2,0.004495404816159266,2.420599167836842,0.03407399409330678,0.0024349161033929995,0.003233501653897562,0.02343680486407756,0.7530276350587382
0.2,0.004495404816159266,2.5179476788170687,0.03407377128558489,0.0024349213252941,0.003233501653897562,0.02343680486407756,0.7530292499956267
0.2,0.004495404816159266,2.6192112256760103,0.03407353019831319,0.0024349269756094418,0.003233501653897562,0.02343680486407756,0.7530309974248681
0.2,0.004495404816159266,2.7245472582377794,0.034073269331689,0.0024349330894896087,0.003233501653897562,0.02343680486407756,0.7530328882172107
0.2,0.004495404816159266,2.8341195584388617,0.034072987062905,0.0024349397049680185,0.003233501653897562,0.02343680486407756,0.7530349341349549
0.2,0.004495404816159266,2.948098494984772,0.0340726816385414,0.002434946863139229,0.003233501653897562,0.02343680486407756,0.7530371478870963
0.2,0.004495404816159266,3.06666128824818,0.03407235115581454,0.002434954608598409,0.003233501653897562,0.02343680486407756,0.7530395432652371
0.2,0.004495404816159266,3.189992285820342,0.034071993563827035,0.002434962989412041,0.003233501653897562,0.02343680486407756,0.753042135134526
0.2,0.004495404816159266,3.3182832491443257,0.03407160663443301,0.002434972057800745,0.003233501653897562,0.02343680486407756,0.7530449396448292
0.2,0.004495404816159266,3.451733651675656,0.03407118796257142,0.0024349818701314674,0.003233501653897562,0.02343680486407756,0.7530479742283157
0.2,0.004495404816159266,3.590550989034012,0.034070734949166424,0.002434992487318241,0.003233501653897562,0.02343680486407756,0.7530512577233962
0.2,0.004495404816159266,3.7349511016282015,0.03407024476958118,0.002435003975561529,0.003233501653897562,0.02343680486407756,0.7530548106033752
0.2,0.004495404816159266,3.885158510256036,0.03406971438482658,0.0024350164060855254,0.003233501653897562,0.02343680486407756,0.7530586548952071
0.2,0.004495404816159266,4.041406765200936,0.034069140492099144,0.002435029856297391,0.003233501653897562,0.02343680486407756,0.7530628145380046
0.2,0.004495404816159266,4.203938809368043,0.03406851952509394,0.002435044409779919,0.003233501653897562,0.02343680486407756,0.7530673153807708
0.2,0.004495404816159266,4.373007356024485,0.03406784761973984,0.00243506015709459,0.003233501653897562,0.02343680486407756,0.7530721854307526
0.2,0.004495404816159266,4.548875281731075,0.034067120605829476,0.002435077195977741,0.003233501653897562,0.02343680486407756,0.7530774549141098
0.2,0.004495404816159266,4.731816035076458,0.034066333960978815,0.002435095632419603,0.003233501653897562,0.02343680486407756,0.75308315660962
0.2,0.004495404816159266,4.922114061849185,0.03406548279732064,0.002435115580976167,0.003233501653897562,0.02343680486407756,0.7530893259451267
0.2,0.004495404816159266,5.0,0.03406512475838638,0.0024351239722648034,0.003233501653897562,0.02343680486407756,0.7530919210539387
0.2,0.004495404816159266,5.120065247308795,0.034064561822694975,0.0024351371656787537,0.003233501653897562,0.02343680486407756,0.753096001278835
0.2,0.004495404816159266,5.325977376243608,0.034063565321485745,0.0024351605204831414,0.003233501653897562,0.02343680486407756,0.753103224038211
0.2,0.004495404816159266,5.540170611530483,0.03406248709436666,0.0024351857906817305,0.003233501653897562,0.02343680486407756,0.7531110391567091
0.2,0.004495404816159266,5.7629779919407085,0.034061320445802595,0.0024352131331964715,0.003233501653897562,0.02343680486407756,0.753119495164365
0.2,0.004495404816159266,5.994745949965992,0.034060058134998024,0.002435242717728476,0.003233501653897562,0.02343680486407756,0.7531286445433266
0.2,0.004495404816159266,6.2358348504696846,0.03405869230740411,0.0024352747283632723,0.003233501653897562,0.02343680486407756,0.7531385442242988
0.2,0.004495404816159266,6.4866195510008,0.034057214491351025,0.0024353093636497337,0.003233501653897562,0.02343680486407756,0.7531492556109528
0.2,0.004495404816159266,6.747489984642013,0.03405561551256194,0.002435346838603595,0.003233501653897562,0.02343680486407756,0.753160845199539
0.2,0.004495404816159266,7.0188517662978684,0.03405388544832865,0.002435387385781433,0.003233501653897562,0.02343680486407756,0.7531733849110277
0.2,0.004495404816159266,7.301126823365925,0.03405201355480485,0.0024354312569846766,0.003233501653897562,0.02343680486407756,0.7531869526180955
0.2,0.004495404816159266,7.594754051771373,0.034049988208857955,0.0024354787246224164,0.003233501653897562,0.02343680486407756,0.7532016325665911
0.2,0.004495404816159266,7.900189998385242,0.034047796851545964,0.002435530083036125,0.003233501653897562,0.02343680486407756,0.7532175157852209
0.2,0.004495404816159266,8.217909570887183,0.034045425889370526,0.002435585650813971,0.003233501653897562,0.02343680486407756,0.753234700801279
0.2,0.004495404816159266,8.548406776176625,0.03404286063684253,0.0024356457721368967,0.003233501653897562,0.02343680486407756,0.7532532940569383
0.2,0.004495404816159266,8.892195488480342,0.034040085152001624,0.0024357108206335162,0.003233501653897562,0.02343680486407756,0.7532734111014251
0.2,0.004495404816159266,9.24981024835082,0.034037082287506036,0.0024357811981827325,0.003233501653897562,0.02343680486407756,0.7532951762207135
0.2,0.004495404816159266,9.62180709379768,0.03403383339747156,0.0024358573417844953,0.003233501653897562,0.02343680486407756,0.7533187245623916
0.2,0.004495404816159266,10.0,0.034030399513484154,0.002435937821053434,0.003233501653897562,0.02343680486407756,0.75334361376226
0.2,0.004495404816159266,10.008764424844449,0.03403031837027085,0.0024359397227910902,0.003233501653897562,0.02343680486407756,0.7533442018979284
0.2,0.004495404816159266,10.411283902855006,0.03402651543157734,0.00243602885152316,0.003233501653897562,0.02343680486407756,0.7533717660502344
0.2,0.004495404816159266,10.82999138602789,0.034022401076480135,0.002436125278860715,0.003233501653897562,0.02343680486407756,0.7534015873857016
0.2,0.004495404816159266,11.265537902513168,0.034017949841185995,0.002436229601593708,0.003233501653897562,0.02343680486407756,0.7534338504689344
0.2,0.004495404816159266,11.718600662664821,0.03401313421008365,0.0024363424646001506,0.003233501653897562,0.02343680486407756,0.7534687547363581
0.2,0.004495404816159266,12.189884112002607,0.03400792438420391,0.00243646456627267,0.003233501653897562,0.02343680486407756,0.7535065161744486
0.2,0.004495404816159266,12.680121026520528,0.03400228824671635,0.0024365966593271533,0.003233501653897562,0.02343680486407756,0.7535473675698157
0.2,0.004495404816159266,13.190073652045038,0.03399619095234413,0.0024367395604255535,0.003233501653897562,0.02343680486407756,0.753591561485173
0.2,0.004495404816159266,13.720534889414454,0.03398959492608609,0.002436894150205842,0.003233501653897562,0.02343680486407756,0.7536393702686021
0.2,0.004495404816159266,14.27232952732237,0.03398245954829041,0.0024370613806628705,0.003233501653897562,0.02343680486407756,0.7536910883361735
0.2,0.004495404816159266,14.846315524742002,0.03397474079050585,0.0024372422836828602,0.003233501653897562,0.02343680486407756,0.7537470348113428
0.2,0.004495404816159266,15.443385344925332,0.03396639117800777,0.0024374379719216688,0.003233501653897562,0.02343680486407756,0.753807553796565
0.2,0.004495404816159266,16.064467343051373,0.033957359397228506,0.0024376496480053673,0.003233501653897562,0.02343680486407756,0.7538730172186863
0.2,0.004495404816159266,16.710527209681032,0.03394758989550702,0.002437878613910833,0.003233501653897562,0.02343680486407756,0.7539438277300059
0.2,0.004495404816159266,17.382569472262958,0.03393702282194082,0.0024381262723519883,0.003233501653897562,0.02343680486407756,0.7540204191369894
0.2,0.004495404816159266,18.081639057025043,0.03392559335370356,0.002438394142568765,0.003233501653897562,0.02343680486407756,0.7541032612831976
0.2,0.004495404816159266,18.80882291367997,0.03391323155645792,0.0024386838635985803,0.003233501653897562,0.02343680486407756,0.7541928610610317
0.2,0.004495404816159266,19.565251705471134,0.03389986188096529,0.0024389972060741972,0.003233501653897562,0.02343680486407756,0.7542897660603656
0.2,0.004495404816159266,20.0,0.03389194241922512,0.0024391828129536304,0.003233501653897562,0.02343680486407756,0.7543471672616946
0.2,0.004495404816159266,20.352101567186576,0.033885402634410505,0.002439336084614183,0.003233501653897562,0.02343680486407756,0.754394568400447
0.2,0.004495404816159266,21.170595933874512,0.03386976567796036,0.0024397025649111736,0.003233501653897562,0.02343680486407756,0.7545079069220305
0.2,0.004495404816159266,22.02200744310364,0.03385285597795095,0.002440098874250604,0.003233501653897562,0.02343680486407756,0.7546304704404233
0.2,0.004495404816159266,22.9076599137262,0.033834570804682586,0.0024405274202884005,0.003233501653897562,0.02343680486407756,0.7547630035527165
0.2,0.004495404816159266,23.82893040422031,0.03381479920233319,0.0024409908034745136,0.003233501653897562,0.02343680486407756,0.7549063104799156
0.2,0.004495404816159266,24.787251353812007,0.03379342180922391,0.0024414918212653184,0.003233501653897562,0.02343680486407756,0.7550612563696759
0.2,0.004495404816159266,25.784112809706244,0.03377030954874054,0.002442033498804235,0.003233501653897562,0.02343680486407756,0.7552287767846613
0.2,0.004495404816159266,26.82106474388963,0.03374532317916414,0.0024426190994722586,0.003233501653897562,0.02343680486407756,0.7554098809654238
0.2,0.004495404816159266,27.89971946310744,0.03371831296587002,0.00244325213257057,0.003233501653897562,0.02343680486407756,0.7556056542063462
0.2,0.004495404816159266,29.02175411576192,0.03368911723760539,0.0024439363871567726,0.003233501653897562,0.02343680486407756,0.7558172683199119
0.2,0.004495404816159266,30.188913299629792,0.03365756172567898,0.002444675947532178,0.003233501653897562,0.02343680486407756,0.7560459864263381
0.2,0.004495404816159266,31.40301177445345,0.0336234590654869,0.002445475204924446,0.003233501653897562,0.02343680486407756,0.7562931665665753
0.2,0.004495404816159266,32.66593728362376,0.03358660739509496,0.002446338890332337,0.003233501653897562,0.02343680486407756,0.7565602718599499
0.2,0.004495404816159266,33.97965348934155,0.03354678915345883,0.002447272102691594,0.003233501653897562,0.02343680486407756,0.7568488792148067
0.2,0.004495404816159266,35.3462030258216,0.033503770889896145,0.002448280313340304,0.003233501653897562,0.02343680486407756,0.7571606807094788
0.2,0.004495404816159266,36.76771067528654,0.03345730124424015,0.0024493694133576466,0.003233501653897562,0.02343680486407756,0.7574974982323739
0.2,0.004495404816159266,38.24638667168852,0.03340711026519387,0.002450545729539491,0.003233501653897562,0.02343680486407756,0.7578612884226237
0.2,0.004495404816159266,39.78453013729589,0.033352908124456404,0.00245181605453517,0.003233501653897562,0.02343680486407756,0.758254151990251
0.2,0.004495404816159266,40.0,0.03334515383514715,0.0024519977903005707,0.003233501653897562,0.02343680486407756,0.7583103560021406
0.2,0.004495404816159266,41.38453265748794,0.0332943838797912,0.002453187675837206,0.003233501653897562,0.02343680486407756,0.7586783426815972
0.2,0.004495404816159266,43.048881999316066,0.03323120374766638,0.0024546684162651024,0.003233501653897562,0.02343680486407756,0.7591362797994309
0.2,0.004495404816159266,44.78016597961338,0.03316301005290762,0.0024562666585821236,0.003233501653897562,0.02343680486407756,0.7596305558159886
0.2,0.004495404816159266,46.58107648866657,0.03308942038095453,0.0024579913653637,0.003233501653897562,0.02343680486407756,0.7601639425175224
0.2,0.004495404816159266,48.454413675706945,0.03301002518019954,0.0024598521351909385,0.003233501653897562,0.02343680486407756,0.7607394083828315
0.2,0.004495404816159266,50.4030903027279,0.03292438777663274,0.0024618592023074003,0.003233501653897562,0.02343680486407756,0.7613601184771166
0.2,0.004495404816159266,52.43013627339855,0.03283204011066434,0.0024640235365343544,0.003233501653897562,0.02343680486407756,0.7620294653519961
0.2,0.004495404816159266,54.538703344115525,0.03273248529739391,0.0024663567832662533,0.003233501653897562,0.02343680486407756,0.7627510504883719
0.2,0.004495404816159266,56.73207002451749,0.03262519324637729,0.0024688713661293964,0.003233501653897562,0.02343680486407756,0.7635287160448784
0.2,0.004495404816159266,59.0136466750821,0.032509600223319175,0.0024715804972544582,0.003233501653897562,0.02343680486407756,0.7643665480347883
0.2,0.004495404816159266,61.386980809732094,0.03238510938454912,0.0024744981647500776,0.003233501653897562,0.02343680486407756,0.7652688724520659
0.2,0.004495404816159266,63.85576261169375,0.03225108719529959,0.0024776392166469753,0.003233501653897562,0.02343680486407756,0.7662402812321145
0.2,0.004495404816159266,66.42383067118593,0.03210686397167559,0.0024810193481959193,0.003233501653897562,0.02343680486407756,0.767285628323516
0.2,0.004495404816159266,69.09517795385946,0.03195173307962741,0.0024846551206412423,0.003233501653897562,0.02343680486407756,0.7684100354939718
0.2,0.004495404816159266,71.87395800926735,0.0317849522254057,0.002488563930976701,0.003233501653897562,0.02343680486407756,0.7696188829769312
0.2,0.004495404816159266,74.76449142901991,0.03160573974547192,0.0024927640988981164,0.003233501653897562,0.02343680486407756,0.7709178363627606
0.2,0.004495404816159266,77.77127256466456,0.03141327966378676,0.0024972747482766957,0.003233501653897562,0.02343680486407756,0.772312809942917
0.2,0.004495404816159266,80.0,0.031266744589306714,0.0025007090622230278,0.003233501653897562,0.02343680486407756,0.7733749136044977
0.2,0.004495404816159266,80.89897651573759,0.031206722139909493,0.0025021157966570143,0.003233501653897562,0.02343680486407756,0.7738099634620696
0.2,0.004495404816159266,84.15246639885166,0.030985181285517523,0.00250730800643082,0.003233501653897562,0.02343680486407756,0.7754157179442259
0.2,0.004495404816159266,87.53680090912191,0.030747743422089076,0.002512872791303336,0.003233501653897562,0.02343680486407756,0.7771366958400647
0.2,0.004495404816159266,91.05724218568857,0.030493466479618255,0.002518832230385459,0.003233501653897562,0.02343680486407756,0.7789797253851214
0.2,0.004495404816159266,94.71926399356356,0.030221389832043567,0.0025252088376827393,0.003233501653897562,0.02343680486407756,0.780951769311431
0.2,0.004495404816159266,98.52856023452543,0.029930532076086997,0.002532025614152297,0.003233501653897562,0.02343680486407756,0.7830599409467666
0.2,0.004495404816159266,102.4910538002934,0.0296199078278179,0.0025393056540450303,0.003233501653897562,0.02343680486407756,0.7853113824711456
0.2,0.004495404816159266,106.6129057817468,0.02928852984985496,0.0025470720950508006,0.003233501653897562,0.02343680486407756,0.7877132494986169
0.2,0.004495404816159266,110.9005250485101,0.028935421821752457,0.0025553478190013783,0.003233501653897562,0.02343680486407756,0.79027261851598
0.2,0.004495404816159266,115.3605782137954,0.028559633412323503,0.0025641550986233467,0.003233501653897562,0.02343680486407756,0.7929963776367932
0.2,0.004495404816159266,120.0,0.028160253127614866,0.0025735152964226227,0.003233501653897562,0.02343680486407756,0.795891133477723
0.4,0.008990809632318532,0.5,0.08652538079005735,0.0021218989617344704,0.004639679562102992,0.02909875203528535,0.4573373943895155
0.4,0.008990809632318532,0.5201083500882184,0.08652535132421,0.002121899819153856,0.004639679562102992,0.02909875203528535,0.45733757919093854
0.4,0.008990809632318532,0.5410253916629775,0.08652531944046742,0.0021219007469309753,0.004639679562102992,0.02909875203528535,0.45733777915671353
0.4,0.008990809632318532,0.5627836476273268,0.08652528494100102,0.0021219017508223932,0.004639679562102992,0.02909875203528535,0.4573379955275651
0.4,0.008990809632318532,0.5854169488481564,0.08652524761070104,0.0021219028370875357,0.004639679562102992,0.02909875203528535,0.4573382296526007
0.4,0.008990809632318532,0.6089604867581871,0.08652520721740259,0.0021219040124821112,0.004639679562102992,0.02909875203528535,0.4573384829878924
0.4,0.008990809632318532,0.6334508680734382,0.08652516351004844,0.002121905284311572,0.004639679562102992,0.02909875203528535,0.45733875710800004
0.4,0.008990809632318532,0.6589261717112513,0.08652511621623399,0.0021219066605025513,0.004639679562102992,0.02909875203528535,0.45733905372136757
0.4,0.008990809632318532,0.6854260079973701,0.0865250650421402,0.002121908149604817,0.004639679562102992,0.02909875203528535,0.4573393746707447
0.4,0.008990809632318532,0.7129915802541322,0.08652500966888985,0.0021219097608972987,0.004639679562102992,0.02909875203528535,0.45733972195603895
0.4,0.008990809632318532,0.7416657488655366,0.0865249497526913,0.002121911504383903,0.004639679562102992,0.02909875203528535,0.4573400977334134
0.4,0.008990809632318532,0.7714930979187944,0.08652488492030797,0.0021219133909253494,0.004639679562102992,0.02909875203528535,0.45734050434370216
0.4,0.008990809632318532,0.8025200045259849,0.08652481476814752,0.002121915432265671,0.004639679562102992,0.02909875203528535,0.45734094431812156
0.4,0.008990809632318532,0.8347947109335991,0.0865247388599885,0.002121917641098368,0.004639679562102992,0.02909875203528535,0.4573414203925288
0.4,0.008990809632318532,0.868367399532091,0.08652465672403868,0.002121920031152005,0.004639679562102992,0.02909875203528535,0.4573419355258704
0.4,0.008990809632318532,0.9032902708820651,0.08652456784843214,0.0021219226173212415,0.004639679562102992,0.02909875203528535,0.45734249292842416
0.4,0.008990809632318532,0.9396176248784216,0.08652447168126116,0.002121925415665904,0.004639679562102992,0.02909875203528535,0.4573430960615985
0.4,0.008990809632318532,0.9774059451786528,0.0865243676232566,0.0021219284436239756,0.004639679562102992,0.02909875203528535,0.45734374868383915
0.4,0.008990809632318532,1.0167139870265693,0.08652425502743717,0.0021219317200218057,0.004639679562102992,0.02909875203528535,0.45734445485282915
0.4,0.008990809632318532,1.0576028686080066,0.08652413319241704,0.0021219352652688457,0.004639679562102992,0.02909875203528535,0.4573452189674609
0.4,0.008990809632318532,1.1001361660805542,0.08652400136216691,0.002121939101364605,0.004639679562102992,0.02909875203528535,0.4573460457693354
0.4,0.008990809632318532,1.1443800124250707,0.086523858714534,0.0021219432522327033,0.004639679562102992,0.02909875203528535,0.4573469404147614
0.4,0.008990809632318532,1.1904032002726768,0.08652370436345781,0.002121947743656396,0.004639679562102992,0.02909875203528535,0.4573479084608587
0.4,0.008990809632318532,1.2382772888671139,0.08652353734744073,0.0021219526036140627,0.004639679562102992,0.02909875203528535,0.4573489559378669
0.4,0.008990809632318532,1.2880767153287735,0.0865233566291257,0.0021219578622914998,0.004639679562102992,0.02909875203528535,0.4573500893517949
0.4,0.008990809632318532,1.3398789103934006,0.08652316108140913,0.0021219635524860154,0.004639679562102992,0.02909875203528535,0.4573513157715162
0.4,0.008990809632318532,1.3937644188054228,0.086522949491716,0.002121969709482029,0.004639679562102992,0.02909875203528535,0.45735264280195687
0.4,0.008990809632318532,1.4498170245531061,0.0865227205391677,0.0021219763717154603,0.004639679562102992,0.02909875203528535,0.4573540787272922
0.4,0.008990809632318532,1.5081238811402522,0.08652247280402783,0.0021219835804988656,0.004639679562102992,0.02909875203528535,0.45735563245170546
0.4,0.008990809632318532,1.568775647096994,0.0865222047412917,0.002121991380789954,0.004639679562102992,0.02909875203528535,0.4573573136650272
0.4,0.008990809632318532,1.6318666269403894,0.08652191468595766,0.002121999821038196,0.004639679562102992,0.02909875203528535,0.45735913280967483
0.4,0.008990809632318532,1.697494917803984,0.08652160083143012,0.002122008953813268,0.004639679562102992,0.02909875203528535,0.45736110121610235
0.4,0.008990809632318532,1.7657625619643322,0.08652126122704995,0.0021220188358769165,0.004639679562102992,0.02909875203528535,0.45736323111828986
0.4,0.008990809632318532,1.836775705501629,0.08652089375975099,0.0021220295287167302,0.004639679562102992,0.02909875203528535,0.45736553576878797
0.4,0.008990809632318532,1.910644763341151,0.08652049614232704,0.0021220410988875543,0.004639679562102992,0.02909875203528535,0.4573680295123039
0.4,0.008990809632318532,1.9874845909321213,0.0865200659036345,0.002122053618296585,0.004639679562102992,0.02909875203528535,0.4573707278471486
0.4,0.008990809632318532,2.0674146628309265,0.08651960036612014,0.002122067164857278,0.004639679562102992,0.02909875203528535,0.4573736475661748
0.4,0.008990809632318532,2.1505592584663673,0.08651909663440233,0.0021220818228216273,0.004639679562102992,0.02909875203528535,0.45737680682839393
0.4,0.008990809632318532,2.2370476553757688,0.08651855157285525,0.0021220976834324294,0.004639679562102992,0.02909875203528535,0.45738022529955985
0.4,0.008990809632318532,2.3270143302124175,0.08651796179417964,0.0021221148452558666,0.004639679562102992,0.02909875203528535,0.4573839242238514
0.4,0.008990809632318532,2.420599167836842,0.08651732363302467,0.002122133414949074,0.004639679562102992,0.02909875203528535,0.45738792658930755
0.4,0.008990809632318532,2.5179476788170687,0.08651663311239552,0.0021221535082376368,0.004639679562102992,0.02909875203528535,0.45739225733850997
0.4,0.008990809632318532,2.6192112256760103,0.0865158859413262,0.0021221752499833105,0.004639679562102992,0.02909875203528535,0.4573969433831781
0.4,0.008990809632318532,2.7245472582377794,0.08651507747058415,0.0021221987754729615,0.004639679562102992,0.02909875203528535,0.4574020138819779
0.4,0.008990809632318532,2.8341195584388617,0.08651420267376929,0.0021222242309685583,0.004639679562102992,0.02909875203528535,0.45740750035906236
0.4,0.008990809632318532,2.948098494984772,0.0865132561149082,0.002122251774650144,0.004639679562102992,0.02909875203528535,0.45741343690731245
0.4,0.008990809632318532,3.06666128824818,0.08651223189873622,0.002122281578062563,0.004639679562102992,0.02909875203528535,0.4574198605001533
0.4,0.008990809632318532,3.189992285820342,0.08651112366116945,0.0021223138263927145,0.004639679562102992,0.02909875203528535,0.457426811051311
0.4,0.008990809632318532,3.3182832491443257,0.08650992451095703,0.002122348720167399,0.004639679562102992,0.02909875203528535,0.45743433178075305
0.4,0.008990809632318532,3.451733651675656,0.08650862699291773,0.002122386476323086,0.004639679562102992,0.02909875203528535,0.45744246944525807
0.4,0.008990809632318532,3.590550989034012,0.08650722303689222,0.0021224273296913403,0.004639679562102992,0.02909875203528535,0.4574512746585723
0.4,0.008990809632318532,3.7349511016282015,0.08650570391123236,0.0021224715343522273,0.004639679562102992,0.02909875203528535,0.45746080218311264
0.4,0.008990809632318532,3.885158510256036,0.08650406017964618,0.002122519364890066,0.004639679562102992,0.02909875203528535,0.45747111120062095
0.4,0.008990809632318532,4.041406765200936,0.08650228161342456,0.0021225711189475274,0.004639679562102992,0.02909875203528535,0.45748226586265495
0.4,0.008990809632318532,4.203938809368043,0.08650035716615324,0.00212262711796148,0.004639679562102992,0.02909875203528535,0.4574943354491864
0.4,0.008990809632318532,4.373007356024485,0.08649827487163045,0.0021226877101334636,0.004639679562102992,0.02909875203528535,0.4575073950088332
0.4,0.008990809632318532,4.548875281731075,0.08649602178620024,0.0021227532721077116,0.004639679562102992,0.02909875203528535,0.4575215257205279
0.4,0.008990809632318532,4.731816035076458,0.08649358389899342,0.0021228242115830325,0.004639679562102992,0.02909875203528535,0.45753681545646147
0.4,0.008990809632318532,4.922114061849185,0.08649094608461833,0.0021229009686894486,0.004639679562102992,0.02909875203528535,0.4575533590787933
0.4,0.008990809632318532,5.0,0.08648983649809865,0.0021229332562724464,0.004639679562102992,0.02909875203528535,0.45756031809020037
0.4,0.008990809632318532,5.120065247308795,0.08648809193268645,0.0021229840209487853,0.004639679562102992,0.02909875203528535,0.4575712595088176
0.4,0.008990809632318532,5.325977376243608,0.08648500370907301,0.0021230738844019424,0.004639679562102992,0.02909875203528535,0.45759062796992667
0.4,0.008990809632318532,5.540170611530483,0.08648166224677743,0.0021231711167847165,0.004639679562102992,0.02909875203528535,0.4576115846721025
0.4,0.008990809632318532,5.7629779919407085,0.08647804675689792,0.0021232763230282065,0.004639679562102992,0.02909875203528535,0.45763425999743085
0.4,0.008990809632318532,5.994745949965992,0.08647413484863269,0.0021233901546768015,0.004639679562102992,0.02909875203528535,0.4576587943746591
0.4,0.008990809632318532,6.2358348504696846,0.08646990215582799,0.002123513320755167,0.004639679562102992,0.02909875203528535,0.45768534062138083
0.4,0.008990809632318532,6.4866195510008,0.08646532245650639,0.0021236465842901222,0.004639679562102992,0.02909875203528535,0.4577140631943887
0.4,0.008990809632318532,6.747489984642013,0.08646036727642896,0.0021237907738464856,0.004639679562102992,0.02909875203528535,0.4577451406760193
0.4,0.008990809632318532,7.0188517662978684,0.08645500592278935,0.002123946782546618,0.004639679562102992,0.02909875203528535,0.4577787655628341
0.4,0.008990809632318532,7.301126823365925,0.08644920502745176,0.002124115581361629,0.004639679562102992,0.02909875203528535,0.45781514713030047
0.4,0.008990809632318532,7.594754051771373,0.08644292870956653,0.002124298214379466,0.004639679562102992,0.02909875203528535,0.45785451041291353
0.4,0.008990809632318532,7.900189998385242,0.08643613802579864,0.002124495814802578,0.004639679562102992,0.02909875203528535,0.4578970996522062
0.4,0.008990809632318532,8.217909570887183,0.08642879079384577,0.0021247096100833205,0.004639679562102992,0.02909875203528535,0.45794317940359436
0.4,0.008990809632318532,8.548406776176625,0.08642084153107643,0.0021249409237095087,0.004639679562102992,0.02909875203528535,0.45799303492122057
0.4,0.008990809632318532,8.892195488480342,0.08641224097676264,0.0021251911891068515,0.004639679562102992,0.02909875203528535,0.4580469751543752
0.4,0.008990809632318532,9.24981024835082,0.08640293585691551,0.0021254619564819418,0.004639679562102992,0.02909875203528535,0.4581053342223811
0.4,0.008990809632318532,9.62180709379768,0.08639286849018454,0.0021257549042900947,0.004639679562102992,0.02909875203528535,0.4581684738862807
0.4,0.008990809632318532,10.0,0.08638222802679166,0.0021260645284959046,0.004639679562102992,0.02909875203528535,0.45823520784962135
0.4,0.008990809632318532,10.008764424844449,0.0863819766056284,0.002126071844537991,0.004639679562102992,0.02909875203528535,0.4582367846917262
0.4,0.008990809632318532,10.411283902855006,0.08637019279139356,0.00212641473882644,0.004639679562102992,0.02909875203528535,0.4583106894267105
0.4,0.008990809632318532,10.82999138602789,0.0863574441740885,0.002126785707680193,0.004639679562102992,0.02909875203528535,0.4583906451324413
0.4,0.008990809632318532,11.265537902513168,0.08634365191202484,0.002127187045293989,0.004639679562102992,0.02909875203528535,0.45847714628158837
0.4,0.008990809632318532,11.718600662664821,0.08632873084423998,0.0021276212297455625,0.004639679562102992,0.02909875203528535,0.4585707269795141
0.4,0.008990809632318532,12.189884112002607,0.08631258875682575,0.002128090944344561,0.004639679562102992,0.02909875203528535,0.4586719655656516
0.4,0.008990809632318532,12.680121026520528,0.08629512614697118,0.002128599084498608,0.004639679562102992,0.02909875203528535,0.45878148609336167
0.4,0.008990809632318532,13.190073652045038,0.086276235230188,0.002129148786601801,0.004639679562102992,0.02909875203528535,0.45889996455633203
0.4,0.008990809632318532,13.720534889414454,0.08625579959884098,0.002129743437971052,0.004639679562102992,0.02909875203528535,0.45902813103017825
0.4,0.008990809632318532,14.27232952732237,0.0862336932606686,0.0021303867048239385,0.004639679562102992,0.02909875203528535,0.45916677570256914
0.4,0.008990809632318532,14.846315524742002,0.0862097806588127,0.002131082531695862,0.004639679562102992,0.02909875203528535,0.4593167487476059
0.4,0.008990809632318532,15.443385344925332,0.08618391419771429,0.002131835213433395,0.004639679562102992,0.02909875203528535,0.4594789758427012
0.4,0.008990809632318532,16.064467343051373,0.08615593554608282,0.0021326493572795006,0.004639679562102992,0.02909875203528535,0.4596544499967259
0.4,0.008990809632318532,16.710527209681032,0.0861256728212868,0.002133529964804252,0.004639679562102992,0.02909875203528535,0.4598442492087112
0.4,0.008990809632318532,17.382569472262958,0.08609294063118211,0.0021344824306876804,0.004639679562102992,0.02909875203528535,0.4600495362055133
0.4,0.008990809632318532,18.081639057025043,0.08605753890761718,0.0021355125766633182,0.004639679562102992,0.02909875203528535,0.4602715657577376
0.4,0.008990809632318532,18.80882291367997,0.08601925091342873,0.002136626709512136,0.004639679562102992,0.02909875203528535,0.4605116971792948
0.4,0.008990809632318532,19.565251705471134,0.08597784321013276,0.0021378316220026965,0.004639679562102992,0.02909875203528535,0.4607713945300348
0.4,0.008990809632318532,20.0,0.08595331677028911,0.002138545310794015,0.004639679562102992,0.02909875203528535,0.4609252173925333
0.4,0.008990809632318532,20.352101567186576,0.08593306374163519,0.002139134648652779,0.004639679562102992,0.02909875203528535,0.46105223863416767
0.4,0.008990809632318532,21.170595933874512,0.0858846399126347,0.0021405437216454634,0.004639679562102992,0.02909875203528535,0.46135593913197653
0.4,0.008990809632318532,22.02200744310364,0.08583227767670608,0.002142067397364763,0.004639679562102992,0.02909875203528535,0.46168434019909876
0.4,0.008990809632318532,22.9076599137262,0.08577566056916947,0.0021437148845379265,0.004639679562102992,0.02909875203528535,0.4620394266120959
0.4,0.008990809632318532,23.82893040422031,0.08571444565458722,0.0021454961621582163,0.004639679562102992,0.02909875203528535,0.4624233491646013
0.4,0.008990809632318532,24.787251353812007,0.08564826421052997,0.0021474219595881755,0.004639679562102992,0.02909875203528535,0.4628384203789346
0.4,0.008990809632318532,25.784112809706244,0.08557671814334775,0.0021495038608562106,0.004639679562102992,0.02909875203528535,0.4632871369853658
0.4,0.008990809632318532,26.82106474388963,0.08549937839329942,0.002151754351065338,0.004639679562102992,0.02909875203528535,0.46377218992469144
0.4,0.008990809632318532,27.89971946310744,0.08541578299765609,0.0021541868727544544,0.004639679562102992,0.02909875203528535,0.46429647649589895
0.4,0.008990809632318532,29.02175411576192,0.08532543350432889,0.0021568159302572964,0.004639679562102992,0.02909875203528535,0.46486312284887477
0.4,0.008990809632318532,30.188913299629792,0.0852277931017796,0.0021596571441197037,0.004639679562102992,0.02909875203528535,0.46547549571307306
0.4,0.008990809632318532,31.40301177445345,0.08512228567239324,0.002162727278645298,0.004639679562102992,0.02909875203528535,0.4661372083344944
0.4,0.008990809632318532,32.66593728362376,0.08500828835195363,0.002166044458405457,0.004639679562102992,0.02909875203528535,0.4668521671405408
0.4,0.008990809632318532,33.97965348934155,0.08488513443053816,0.002169628083826899,0.004639679562102992,0.02909875203528535,0.4676245535464282
0.4,0.008990809632318532,35.3462030258216,0.08475210477241961,0.002173499080861829,0.004639679562102992,0.02909875203528535,0.4684588777671241
0.4,0.008990809632318532,36.76771067528654,0.08460842904316696,0.002177679865280841,0.004639679562102992,0.02909875203528535,0.4693599711213205
0.4,0.008990809632318532,38.24638667168852,0.08445327756084763,0.0021821945797927582,0.004639679562102992,0.02909875203528535,0.47033303713837765
0.4,0.008990809632318532,39.78453013729589,0.08428576249175128,0.0021870690592505665,0.004639679562102992,0.02909875203528535,0.47138364405908467
0.4,0.008990809632318532,40.0,0.08426179964085025,0.002187766348306994,0.004639679562102992,0.02909875203528535,0.47153393225185625
0.4,0.008990809632318532,41.38453265748794,0.08410492966051687,0.002192331068966495,0.004639679562102992,0.02909875203528535,0.4725177762002154
0.4,0.008990809632318532,43.048881999316066,0.08390976002514423,0.0021980102617910205,0.004639679562102992,0.02909875203528535,0.4737418247036753
0.4,0.008990809632318532,44.78016597961338,0.0836991608173739,0.002204138435916757,0.004639679562102992,0.02909875203528535,0.4750626431015215
0.4,0.008990809632318532,46.58107648866657,0.08347196301166468,0.0022107496085280506,0.004639679562102992,0.02909875203528535,0.4764875631898168
0.4,0.008990809632318532,48.454413675706945,0.08322691906502552,0.002217880081569051,0.004639679562102992,0.02909875203528535,0.4780244092037619
0.4,0.008990809632318532,50.4030903027279,0.08296269696408284,0.0022255686149666243,0.004639679562102992,0.02909875203528535,0.47968153515279793
0.4,0.008990809632318532,52.43013627339855,0.08267787956056342,0.0022338564459669697,0.004639679562102992,0.02909875203528535,0.48146782898826895
0.4,0.008990809632318532,54.538703344115525,0.08237095568104547,0.0022427875478307703,0.004639679562102992,0.02909875203528535,0.48339276836053724
0.4,0.008990809632318532,56.73207002451749,0.08204032138595382,0.0022524085931980038,0.004639679562102992,0.02909875203528535,0.48546641272292346
0.4,0.008990809632318532,59.0136466750821,0.08168427606299641,0.0022627690677640643,0.004639679562102992,0.02909875203528535,0.48769942783256276
0.4,0.008990809632318532,61.386980809732094,0.0813010170724057,0.0022739214260965573,0.004639679562102992,0.02909875203528535,0.4901031193339297
0.4,0.008990809632318532,63.85576261169375,0.08088864331551039,0.002285920987794313,0.004639679562102992,0.02909875203528535,0.49268941037777
0.4,0.008990809632318532,66.42383067118593,0.08044514426900486,0.002298826256576463,0.004639679562102992,0.02909875203528535,0.4954709103950472
0.4,0.008990809632318532,69.09517795385946,0.07996841217794379,0.002312698565481512,0.004639679562102992,0.02909875203528535,0.4984608386259445
0.4,0.008990809632318532,71.87395800926735,0.07945623659586595,0.002327602235742923,0.004639679562102992,0.02909875203528535,0.5016730583626574
0.4,0.008990809632318532,74.76449142901991,0.07890630181693702,0.0023436046515105556,0.004639679562102992,0.02909875203528535,0.5051220930542643
0.4,0.008990809632318532,77.77127256466456,0.07831620252645571,0.002360775804440469,0.004639679562102992,0.02909875203528535,0.5088230281511981
0.4,0.008990809632318532,80.0,0.07786724962004053,0.002373839773739765,0.004639679562102992,0.02909875203528535,0.5116387332283338
0.4,0.008990809632318532,80.89897651573759,0.07768343981853255,0.0023791884095755006,0.004639679562102992,0.02909875203528535,0.5127915360812341
0.4,0.008990809632318532,84.15246639885166,0.07700543350687125,0.0023989175471168913,0.004639679562102992,0.02909875203528535,0.5170437990397666
0.4,0.008990809632318532,87.53680090912191,0.07627953704405328,0.002420040228291722,0.004639679562102992,0.02909875203528535,0.5215964154202944
0.4,0.008990809632318532,91.05724218568857,0.07550304091303839,0.0024426352966644828,0.004639679562102992,0.02909875203528535,0.5264663785438942
0.4,0.008990809632318532,94.71926399356356,0.07467320769529827,0.0024667824076981455,0.004639679562102992,0.02909875203528535,0.5316708567218479
0.4,0.008990809632318532,98.52856023452543,0.07378728181061515,0.0024925617453381804,0.004639679562102992,0.02909875203528535,0.5372271321703942
0.4,0.008990809632318532,102.4910538002934,0.0728425081920564,0.0025200534785941005,0.004639679562102992,0.02909875203528535,0.5431524838865931
0.4,0.008990809632318532,106.6129057817468,0.07183619555353514,0.0025493359205324044,0.004639679562102992,0.02909875203528535,0.549463790852161
0.4,0.008990809632318532,110.9005250485101,0.07076572572143458,0.0025804852567379525,0.004639679562102992,0.02909875203528535,0.5561774735081739
0.4,0.008990809632318532,115.3605782137954,0.06962859850079507,0.0026135742397639145,0.004639679562102992,0.02909875203528535,0.5633092123670885
0.4,0.008990809632318532,120.0,0.06842250408090031,0.0026486700822195737,0.004639679562102992,0.02909875203528535,0.5708734939054781
0.7,0.015733916856557426,0.5,0.12502404457341226,0.0014097430090979123,0.006333307141295799,0.0393809378747689,0.22259192198429809
0.7,0.015733916856557426,0.5201083500882184,0.12502398390914202,0.0014097453981137698,0.006333307141295799,0.0393809378747689,0.2225922991988882
0.7,0.015733916856557426,0.5410253916629775,0.12502391826767079,0.001409747983136471,0.006333307141295799,0.0393809378747689,0.22259270736205533
0.7,0.015733916856557426,0.5627836476273268,0.12502384724003826,0.0014097507802712543,0.006333307141295799,0.0393809378747689,0.22259314901674235
0.7,0.015733916856557426,0.5854169488481564,0.12502377038498966,0.0014097538068951494,0.006333307141295799,0.0393809378747689,0.22259362690670215
0.7,0.015733916856557426,0.6089604867581871,0.12502368722378315,0.0014097570818614562,0.006333307141295799,0.0393809378747689,0.22259414400878386
0.7,0.015733916856557426,0.6334508680734382,0.12502359723909132,0.0014097606255430144,0.006333307141295799,0.0393809378747689,0.22259470353976493
0.7,0.015733916856557426,0.6589261717112513,0.12502349987109795,0.0014097644599859122,0.006333307141295799,0.0393809378747689,0.22259530898062105
0.7,0.015733916856557426,0.6854260079973701,0.12502339451442998,0.0014097686090303084,0.006333307141295799,0.0393809378747689,0.22259596409560345
0.7,0.015733916856557426,0.7129915802541322,0.12502328051312883,0.0014097730985084666,0.006333307141295799,0.0393809378747689,0.22259667296350735
0.7,0.015733916856557426,0.7416657488655366,0.12502315715754533,0.0014097779563670369,0.006333307141295799,0.0393809378747689,0.22259743999698006
0.7,0.015733916856557426,0.7714930979187944,0.12502302368120913,0.0014097832127903413,0.006333307141295799,0.0393809378747689,0.22259826996198684
0.7,0.015733916856557426,0.8025200045259849,0.12502287925281233,0.0014097889005160623,0.006333307141295799,0.0393809378747689,0.2225991680276568
0.7,0.015733916856557426,0.8347947109335991,0.12502272297474767,0.0014097950548928179,0.006333307141295799,0.0393809378747689,0.2226001397753738
0.7,0.015733916856557426,0.868367399532091,0.12502255387398217,0.0014098017142395586,0.006333307141295799,0.0393809378747689,0.22260119125552344
0.7,0.015733916856557426,0.9032902708820651,0.12502237089781537,0.0014098089200126158,0.006333307141295799,0.0393809378747689,0.22260232901386937
0.7,0.015733916856557426,0.9396176248784216,0.1250221729098057,0.0014098167169661257,0.006333307141295799,0.0393809378747689,0.22260356011688331
0.7,0.015733916856557426,0.9774059451786528,0.1250219586754909,0.0014098251537143667,0.006333307141295799,0.0393809378747689,0.22260489224053573
0.7,0.015733916856557426,1.0167139870265693,0.12502172686440047,0.0014098342826525181,0.006333307141295799,0.0393809378747689,0.2226063336577839
0.7,0.015733916856557426,1.0576028686080066,0.12502147603409128,0.0014098441605853414,0.006333307141295799,0.0393809378747689,0.22260789333783776
0.7,0.015733916856557426,1.1001361660805542,0.1250212046229248,0.001409854849011627,0.006333307141295799,0.0393809378747689,0.2226095809910728
0.7,0.015733916856557426,1.1443800124250707,0.12502091094373705,0.0014098664143734748,0.006333307141295799,0.0393809378747689,0.22261140710839034
0.7,0.015733916856557426,1.1904032002726768,0.12502059316724565,0.0014098789287097409,0.006333307141295799,0.0393809378747689,0.22261338306439354
0.7,0.015733916856557426,1.2382772888671139,0.12502024932003825,0.0014098924697352536,0.006333307141295799,0.0393809378747689,0.2226155211298956
0.7,0.015733916856557426,1.2880767153287735,0.12501987725854527,0.0014099071218657937,0.006333307141295799,0.0393809378747689,0.2226178346337591
0.7,0.015733916856557426,1.3398789103934006,0.12501947467177205,0.0014099229761104998,0.006333307141295799,0.0393809378747689,0.22262033794590746
0.7,0.015733916856557426,1.3937644188054228,0.12501903905378575,0.001409940131155355,0.006333307141295799,0.0393809378747689,0.22262304664840246
0.7,0.015733916856557426,1.4498170245531061,0.12501856769663214,0.0014099586936421379,0.006333307141295799,0.0393809378747689,0.2226259775794893
0.7,0.015733916856557426,1.5081238811402522,0.1250180576635138,0.0014099787792246857,0.006333307141295799,0.0393809378747689,0.2226291490003757
0.7,0.015733916856557426,1.568775647096994,0.12501750578410364,0.0014100005127534515,0.006333307141295799,0.0393809378747689,0.22263258062437258
0.7,0.015733916856557426,1.6318666269403894,0.12501690862376494,0.0014100240294876512,0.006333307141295799,0.0393809378747689,0.22263629380828662
0.7,0.015733916856557426,1.697494917803984,0.12501626247349143,0.0014100494754914301,0.006333307141295799,0.0393809378747689,0.22264031161497294
0.7,0.015733916856557426,1.7657625619643322,0.12501556330826766,0.0014100770092736713,0.006333307141295799,0.0393809378747689,0.22264465907225345
0.7,0.015733916856557426,1.836775705501629,0.12501480678122315,0.0014101068020182118,0.006333307141295799,0.0393809378747689,0.22264936320926684
0.7,0.015733916856557426,1.910644763341151,0.12501398818400217,0.0014101390391445161,0.006333307141295799,0.0393809378747689,0.22265445330289174
0.7,0.015733916856557426,1.9874845909321213,0.1250131024293036,0.001410173920995272,0.006333307141295799,0.0393809378747689,0.22265996098631488
0.7,0.015733916856557426,2.0674146628309265,0.1250121440014636,0.001410211664782497,0.006333307141295799,0.0393809378747689,0.2226659205563125
0.7,0.015733916856557426,2.1505592584663673,0.125011106941535,0.0014102525051751177,0.006333307141295799,0.0393809378747689,0.22267236906602625
0.7,0.015733916856557426,2.2370476553757688,0.12500998479989728,0.0014102966961652393,0.006333307141295799,0.0393809378747689,0.22267934661963856
0.7,0.015733916856557426,2.3270143302124175,0.12500877059895613,0.00141034451253707,0.006333307141295799,0.0393809378747689,0.22268689660430913
0.7,0.015733916856557426,2.420599167836842,0.12500745678789904,0.0014103962516486884,0.006333307141295799,0.0393809378747689,0.22269506597150765
0.7,0.015733916856557426,2.5179476788170687,0.12500603518786313,0.0014104522355913853,0.006333307141295799,0.0393809378747689,0.2227039055779641
0.7,0.015733916856557426,2.6192112256760103,0.12500449696750643,0.0014105128121516906,0.006333307141295799,0.0393809378747689,0.22271347033756816
0.7,0.015733916856557426,2.7245472582377794,0.12500283255494893,0.0014105783582792153,0.006333307141295799,0.0393809378747689,0.22272381976892566
0.7,0.015733916856557426,2.8341195584388617,0.1250010315943261,0.0014106492817976182,0.006333307141295799,0.0393809378747689,0.22273501826551215
0.7,0.015733916856557426,2.948098494984772,0.12499908290997015,0.001410726022815177,0.006333307141295799,0.0393809378747689,0.22274713531839568
0.7,0.015733916856557426,3.06666128824818,0.12499697435774375,0.0014108090595794107,0.006333307141295799,0.0393809378747689,0.22276024644065473
0.7,0.015733916856557426,3.189992285820342,0.12499469284027975,0.0014108989078769202,0.006333307141295799,0.0393809378747689,0.22277443307261574
0.7,0.015733916856557426,3.3182832491443257,0.12499222415720082,0.0014109961269318846,0.006333307141295799,0.0393809378747689,0.22278978351319842
0.7,0.015733916856557426,3.451733651675656,0.12498955299219748,0.0014111013199149345,0.006333307141295799,0.0393809378747689,0.22280639300026467
0.7,0.015733916856557426,3.590550989034012,0.12498666270956615,0.0014112151419556794,0.006333307141295799,0.0393809378747689,0.22282436497575955
0.7,0.015733916856557426,3.7349511016282015,0.12498353536860637,0.0014113382995757295,0.006333307141295799,0.0393809378747689,0.22284381099618814
0.7,0.015733916856557426,3.885158510256036,0.12498015148958755,0.0014114715599051458,0.006333307141295799,0.0393809378747689,0.22286485218785043
0.7,0.015733916856557426,4.041406765200936,0.12497649008566605,0.0014116157494255127,0.006333307141295799,0.0393809378747689,0.22288761904837845
0.7,0.015733916856557426,4.203938809368043,0.12497252838290904,0.001411771764995665,0.006333307141295799,0.0393809378747689,0.22291225318764749
0.7,0.015733916856557426,4.373007356024485,0.12496824174812268,0.001411940576693878,0.006333307141295799,0.0393809378747689,0.22293890777654501
0.7,0.015733916856557426,4.548875281731075,0.12496360357366687,0.001412123232353975,0.006333307141295799,0.0393809378747689,0.22296774826320104
0.7,0.015733916856557426,4.731816035076458,0.12495858500900266,0.0014123208681372365,0.006333307141295799,0.0393809378747689,0.22299895404224382
0.7,0.015733916856557426,4.922114061849185,0.12495315491282087,0.0014125347104176258,0.006333307141295799,0.0393809378747689,0.22303271875246844
0.7,0.015733916856557426,5.0,0.12495087080073847,0.0014126246608936414,0.006333307141295799,0.0393809378747689,0.2230469215179445
0.7,0.015733916856557426,5.120065247308795,0.12494727954237961,0.0014127660880159645,0.006333307141295799,0.0393809378747689,0.2230692522085565
0.7,0.015733916856557426,5.325977376243608,0.1249409224299226,0.0014130164370666966,0.006333307141295799,0.0393809378747689,0.2231087811695159
0.7,0.015733916856557426,5.540170611530483,0.12493404403912796,0.001413287314547259,0.006333307141295799,0.0393809378747689,0.22315155147490595
0.7,0.015733916856557426,5.7629779919407085,0.12492660169371253,0.001413580401089706,0.006333307141295799,0.0393809378747689,0.22319782848878011
0.7,0.015733916856557426,5.994745949965992,0.12491854923070085,0.0014138975146353082,0.006333307141295799,0.0393809378747689,0.22324789925568395
0.7,0.015733916856557426,6.2358348504696846,0.12490983668725036,0.0014142406227676627,0.006333307141295799,0.0393809378747689,0.22330207444799657
0.7,0.015733916856557426,6.4866195510008,0.12490040991348436,0.0014146118579597012,0.006333307141295799,0.0393809378747689,0.2233606907733628
0.7,0.015733916856557426,6.747489984642013,0.124890210481718,0.0014150135211484505,0.006333307141295799,0.0393809378747689,0.22342411153913147
0.7,0.015733916856557426,7.0188517662978684,0.12487917510725356,0.001415448104544659,0.006333307141295799,0.0393809378747689,0.2234927302538903
0.7,0.015733916856557426,7.301126823365925,0.12486723540207652,0.0014159183013324793,0.006333307141295799,0.0393809378747689,0.2235669721590009
0.7,0.015733916856557426,7.594754051771373,0.12485431738742188,0.0014164270248650593,0.006333307141295799,0.0393809378747689,0.22364729725949425
0.7,0.015733916856557426,7.900189998385242,0.12484034089719445,0.001416977432158413,0.006333307141295799,0.0393809378747689,0.22373420403364466
0.7,0.015733916856557426,8.217909570887183,0.12482521936032097,0.0014175729324625982,0.006333307141295799,0.0393809378747689,0.223828230786319
0.7,0.015733916856557426,8.548406776176625,0.12480885933985561,0.0014182172054121745,0.006333307141295799,0.0393809378747689,0.22392995851485048
0.7,0.015733916856557426,8.892195488480342,0.12479115922915467,0.0014189142523720654,0.006333307141295799,0.0393809378747689,0.2240400190163136
0.7,0.015733916856557426,9.24981024835082,0.12477200977706977,0.0014196683757549565,0.006333307141295799,0.0393809378747689,0.22415909162183653
0.7,0.015733916856557426,9.62180709379768,0.12475129251413082,0.0014204842409996903,0.006333307141295799,0.0393809378747689,0.22428791298270406
0.7,0.015733916856557426,10.0,0.12472939654953369,0.0014213465246211976,0.006333307141295799,0.0393809378747689,0.2244240635912676
0.7,0.015733916856557426,10.008764424844449,0.12472887921508967,0.0014213668977367984,0.006333307141295799,0.0393809378747689,0.22442728041229748
0.7,0.015733916856557426,10.411283902855006,0.12470463146007602,0.0014223217970705934,0.006333307141295799,0.0393809378747689,0.22457805461485725
0.7,0.015733916856557426,10.82999138602789,0.12467839958228996,0.0014233548330200244,0.006333307141295799,0.0393809378747689,0.22474116622880302
0.7,0.015733916856557426,11.265537902513168,0.12465002156102441,0.0014244723861124922,0.006333307141295799,0.0393809378747689,0.22491762270999607
0.7,0.015733916856557426,11.718600662664821,0.12461932258893468,0.0014256813404251775,0.006333307141295799,0.0393809378747689,0.22510851102248644
0.7,0.015733916856557426,12.189884112002607,0.124586113216475,0.0014269891566588717,0.006333307141295799,0.0393809378747689,0.22531500917653408
0.7,0.015733916856557426,12.680121026520528,0.12455018915646772,0.001428403879834228,0.006333307141295799,0.0393809378747689,0.22553838744381116
0.7,0.015733916856557426,13.190073652045038,0.12451132932923488,0.0014299342162763093,0.006333307141295799,0.0393809378747689,0.22578002051290755
0.7,0.015733916856557426,13.720534889414454,0.12446929476124069,0.001431589576987081,0.006333307141295799,0.0393809378747689,0.22604139433764725
0.7,0.015733916856557426,14.27232952732237,0.12442382747006457,0.0014333801215562214,0.006333307141295799,0.0393809378747689,0.22632411307040304
0.7,0.015733916856557426,14.846315524742002,0.12437464850953923,0.0014353168351454153,0.006333307141295799,0.0393809378747689,0.22662991121756154
0.7,0.015733916856557426,15.443385344925332,0.12432145627590774,0.0014374115951934774,0.006333307141295799,0.0393809378747689,0.22696066417195457
0.7,0.015733916856557426,16.064467343051373,0.1242639260078921,0.0014396771911041207,0.006333307141295799,0.0393809378747689,0.22731839132146714
0.7,0.015733916856557426,16.710527209681032,0.12420170537645064,0.0014421274979254453,0.006333307141295799,0.0393809378747689,0.22770528347222793
0.7,0.015733916856557426,17.382569472262958,0.12413441490313135,0.0014447774598747966,0.006333307141295799,0.0393809378747689,0.22812370024726042
0.7,0.015733916856557426,18.081639057025043,0.12406164489975166,0.0014476432108570386,0.006333307141295799,0.0393809378747689,0.22857618911576266
0.7,0.015733916856557426,18.80882291367997,0.12398295263979699,0.0014507421858575382,0.006333307141295799,0.0393809378747689,0.22906550298154582
0.7,0.015733916856557426,19.565251705471134,0.12389786079939304,0.001454093182338136,0.006333307141295799,0.0393809378747689,0.2295946098771751
0.7,0.015733916856557426,20.0,0.12384746493469051,0.0014560778187551315,0.006333307141295799,0.0393809378747689,0.22990797481791117
0.7,0.015733916856557426,20.352101567186576,0.12380585328175604,0.0014577165246742107,0.006333307141295799,0.0393809378747689,0.230166718927824
0.7,0.015733916856557426,21.170595933874512,0.12370637485315794,0.001461634078490712,0.006333307141295799,0.0393809378747689,0.23078528261486791
0.7,0.015733916856557426,22.02200744310364,0.12359882477068455,0.0014658695016070231,0.006333307141295799,0.0393809378747689,0.23145403639892084
0.7,0.015733916856557426,22.9076599137262,0.123482556951946,0.0014704482373536004,0.006333307141295799,0.0393809378747689,0.23217699766456387
0.7,0.015733916856557426,23.82893040422031,0.12335687432528042,0.001475397737066256,0.006333307141295799,0.0393809378747689,0.23295850085116646
0.7,0.015733916856557426,24.787251353812007,0.12322102509322307,0.0014807476072342413,0.006333307141295799,0.0393809378747689,0.23380322068689052
0.7,0.015733916856557426,25.784112809706244,0.12307419976743644,0.0014865297262674866,0.006333307141295799,0.0393809378747689,0.23471619062569918
0.7,0.015733916856557426,26.82106474388963,0.12291552705219858,0.0014927784066086905,0.006333307141295799,0.0393809378747689,0.23570282844410845
0.7,0.015733916856557426,27.89971946310744,0.12274406828350722,0.0014995306137266093,0.006333307141295799,0.0393809378747689,0.23676897081921788
0.7,0.015733916856557426,29.02175411576192,0.12255881472410618,0.0015068260726404615,0.006333307141295799,0.0393809378747689,0.23792089014842313
0.7,0.015733916856557426,30.188913299629792,0.12235867917420501,0.0015147075982976516,0.006333307141295799,0.0393809378747689,0.2391653467145352
0.7,0.015733916856557426,31.40301177445345,0.12214249584188405,0.001523221100677344,0.006333307141295799,0.0393809378747689,0.2405095894916115
0.7,0.015733916856557426,32.66593728362376,0.12190900998927771,0.0015324159925334717,0.006333307141295799,0.0393809378747689,0.24196142052569686
0.7,0.015733916856557426,33.97965348934155,0.12165687586130344,0.0015423452709633356,0.006333307141295799,0.0393809378747689,0.2435292078141296
0.7,0.015733916856557426,35.3462030258216,0.12138464948205169,0.0015530658010925224,0.006333307141295799,0.0393809378747689,0.24522193009808207
0.7,0.015733916856557426,36.76771067528654,0.12109078150328688,0.001564638597707643,0.006333307141295799,0.0393809378747689,0.24704922133107174
0.7,0.015733916856557426,38.24638667168852,0.12077361430758805,0.0015771289393373732,0.006333307141295799,0.0393809378747689,0.2490213886918315
0.7,0.015733916856557426,39.78453013729589,0.12043137317078328,0.0015906067162840716,0.006333307141295799,0.0393809378747689,0.2511494675368977
0.7,0.015733916856557426,40.0,0.1203824328895481,0.0015925340304589683,0.006333307141295799,0.0393809378747689,0.2514537815598715
0.7,0.015733916856557426,41.38453265748794,0.12006215709480483,0.0016051467916345452,0.006333307141295799,0.0393809378747689,0.2534452784025458
0.7,0.015733916856557426,43.048881999316066,0.11966394092846439,0.001620828917741927,0.006333307141295799,0.0393809378747689,0.25592141381766376
0.7,0.015733916856557426,44.78016597961338,0.11923455989647831,0.001637738345487175,0.006333307141295799,0.0393809378747689,0.2585913345033339
0.7,0.015733916856557426,46.58107648866657,0.11877170774246737,0.0016559658974094824,0.006333307141295799,0.0393809378747689,0.2614693809197876
0.7,0.015733916856557426,48.454413675706945,0.11827293393865998,0.001675608077590784,0.006333307141295799,0.0393809378747689,0.2645707906166625
0.7,0.015733916856557426,50.4030903027279,0.11773563176237656,0.0016967675412149791,0.006333307141295799,0.0393809378747689,0.2679117723742385
0.7,0.015733916856557426,52.43013627339855,0.11715703123475743,0.0017195533726474567,0.006333307141295799,0.0393809378747689,0.2715095501109133
0.7,0.015733916856557426,54.538703344115525,0.11653421464379025,0.0017440804741237102,0.006333307141295799,0.0393809378747689,0.2753822663599527
0.7,0.015733916856557426,56.73207002451749,0.11586408461233372,0.0017704708232605167,0.006333307141295799,0.0393809378747689,0.2795491808247085
0.7,0.015733916856557426,59.0136466750821,0.11514337987541094,0.0017988528517313244,0.006333307141295799,0.0393809378747689,0.2840305722743265
0.7,0.015733916856557426,61.386980809732094,0.11436868047759893,0.0018293612405881803,0.006333307141295799,0.0393809378747689,0.2888477062260227
0.7,0.015733916856557426,63.85576261169375,0.11353638824620149,0.0018621376892464956,0.006333307141295799,0.0393809378747689,0.2940229563642323
0.7,0.015733916856557426,66.42383067118593,0.11264275194121148,0.0018973299250559456,0.006333307141295799,0.0393809378747689,0.2995796481564213
0.7,0.015733916856557426,69.09517795385946,0.11168385994897509,0.0019350919910308198,0.006333307141295799,0.0393809378747689,0.3055421042843816
0.7,0.015733916856557426,71.87395800926735,0.1106556593985345,0.001975583493030524,0.006333307141295799,0.0393809378747689,0.3119355257775037
0.7,0.015733916856557426,74.76449142901991,0.10955397232985888,0.002018968963039475,0.006333307141295799,0.0393809378747689,0.31878589147760683
0.7,0.015733916856557426,77.77127256466456,0.10837449423582388,0.002065417916585318,0.006333307141295799,0.0393809378747689,0.3261199671050111
0.7,0.015733916856557426,80.0,0.10747901143996544,0.0021006828689369436,0.006333307141295799,0.0393809378747689,0.33168814050397416
0.7,0.015733916856557426,80.89897651573759,0.10711284828748602,0.002115102717296765,0.006333307141295799,0.0393809378747689,0.3339649680820649
0.7,0.015733916856557426,84.15246639885166,0.10576458628336095,0.002168198539520126,0.006333307141295799,0.0393809378747689,0.3423485536304673
0.7,0.015733916856557426,87.53680090912191,0.10432525471895299,0.00222488076643927,0.006333307141295799,0.0393809378747689,0.3512984159464052
0.7,0.015733916856557426,91.05724218568857,0.1027904146127835,0.0022853242093080345,0.006333307141295799,0.0393809378747689,0.3608421569209504
0.7,0.015733916856557426,94.71926399356356,0.10115570772969142,0.0023497004995145405,0.006333307141295799,0.0393809378747689,0.3710068763590377
0.7,0.015733916856557426,98.52856023452543,0.09941691602136087,0.0024181757477574695,0.006333307141295799,0.0393809378747689,0.3818188023741904
0.7,0.015733916856557426,102.4910538002934,0.09757005063797419,0.0024909070386836814,0.006333307141295799,0.0393809378747689,0.39330273790796133
0.7,0.015733916856557426,106.6129057817468,0.09561140413383946,0.0025680403749816444,0.006333307141295799,0.0393809378747689,0.4054817361117626
0.7,0.015733916856557426,110.9005250485101,0.09353767807912244,0.0026497056519117447,0.006333307141295799,0.0393809378747689,0.41837630684837007
0.7,0.015733916856557426,115.3605782137954,0.09134608426467021,0.002736012671765416,0.006333307141295799,0.0393809378747689,0.43200378739339435
0.7,0.015733916856557426,120.0,0.0890344573824027,0.0028270467064056386,0.006333307141295799,0.0393809378747689,0.44637764178088213
1.0,0.022477024080796326,0.5,0.12838057842416953,0.0006053779262079773,0.006942035904103669,0.04935838470021041,0.08720466655179905
1.0,0.022477024080796326,0.5201083500882184,0.12838049077429553,0.000605382252464177,0.006942035904103669,0.04935838470021041,0.08720528974883511
1.0,0.022477024080796326,0.5410253916629775,0.12838039593268827,0.0006053869336927137,0.006942035904103669,0.04935838470021041,0.08720596407962243
1.0,0.022477024080796326,0.5627836476273268,0.12838029330994105,0.0006053919989857494,0.006942035904103669,0.04935838470021041,0.08720669373488577
1.0,0.022477024080796326,0.5854169488481564,0.128380182266499,0.0006053974799106812,0.006942035904103669,0.04935838470021041,0.08720748326190744
1.0,0.022477024080796326,0.6089604867581871,0.12838006211141256,0.0006054034105716609,0.006942035904103669,0.04935838470021041,0.08720833757338921
1.0,0.022477024080796326,0.6334508680734382,0.12837993209831344,0.0006054098278082233,0.006942035904103669,0.04935838470021041,0.0872092619760646
1.0,0.022477024080796326,0.6589261717112513,0.12837979141738287,0.0006054167715917142,0.006942035904103669,0.04935838470021041,0.08721026222780441
1.0,0.022477024080796326,0.6854260079973701,0.12837963919397996,0.0006054242850929955,0.006942035904103669,0.04935838470021041,0.08721134454736959
1.0,0.022477024080796326,0.7129915802541322,0.12837947447994247,0.0006054324151118238,0.006942035904103669,0.04935838470021041,0.08721251567626329
1.0,0.022477024080796326,0.7416657488655366,0.12837929625145109,0.0006054412121822656,0.006942035904103669,0.04935838470021041,0.08721378289391576
1.0,0.022477024080796326,0.7714930979187944,0.12837910340037495,0.0006054507309998713,0.006942035904103669,0.04935838470021041,0.08721515407921893
1.0,0.022477024080796326,0.8025200045259849,0.1283788947257632,0.0006054610308416364,0.006942035904103669,0.04935838470021041,0.08721663777102164
1.0,0.022477024080796326,0.8347947109335991,0.12837866892872218,0.0006054721758188501,0.006942035904103669,0.04935838470021041,0.08721824320455261
1.0,0.022477024080796326,0.868367399532091,0.12837842460471122,0.0006054842352573751,0.006942035904103669,0.04935838470021041,0.08721998036619966
1.0,0.022477024080796326,0.9032902708820651,0.12837816023521317,0.0006054972841087625,0.006942035904103669,0.04935838470021041,0.08722186005273078
1.0,0.022477024080796326,0.9396176248784216,0.12837787417542817,0.0006055114035576781,0.006942035904103669,0.04935838470021041,0.08722389395879387
1.0,0.022477024080796326,0.9774059451786528,0.12837756464513567,0.0006055266814729314,0.006942035904103669,0.04935838470021041,0.08722609474188751
1.0,0.022477024080796326,1.0167139870265693,0.12837722971654195,0.000605543213007308,0.006942035904103669,0.04935838470021041,0.08722847610876677
1.0,0.022477024080796326,1.0576028686080066,0.12837686730903924,0.0006055611008562445,0.006942035904103669,0.04935838470021041,0.08723105285270523
1.0,0.022477024080796326,1.1001361660805542,0.12837647516673326,0.0006055804563670402,0.006942035904103669,0.04935838470021041,0.08723384101327701
1.0,0.022477024080796326,1.1443800124250707,0.12837605084895906,0.0006056014000069745,0.006942035904103669,0.04935838470021041,0.08723685794378898
1.0,0.022477024080796326,1.1904032002726768,0.1283755917180782,0.0006056240619656201,0.006942035904103669,0.04935838470021041,0.08724012239804399
1.0,0.022477024080796326,1.2382772888671139,0.1283750949171091,0.0006056485832589718,0.006942035904103669,0.04935838470021041,0.08724365468939058
1.0,0.022477024080796326,1.2880767153287735,0.12837455735457945,0.0006056751164771109,0.006942035904103669,0.04935838470021041,0.08724747679842396
1.0,0.022477024080796326,1.3398789103934006,0.12837397568765915,0.0006057038266167299,0.006942035904103669,0.04935838470021041,0.08725161249291122
1.0,0.022477024080796326,1.3937644188054228,0.12837334629632408,0.0006057348923563738,0.006942035904103669,0.04935838470021041,0.08725608751148979
1.0,0.022477024080796326,1.4498170245531061,0.12837266526641355,0.0006057685068926897,0.006942035904103669,0.04935838470021041,0.08726092968412909
1.0,0.022477024080796326,1.5081238811402522,0.12837192836249048,0.0006058048792800122,0.006942035904103669,0.04935838470021041,0.08726616912509784
1.0,0.022477024080796326,1.568775647096994,0.12837113099752798,0.0006058442359265781,0.006942035904103669,0.04935838470021041,0.08727183844849368
1.0,0.022477024080796326,1.6318666269403894,0.12837026821936354,0.0006058868212631295,0.006942035904103669,0.04935838470021041,0.08727797286455542
1.0,0.022477024080796326,1.697494917803984,0.12836933465164593,0.0006059329006576786,0.006942035904103669,0.04935838470021041,0.08728461059953486
1.0,0.022477024080796326,1.7657625619643322,0.12836832448587826,0.0006059827608082503,0.006942035904103669,0.04935838470021041,0.08729179295227121
1.0,0.022477024080796326,1.836775705501629,0.12836723144696957,0.0006060367114431977,0.006942035904103669,0.04935838470021041,0.0872995645391216
1.0,0.022477024080796326,1.910644763341151,0.1283660487362319,0.0006060950881347765,0.006942035904103669,0.04935838470021041,0.08730797369925636
1.0,0.022477024080796326,1.9874845909321213,0.12836476899661708,0.0006061582540150007,0.006942035904103669,0.04935838470021041,0.08731707274182786
1.0,0.022477024080796326,2.0674146628309265,0.1283633842598697,0.0006062266023840858,0.006942035904103669,0.04935838470021041,0.0873269183217167
1.0,0.022477024080796326,2.1505592584663673,0.12836188592818873,0.0006063005576156045,0.006942035904103669,0.04935838470021041,0.08733757156991942
1.0,0.022477024080796326,2.2370476553757688,0.12836026467201,0.0006063805802017713,0.006942035904103669,0.04935838470021041,0.0873490988203215
1.0,0.022477024080796326,2.3270143302124175,0.1283585104134583,0.0006064671675702297,0.006942035904103669,0.04935838470021041,0.08736157172735548
1.0,0.022477024080796326,2.420599167836842,0.1283566122476431,0.000606560857968761,0.006942035904103669,0.04935838470021041,0.08737506782559316
1.0,0.022477024080796326,2.5179476788170687,0.1283545583573157,0.0006066622346776731,0.006942035904103669,0.04935838470021041,0.08738967113654006
1.0,0.022477024080796326,2.6192112256760103,0.12835233597939885,0.0006067719276618422,0.006942035904103669,0.04935838470021041,0.08740547240661188
1.0,0.022477024080796326,2.7245472582377794,0.12834993129585712,0.0006068906189571777,0.006942035904103669,0.04935838470021041,0.08742256988305469
1.0,0.022477024080796326,2.8341195584388617,0.12834732935906637,0.000607019046354261,0.006942035904103669,0.04935838470021041,0.08744106984457281
1.0,0.022477024080796326,2.948098494984772,0.12834451398797508,0.0006071580085236583,0.006942035904103669,0.04935838470021041,0.08746108733963001
1.0,0.022477024080796326,3.06666128824818,0.12834146767985186,0.0006073083693719202,0.006942035904103669,0.04935838470021041,0.08748274681393105
1.0,0.022477024080796326,3.189992285820342,0.12833817149550847,0.0006074710637067838,0.006942035904103669,0.04935838470021041,0.08750618292649386
1.0,0.022477024080796326,3.3182832491443257,0.1283346049447443,0.0006076471028914543,0.006942035904103669,0.04935838470021041,0.0875315413641485
1.0,0.022477024080796326,3.451733651675656,0.1283307458593242,0.0006078375811142114,0.006942035904103669,0.04935838470021041,0.0875589797446738
1.0,0.022477024080796326,3.590550989034012,0.12832657026528055,0.0006080436816913691,0.006942035904103669,0.04935838470021041,0.08758866852473843
1.0,0.022477024080796326,3.7349511016282015,0.12832205218583895,0.0006082666867945541,0.006942035904103669,0.04935838470021041,0.08762079240111498
1.0,0.022477024080796326,3.885158510256036,0.1283171635979932,0.000608507979594085,0.006942035904103669,0.04935838470021041,0.08765555061943366
1.0,0.022477024080796326,4.041406765200936,0.12831187409277536,0.0006087690610275011,0.006942035904103669,0.04935838470021041,0.08769315938968818
1.0,0.022477024080796326,4.203938809368043,0.12830615076859822,0.0006090515550640002,0.006942035904103669,0.04935838470021041,0.08773385264457786
1.0,0.022477024080796326,4.373007356024485,0.12829995817283116,0.0006093572115881641,0.006942035904103669,0.04935838470021041,0.0877778824549082
1.0,0.022477024080796326,4.548875281731075,0.12829325775133912,0.0006096879335698215,0.006942035904103669,0.04935838470021041,0.08782552294340838
1.0,0.022477024080796326,4.731816035076458,0.12828600795229275,0.0006100457719401516,0.006942035904103669,0.04935838470021041,0.08787706954663448
1.0,0.022477024080796326,4.922114061849185,0.12827816375254078,0.0006104329489691742,0.006942035904103669,0.04935838470021041,0.08793284238249574
1.0,0.022477024080796326,5.0,0.12827486418491502,0.000610595810297391,0.006942035904103669,0.04935838470021041,0.08795630255044454
1.0,0.022477024080796326,5.120065247308795,0.12826967640577583,0.0006108518706958834,0.006942035904103669,0.04935838470021041,0.08799318804081502
1.0,0.022477024080796326,5.325977376243608,0.12826049329169395,0.0006113051343734823,0.006942035904103669,0.04935838470021041,0.08805848065581445
1.0,0.022477024080796326,5.540170611530483,0.12825055737078256,0.0006117955553801777,0.006942035904103669,0.04935838470021041,0.08812912578261442
1.0,0.022477024080796326,5.7629779919407085,0.12823980710219485,0.0006123261712727606,0.006942035904103669,0.04935838470021041,0.08820556098115168
1.0,0.022477024080796326,5.994745949965992,0.12822817563871952,0.0006129002815216025,0.006942035904103669,0.04935838470021041,0.08828826154000395
1.0,0.022477024080796326,6.2358348504696846,0.12821559097536017,0.0006135214401770152,0.006942035904103669,0.04935838470021041,0.08837773941997941
1.0,0.022477024080796326,6.4866195510008,0.1282019750796976,0.0006141934987931663,0.006942035904103669,0.04935838470021041,0.088474549437305
1.0,0.022477024080796326,6.747489984642013,0.12818724350976493,0.0006149206252891413,0.006942035904103669,0.04935838470021041,0.08857929198056168
1.0,0.022477024080796326,7.0188517662978684,0.1281713050010241,0.0006157073243351187,0.006942035904103669,0.04935838470021041,0.08869261594731218
1.0,0.022477024080796326,7.301126823365925,0.12815406093994328,0.0006165584633357401,0.006942035904103669,0.04935838470021041,0.08881522248700441
1.0,0.022477024080796326,7.594754051771373,0.1281354043961416,0.0006174793202018795,0.006942035904103669,0.04935838470021041,0.088947871882493
1.0,0.022477024080796326,7.900189998385242,0.1281152200777901,0.0006184755855519839,0.006942035904103669,0.04935838470021041,0.08909138386714226
1.0,0.022477024080796326,8.217909570887183,0.1280933828906878,0.0006195534338337503,0.006942035904103669,0.04935838470021041,0.08924664786990105
1.0,0.022477024080796326,8.548406776176625,0.12806975804853044,0.0006207195178814353,0.006942035904103669,0.04935838470021041,0.08941462223128337
1.0,0.022477024080796326,8.892195488480342,0.12804419941556852,0.0006219810507195811,0.006942035904103669,0.04935838470021041,0.08959634598719193
1.0,0.022477024080796326,9.24981024835082,0.12801654904804916,0.0006233458281967039,0.006942035904103669,0.04935838470021041,0.08979294212930006
1.0,0.022477024080796326,9.62180709379768,0.12798663637118224,0.0006248222696089139,0.006942035904103669,0.04935838470021041,0.09000562345688252
1.0,0.022477024080796326,10.0,0.12795502392383873,0.0006263826089462103,0.006942035904103669,0.04935838470021041,0.09023039027728662
1.0,0.022477024080796326,10.008764424844449,0.12795427694995573,0.0006264194783704886,0.006942035904103669,0.04935838470021041,0.09023570131640939
1.0,0.022477024080796326,10.411283902855006,0.12791927121223726,0.0006281473050395118,0.006942035904103669,0.04935838470021041,0.09048459468038662
1.0,0.022477024080796326,10.82999138602789,0.1278814035186293,0.000630016393228322,0.006942035904103669,0.04935838470021041,0.09075383676075463
1.0,0.022477024080796326,11.265537902513168,0.12784044061841787,0.0006320382558153946,0.006942035904103669,0.04935838470021041,0.09104508598720669
1.0,0.022477024080796326,11.718600662664821,0.1277961307491865,0.0006342253193869331,0.006942035904103669,0.04935838470021041,0.09136013240899855
1.0,0.022477024080796326,12.189884112002607,0.1277482019930427,0.0006365910053708805,0.006942035904103669,0.04935838470021041,0.09170090938229956
1.0,0.022477024080796326,12.680121026520528,0.12769635962840506,0.0006391498607484346,0.006942035904103669,0.04935838470021041,0.09206951239918132
1.0,0.022477024080796326,13.190073652045038,0.12764028619052264,0.0006419175550668975,0.006942035904103669,0.04935838470021041,0.09246819865731876
1.0,0.022477024080796326,13.720534889414454,0.12757963843604458,0.0006449110302636299,0.006942035904103669,0.04935838470021041,0.09289940864212493
1.0,0.022477024080796326,14.27232952732237,0.12751404503211877,0.0006481486147283961,0.006942035904103669,0.04935838470021041,0.09336578255742727
1.0,0.022477024080796326,14.846315524742002,0.1274431063058203,0.0006516500356711797,0.006942035904103669,0.04935838470021041,0.093870162107051
1.0,0.022477024080796326,15.443385344925332,0.12736638920119067,0.0006554366680345753,0.006942035904103669,0.04935838470021041,0.09441562635063942
1.0,0.022477024080796326,16.064467343051373,0.12728342679865237,0.0006595315582147137,0.006942035904103669,0.04935838470021041,0.09500549512065223
1.0,0.022477024080796326,16.710527209681032,0.12719371552069145,0.0006639595619842564,0.006942035904103669,0.04935838470021041,0.09564334889016748
1.0,0.022477024080796326,17.382569472262958,0.12709671099846523,0.0006687475485099587,0.006942035904103669,0.04935838470021041,0.09633305816160354
1.0,0.022477024080796326,18.081639057025043,0.12699182659304495,0.0006739244733417454,0.006942035904103669,0.04935838470021041,0.0970787939807926
1.0,0.022477024080796326,18.80882291367997,0.12687842908562477,0.0006795215911370358,0.006942035904103669,0.04935838470021041,0.0978850585799114
1.0,0.022477024080796326,19.565251705471134,0.12675583599114307,0.000685572588256053,0.006942035904103669,0.04935838470021041,0.09875670447783022
1.0,0.022477024080796326,20.0,0.1266832434368119,0.0006891556394791019,0.006942035904103669,0.04935838470021041,0.09927284286612795
1.0,0.022477024080796326,20.352101567186576,0.12662331143919206,0.000692113786073474,0.006942035904103669,0.04935838470021041,0.09969896376714825
1.0,0.022477024080796326,21.170595933874512,0.12648006124425729,0.0006991843843034444,0.006942035904103669,0.04935838470021041,0.10071748316515235
1.0,0.022477024080796326,22.02200744310364,0.12632523172197477,0.0007068265194272146,0.006942035904103669,0.04935838470021041,0.10181833243031571
1.0,0.022477024080796326,22.9076599137262,0.12615790170291535,0.0007150856588798429,0.006942035904103669,0.04935838470021041,0.10300806114487711
1.0,0.022477024080796326,23.82893040422031,0.12597707912707615,0.0007240107691405973,0.006942035904103669,0.04935838470021041,0.1042937229282566
1.0,0.022477024080796326,24.787251353812007,0.12578169909179468,0.0007336544120847607,0.006942035904103669,0.04935838470021041,0.10568288931652933
1.0,0.022477024080796326,25.784112809706244,0.12557061277968545,0.0007440732914827967,0.006942035904103669,0.04935838470021041,0.10718372848560899
1.0,0.022477024080796326,26.82106474388963,0.1253425875867809,0.000755328246675519,0.006942035904103669,0.04935838470021041,0.10880500434015608
1.0,0.022477024080796326,27.89971946310744,0.12509629584867396,0.0007674848090334849,0.006942035904103669,0.04935838470021041,0.11055615667153192
1.0,0.022477024080796326,29.02175411576192,0.12483031651090121,0.0007806131195095796,0.006942035904103669,0.04935838470021041,0.11244728928125151
1.0,0.022477024080796326,30.188913299629792,0.1245431194198058,0.0007947887040166482,0.006942035904103669,0.04935838470021041,0.11448928167410112
1.0,0.022477024080796326,31.40301177445345,0.12423306728940706,0.0008100923763459892,0.006942035904103669,0.04935838470021041,0.11669377507355107
1.0,0.022477024080796326,32.66593728362376,0.1238984039189066,0.0008266108197322198,0.006942035904103669,0.04935838470021041,0.11907325619615171
1.0,0.022477024080796326,33.97965348934155,0.12353724852236313,0.0008444368667313695,0.006942035904103669,0.04935838470021041,0.12164109756796197
1.0,0.022477024080796326,35.3462030258216,0.12314759109623913,0.000863669727871292,0.006942035904103669,0.04935838470021041,0.12441159046163215
1.0,0.022477024080796326,36.76771067528654,0.1227272807903396,0.0008844155656433442,0.006942035904103669,0.04935838470021041,0.1274000275798828
1.0,0.022477024080796326,38.24638667168852,0.1222740245064779,0.0009067875636699779,0.006942035904103669,0.04935838470021041,0.13062271301909367
1.0,0.022477024080796326,39.78453013729589,0.12178537466185169,0.0009309065306847362,0.006942035904103669,0.04935838470021041,0.1340970492725983
1.0,0.022477024080796326,40.0,0.1217155386416397,0.0009343535238362909,0.006942035904103669,0.04935838470021041,0.13459358850102798
1.0,0.022477024080796326,41.38453265748794,0.12125872901823694,0.0009569009089629632,0.006942035904103669,0.04935838470021041,0.13784153844512778
1.0,0.022477024080796326,43.048881999316066,0.12069131629636698,0.0009849074843728137,0.006942035904103669,0.04935838470021041,0.14187588453563055
1.0,0.022477024080796326,44.78016597961338,0.12008020084679435,0.0010150711558290617,0.006942035904103669,0.04935838470021041,0.14622096022710274
1.0,0.022477024080796326,46.58107648866657,0.1194222664928116,0.001047545732780427,0.006942035904103669,0.04935838470021041,0.15089892176460623
1.0,0.022477024080796326,48.454413675706945,0.11871422181484621,0.0010824936743803783,0.006942035904103669,0.04935838470021041,0.15593317138283314
1.0,0.022477024080796326,50.4030903027279,0.11795258877213825,0.00112008665110275,0.006942035904103669,0.04935838470021041,0.1613484382068133
1.0,0.022477024080796326,52.43013627339855,0.11713371674314904,0.0011605048517298409,0.006942035904103669,0.04935838470021041,0.16717067842357713
1.0,0.022477024080796326,54.538703344115525,0.11625376615598944,0.0012039377913280408,0.006942035904103669,0.04935838470021041,0.17342719167101298
1.0,0.022477024080796326,56.73207002451749,0.11530871658689576,0.001250583911520135,0.006942035904103669,0.04935838470021041,0.1801465634571082
1.0,0.022477024080796326,59.0136466750821,0.11429438808291796,0.0013006495280318596,0.006942035904103669,0.04935838470021041,0.1873585135540717
1.0,0.022477024080796326,61.386980809732094,0.11320642785042627,0.0013543494877257152,0.006942035904103669,0.04935838470021041,0.1950939906440291
1.0,0.022477024080796326,63.85576261169375,0.11204033531425228,0.0014119059317222347,0.006942035904103669,0.04935838470021041,0.20338499414668976
1.0,0.022477024080796326,66.42383067118593,0.11079148443958214,0.0014735471936273975,0.006942035904103669,0.04935838470021041,0.21226441550904895
1.0,0.022477024080796326,69.09517795385946,0.1094551423388878,0.0015395068811245565,0.006942035904103669,0.04935838470021041,0.22176590590874107
1.0,0.022477024080796326,71.87395800926735,0.10802649744716357,0.0016100224852902715,0.006942035904103669,0.04935838470021041,0.23192367592603974
1.0,0.022477024080796326,74.76449142901991,0.10650070970446535,0.0016853329036652358,0.006942035904103669,0.04935838470021041,0.2427721387423219
1.0,0.022477024080796326,77.77127256466456,0.10487293268559622,0.00176567734796874,0.006942035904103669,0.04935838470021041,0.2543457527963791
1.0,0.022477024080796326,80.0,0.10364109150857892,0.00182647903867352,0.006942035904103669,0.04935838470021041,0.26310423396021726
1.0,0.022477024080796326,80.89897651573759,0.10313839282415868,0.0018512914337274235,0.006942035904103669,0.04935838470021041,0.2666784584955925
1.0,0.022477024080796326,84.15246639885166,0.1012924479356373,0.001942404291670449,0.006942035904103669,0.04935838470021041,0.27980326211252077
1.0,0.022477024080796326,87.53680090912191,0.09933065662643724,0.0020392351418114752,0.006942035904103669,0.04935838470021041,0.29375174228154244
1.0,0.022477024080796326,91.05724218568857,0.09724886874991397,0.002141988828685145,0.006942035904103669,0.04935838470021041,0.308553406849847
1.0,0.022477024080796326,94.71926399356356,0.0950433449044818,0.0022508499231134738,0.006942035904103669,0.04935838470021041,0.32423484323711455
1.0,0.022477024080796326,98.52856023452543,0.09271085352406684,0.0023659779299779193,0.006942035904103669,0.04935838470021041,0.3408190281152696
1.0,0.022477024080796326,102.4910538002934,0.09024880731860055,0.002487500553737018,0.006942035904103669,0.04935838470021041,0.358324357306561
1.0,0.022477024080796326,106.6129057817468,0.08765540857800704,0.0026155065264562736,0.006942035904103669,0.04935838470021041,0.37676361266154795
1.0,0.022477024080796326,110.9005250485101,0.08492982226729849,0.0027500370641138534,0.006942035904103669,0.04935838470021041,0.3961427313402708
1.0,0.022477024080796326,115.3605782137954,0.08207232661937072,0.0028910784335834496,0.006942035904103669,0.04935838470021041,0.4164597350864228
1.0,0.022477024080796326,120.0,0.07908451150551322,0.003038552161386331,0.006942035904103669,0.04935838470021041,0.4377033197984674
