protocol,tau,ratio,W,Qh,Qc,eta,W_ad,D_open,D_close,bound,leakage_open,leakage_close,sigma,norm_error,thermal_tail,identity_error
linear_J,1.0,5.2,-0.057879835874745156,-0.0199420801908336,-0.037937755683911556,,0.00013727224531010862,0.02011324891966665,0.03790385920038852,0.044890285859223576,0.02414039751113989,0.02403000678460836,4.177277110522571,1.577959984899735e-11,8.330189082845176e-74,-9.71445146547012e-17
linear_J,1.0,5.6000000000000005,-0.05680936809047643,-0.01935558217190614,-0.03745378591857029,,0.0006080858906335955,0.02011324891966665,0.037304205061443274,0.044482838970567866,0.02414039751113989,0.02365153493582747,4.091013987783924,1.577959984899735e-11,1.3230604115910993e-68,-1.0408340855860843e-16
linear_J,1.0,6.0,-0.055861321984993495,-0.01883541499056618,-0.037025906994427316,,0.0010249641650421346,0.02011324891966665,0.036773037230368844,0.04412181135444859,0.02414039751113989,0.023316205621583555,4.016514282618835,1.577959984899735e-11,4.2536486526578224e-64,-1.3877787807814457e-16
linear_J,1.0,6.4,-0.05501735503047245,-0.018370985389662864,-0.036646369640809584,,0.001395907579451248,0.02011324891966665,0.03630001369025704,0.04380009218173415,0.02414039751113989,0.02301743137446856,3.951683610794441,1.577959984899735e-11,3.7352788856454855e-60,-1.3877787807814457e-17
linear_J,1.0,6.800000000000001,-0.05426257918253641,-0.017953334768462392,-0.036309244414074016,,0.0017273658861075144,0.02011324891966665,0.03587669614897715,0.04351182501931069,0.02414039751113989,0.022749798183413467,3.8949440703553777,1.577959984899735e-11,1.1265746972002113e-56,-1.249000902703301e-16
linear_J,1.0,7.2,-0.0535849342767471,-0.01757476196812663,-0.03601017230862047,,0.0020245098875575716,0.02011324891966665,0.035496195244638096,0.04325216222060425,0.02414039751113989,0.022508838310763817,3.845111147086028,1.577959984899735e-11,1.394606357929648e-53,7.632783294297951e-17
linear_J,1.0,7.6000000000000005,-0.052974669081347736,-0.017228522631829724,-0.03574614644951801,,0.0022914582089468122,0.02011324891966665,0.03515287837062797,0.043017064835597654,0.02414039751113989,0.02229084476514001,3.8013057322127186,1.577959984899735e-11,8.156087346927414e-51,6.938893903907228e-17
linear_J,1.0,8.0,-0.05242391660152124,-0.016908598557149213,-0.035515318044372024,,0.0025314649971111313,0.02011324891966665,0.03484213267896563,0.042803143057911885,0.02414039751113989,0.022092722786312583,3.7628892864015677,1.577959984899735e-11,2.5218201928829366e-48,-8.326672684688674e-17
linear_J,1.0,8.4,-0.05192634695999543,-0.016609526252567508,-0.03531682070742792,,0.0027470756294318494,0.02011324891966665,0.0345601736697605,0.04260753035605544,0.02414039751113989,0.02191187204714781,3.7294145261305003,1.577959984899735e-11,4.515457140695887e-46,-1.3183898417423734e-16
linear_J,1.0,8.8,-0.05147688273410389,-0.01632627325310021,-0.03515060948100368,,0.0029402566328306685,0.02011324891966665,0.03430389044726789,0.042427784639310906,0.02414039751113989,0.021746093520119473,3.700586780521961,1.577959984899735e-11,5.04434015617918e-44,-1.3877787807814457e-17
linear_J,1.0,9.2,-0.05107146443305083,-0.016054151630384317,-0.03501731280266651,,0.003112504696812876,0.02011324891966665,0.03407072021019697,0.042261810714624766,0.02414039751113989,0.0215935158194553,3.676232928423002,1.577959984899735e-11,3.738972604115703e-42,-8.326672684688674e-17
linear_J,1.0,9.600000000000001,-0.05070685650253265,-0.01578875960619336,-0.03491809689633929,,0.003264938480751665,0.02011324891966665,0.03385854606361771,0.04210779933385948,0.02414039751113989,0.021452536796658674,3.6562759355317764,1.577959984899735e-11,1.935616801652016e-40,4.163336342344337e-17
linear_J,1.0,10.0,-0.05038048644283455,-0.015525943787072283,-0.034854542655762266,,0.0033983760106148686,0.02011324891966665,0.03366561353378261,0.041964179093967324,0.02414039751113989,0.021321777044178154,3.6407137034469494,1.577959984899735e-11,7.306589792677805e-39,-1.5265566588595902e-16
linear_J,1.0,10.4,-0.050090311289128164,-0.015261776060361554,-0.03482853522876661,,0.0035133998199881004,0.02011324891966665,0.0334904621894494,0.04182957826799737,0.02414039751113989,0.021200042693929964,3.629601369610907,1.577959984899735e-11,2.085778829832316e-37,-2.1510571102112408e-16
linear_J,1.0,10.8,-0.049834706920548755,-0.014992540530666065,-0.03484216638988269,,0.0036104115533966367,0.02011324891966665,0.03333186955427858,0.041702794305586544,0.02414039751113989,0.02108629548370912,3.6230364587166584,1.577959984899735e-11,4.644768934322384e-36,-1.5959455978986625e-16
linear_J,1.0,11.2,-0.049612376550657866,-0.01471472699959675,-0.034897649551061116,,0.0036896774534607786,0.02011324891966665,0.0331888050844521,0.04158276926395841,0.02414039751113989,0.02097962852405912,3.62114644617394,1.577959984899735e-11,8.286280921066552e-35,1.0408340855860843e-16
linear_J,1.0,11.600000000000001,-0.049422275403862126,-0.014425028404416063,-0.03499724699944606,,0.003751365947052346,0.02011324891966665,0.0330603924312477,0.041468569837229595,0.02414039751113989,0.020879246554059275,3.624078393086124,1.577959984899735e-11,1.2117631226636495e-33,-1.249000902703301e-16
linear_J,1.0,12.0,-0.049263549073965684,-0.01412034035409726,-0.035143208719868424,,0.00379557839403121,0.02011324891966665,0.03294587854833009,0.04135937096550768,0.02414039751113989,0.020784449748398316,3.631990374937653,1.577959984899735e-11,1.4817418450504934e-32,-1.5959455978986625e-16
linear_J,1.0,12.4,-0.04913548344385871,-0.013797761461973812,-0.035337721981884895,,0.0038223739425732317,0.02011324891966665,0.03284460846676551,0.04125444224559514,0.02414039751113989,0.02069462034833861,3.645044468043117,1.577959984899735e-11,1.5415016355369762e-31,2.220446049250313e-16
linear_J,1.0,12.8,-0.04903746435369383,-0.013454593601012865,-0.03558287075268096,,0.0038317893339585374,0.02011324891966665,0.0327560047679859,0.04115313654844663,0.02414039751113989,0.02060921155045741,3.663401087776009,1.577959984899735e-11,1.3851978844497059e-30,1.8735013540549517e-16
linear_J,1.0,13.2,-0.04896894546091013,-0.013088341527029423,-0.035880603933880706,,0.003823854409474892,0.02011324891966665,0.032679550950718395,0.04105488038798185,0.02414039751113989,0.020527738210900297,3.6872144958655664,1.577959984899735e-11,1.0895775317434279e-29,2.0816681711721685e-17
linear_J,1.0,13.600000000000001,-0.0489294229530996,-0.012696711549567807,-0.03623271140353179,,0.0037986039890793265,0.02011324891966665,0.032614778022512336,0.04095916569175354,0.02414039751113989,0.02044976901817669,3.716629313511766,1.577959984899735e-11,7.590750842994531e-29,5.551115123125783e-17
linear_J,1.0,14.0,-0.04891841596268087,-0.012277609098683695,-0.03664080686399718,,0.0037560867140893498,0.02011324891966665,0.03256125375710339,0.04086554270431906,0.02414039751113989,0.0203749198610508,3.7517778942474584,1.577959984899735e-11,4.732714426251893e-28,-1.8041124150158794e-16
linear_J,1.0,14.400000000000002,-0.04893545169625968,-0.011829135153841097,-0.03710631654241858,,0.003696371373995134,0.02011324891966665,0.03251857415058801,0.04077361381512643,0.02414039751113989,0.020302848174990756,3.7927784261435327,1.577959984899735e-11,2.6653326797295216e-27,-1.5265566588595902e-16
linear_J,1.0,14.8,-0.04898005443508158,-0.011349581580900603,-0.037630472854180974,,0.0036195511705432665,0.02011324891966665,0.03248635668595823,0.040683028149009294,0.02414039751113989,0.020233248094847486,3.8397336474512094,1.577959984899735e-11,1.3670691409926386e-26,3.469446951953614e-17
linear_J,1.0,15.2,-0.049051737688669494,-0.010837425474349127,-0.03821431221432037,,0.003525746310725192,0.02011324891966665,0.032464235079727954,0.04059347679257063,0.02414039751113989,0.02016584627590951,3.892730073236965,1.577959984899735e-11,6.433284538229847e-26,-8.326672684688674e-17
linear_J,1.0,15.600000000000001,-0.049149998893662006,-0.010291322632034139,-0.03885867626162787,,0.0034151052643523853,0.02011324891966665,0.032451855238347704,0.040504688556537397,0.02414039751113989,0.020100398272474368,3.9518376430348003,1.577959984899735e-11,2.796113742999517e-25,-4.163336342344337e-17
linear_J,1.0,16.0,-0.049274316145588415,-0.009710100304534452,-0.03956421584105396,,0.0032878049715492283,0.02011324891966665,0.032448872197470946,0.04041642619463843,0.02414039751113989,0.020036685384303123,4.017109711008737,1.577959984899735e-11,1.1291344149624723e-24,-4.85722573273506e-17
linear_J,1.0,16.400000000000002,-0.049424146534371105,-0.009092749365316344,-0.04033139716905476,,0.003144050240642466,0.02011324891966665,0.03245494785534686,0.04032848301524546,0.02414039751113989,0.019974511898087292,4.088583310596429,1.577959984899735e-11,4.259332949442417e-24,-6.245004513516506e-17
linear_J,1.0,16.8,-0.04959892572602481,-0.008438416044403707,-0.041160509681621105,,0.002984072537359543,0.02011324891966665,0.032469749343717824,0.04024067983409021,0.02414039751113989,0.019913702664355656,4.166279635093084,1.577959984899735e-11,1.508191859968003e-23,1.1796119636642288e-16
linear_J,1.0,17.2,-0.049798068494598835,-0.007746393359932602,-0.04205167513466623,,0.002808128331662974,0.02011324891966665,0.03249294790659518,0.04015286222570687,0.02414039751113989,0.01985410096084432,4.250204684163906,1.577959984899735e-11,5.0350984804981494e-23,2.0816681711721685e-17
linear_J,1.0,17.6,-0.05002096996101135,-0.007016112370549554,-0.0430048575904618,,0.002616497138574758,0.02011324891966665,0.03252421817991946,0.04006489803851418,0.02414039751113989,0.01979556660183752,4.340350033878848,1.577959984899735e-11,1.5912513123187694e-22,0.0
linear_J,1.0,18.0,-0.050267007340172254,-0.0062471333585584765,-0.04401987398161378,,0.0024094793635834263,0.02011324891966665,0.03256323778408898,0.039976675144141056,0.02414039751113989,0.019737974259810116,4.436693694597814,1.577959984899735e-11,4.777901187677101e-22,-4.85722573273506e-17
linear_J,1.200315505050112,5.2,-0.053628232810342735,-0.018733754460373453,-0.03489447834996928,,0.00013727224531010862,0.0189049231892065,0.03486058186644625,0.04268316321613764,0.02295920406787362,0.022853717693532633,3.849712343850264,1.7142509634027192e-11,8.330189082845176e-74,-9.71445146547012e-17
linear_J,1.200315505050112,5.6000000000000005,-0.05260218876478773,-0.01814725644144599,-0.034454932323341736,,0.0006080858906335955,0.0189049231892065,0.03430535146621472,0.042293713889454736,0.02295920406787362,0.022492061079268273,3.7695513830742806,1.7142509634027192e-11,1.3230604115910993e-68,-1.0408340855860843e-16
linear_J,1.200315505050112,6.0,-0.051693493347964914,-0.017627089260106032,-0.03406640408785888,,0.0010249641650421346,0.0189049231892065,0.03381353432380041,0.041948633610906026,0.02295920406787362,0.022171630287395435,3.700425229787655,1.7142509634027192e-11,4.2536486526578224e-64,-1.3877787807814457e-16
linear_J,1.200315505050112,6.4,-0.05088457060451557,-0.017162659659202717,-0.03372191094531285,,0.001395907579451248,0.0189049231892065,0.033375554994760304,0.041641125784477886,0.02295920406787362,0.02188613058543996,3.6403576517063274,1.7142509634027192e-11,3.7352788856454855e-60,-1.3877787807814457e-17
linear_J,1.200315505050112,6.800000000000001,-0.05016115821926104,-0.016745009038002245,-0.03341614918125879,,0.0017273658861075144,0.0189049231892065,0.032983600916161926,0.041365592866351594,0.02295920406787362,0.021630388589134797,3.587865051037677,1.7142509634027192e-11,1.1265746972002113e-56,-1.249000902703301e-16
linear_J,1.200315505050112,7.2,-0.04951170721592785,-0.016366436237666482,-0.033145270978261365,,0.0020245098875575716,0.0189049231892065,0.03263129391427899,0.041117401612782434,0.02295920406787362,0.02140013517666349,3.541838712238171,1.7142509634027192e-11,1.394606357929648e-53,7.632783294297951e-17
linear_J,1.200315505050112,7.6000000000000005,-0.0489268846569213,-0.016020196901369577,-0.03290668775555172,,0.0022914582089468122,0.0189049231892065,0.03231341967666168,0.04089269183233281,0.02295920406787362,0.021191828206039615,3.501460840046877,1.7142509634027192e-11,8.156087346927414e-51,6.938893903907228e-17
linear_J,1.200315505050112,8.0,-0.048399166490567525,-0.015700272826689066,-0.03269889366387846,,0.0025314649971111313,0.0189049231892065,0.032025708298472066,0.04068822387992572,0.02295920406787362,0.021002510598092754,3.466142776721459,1.7142509634027192e-11,2.5218201928829366e-48,-8.326672684688674e-17
linear_J,1.200315505050112,8.4,-0.04792250458338565,-0.015401200522107361,-0.03252130406127829,,0.0027470756294318494,0.0189049231892065,0.031764657023610865,0.040501258342953365,0.02295920406787362,0.020829697769979606,3.435478031391012,1.7142509634027192e-11,4.515457140695887e-46,-1.3183898417423734e-16
linear_J,1.200315505050112,8.8,-0.047492053481759444,-0.015117947522640063,-0.03237410595911938,,0.0029402566328306685,0.0189049231892065,0.031527386925383594,0.04032946156444088,0.02295920406787362,0.020671288635971667,3.409205454123757,1.7142509634027192e-11,5.04434015617918e-44,-1.3877787807814457e-17
linear_J,1.200315505050112,9.2,-0.04710394514138355,-0.01484582589992417,-0.03225811924145938,,0.003112504696812876,0.0189049231892065,0.03131152664898984,0.040170831514312,0.02295920406787362,0.020525495217546093,3.387179596971201,1.7142509634027192e-11,3.738972604115703e-42,-8.326672684688674e-17
linear_J,1.200315505050112,9.600000000000001,-0.04675510245355535,-0.014580433875733212,-0.03217466857782214,,0.003264938480751665,0.0189049231892065,0.031115117745100562,0.040023639516725495,0.02295920406787362,0.020390786828529822,3.3693463773211016,1.7142509634027192e-11,1.935616801652016e-40,4.163336342344337e-17
linear_J,1.200315505050112,10.0,-0.04644308449994261,-0.014317618056612136,-0.032125466443330475,,0.0033983760106148686,0.0189049231892065,0.03093653732135082,0.03988638426199968,0.02295920406787362,0.020265845639067956,3.3557228248991686,1.7142509634027192e-11,7.306589792677805e-39,-1.5265566588595902e-16
linear_J,1.200315505050112,10.4,-0.04616595805359086,-0.014053450329901407,-0.032112507723689454,,0.0035133998199881004,0.0189049231892065,0.030774434684372243,0.039757755310820916,0.02295920406787362,0.020149531121532997,3.3463801024641513,1.7142509634027192e-11,2.085778829832316e-37,-2.1510571102112408e-16
linear_J,1.200315505050112,10.8,-0.04592219100313305,-0.013784214800205918,-0.03213797620292713,,0.0036104115533966367,0.0189049231892065,0.030627679367323024,0.03963660392981298,0.02295920406787362,0.020040851441697885,3.3414292388131384,1.7142509634027192e-11,4.644768934322384e-36,-1.5959455978986625e-16
linear_J,1.200315505050112,11.2,-0.04571056421879338,-0.013506401269136603,-0.03220416294965678,,0.0036896774534607786,0.0189049231892065,0.030495318483047762,0.03952191959667936,0.02295920406787362,0.019938940297543,3.341009163440112,1.7142509634027192e-11,8.286280921066552e-35,1.0408340855860843e-16
linear_J,1.200315505050112,11.600000000000001,-0.04553009899711413,-0.013216702673955916,-0.03231339632315822,,0.003751365947052346,0.0189049231892065,0.03037654175495985,0.03941281090179743,0.02295920406787362,0.01984303804808399,3.345276724332683,1.7142509634027192e-11,1.2117631226636495e-33,-1.249000902703301e-16
linear_J,1.200315505050112,12.0,-0.045379997687290285,-0.012912014623637114,-0.03246798306365317,,0.00379557839403121,0.0189049231892065,0.030270652892114835,0.03930848987285662,0.02295920406787362,0.019752476236297698,3.3543984282289596,1.7142509634027192e-11,1.4817418450504934e-32,-1.5959455978986625e-16
linear_J,1.200315505050112,12.4,-0.04525959546497854,-0.012589435731513665,-0.032670159733464876,,0.0038223739425732317,0.0189049231892065,0.030177046218345494,0.039208258978759715,0.02295920406787362,0.019666664811080654,3.3685436808586946,1.7142509634027192e-11,1.5415016355369762e-31,2.220446049250313e-16
linear_J,1.200315505050112,12.8,-0.04516832151223038,-0.012246267870552718,-0.03292205364167766,,0.0038317893339585374,0.0189049231892065,0.030095187656982603,0.03911150024417683,0.02295920406787362,0.01958508150726352,3.3878793319064595,1.7142509634027192e-11,1.3851978844497059e-30,1.8735013540549517e-16
linear_J,1.200315505050112,13.2,-0.045105668105810626,-0.011880015796569277,-0.03322565230924135,,0.003823854409474892,0.0189049231892065,0.030024599326079038,0.039017666039392586,0.02295920406787362,0.01950726296103191,3.412565350595114,1.7142509634027192e-11,1.0895775317434279e-29,2.0816681711721685e-17
linear_J,1.200315505050112,13.600000000000001,-0.04507116632376257,-0.01148838581910766,-0.03358278050465491,,0.0037986039890793265,0.0189049231892065,0.029964847123635452,0.03892627121127896,0.02295920406787362,0.019432797229153174,3.4427514756059883,1.7142509634027192e-11,7.590750842994531e-29,5.551115123125783e-17
linear_J,1.200315505050112,14.0,-0.04506436725987917,-0.011069283368223548,-0.03399508389165562,,0.0037560867140893498,0.0189049231892065,0.029915530784761835,0.03883688629801047,0.02295920406787362,0.019361317450658572,3.4785746989385875,1.7142509634027192e-11,4.732714426251893e-28,-1.8041124150158794e-16
linear_J,1.200315505050112,14.400000000000002,-0.045084827792880366,-0.01062080942338095,-0.034464018369499416,,0.003696371373995134,0.0189049231892065,0.029876275977668842,0.03874913162840183,0.02295920406787362,0.019292496444009096,3.5201574579456425,1.7142509634027192e-11,2.6653326797295216e-27,-1.5265566588595902e-16
linear_J,1.200315505050112,14.8,-0.04513210009501489,-0.010141255850440456,-0.03499084424457444,,0.0036195511705432665,0.0189049231892065,0.029846728076351692,0.038662672150987516,0.02295920406787362,0.01922604207501759,3.567606423446906,1.7142509634027192e-11,1.3670691409926386e-26,3.469446951953614e-17
linear_J,1.200315505050112,15.2,-0.045205724185810536,-0.00962909974388898,-0.035576624441921556,,0.003525746310725192,0.0189049231892065,0.029826547307329143,0.038577212871598904,0.02295920406787362,0.01916169326374521,3.621011784612478,1.7142509634027192e-11,6.433284538229847e-26,-8.326672684688674e-17
linear_J,1.200315505050112,15.600000000000001,-0.04530522294267947,-0.009082996901573992,-0.036222226041105476,,0.0034151052643523853,0.0189049231892065,0.029815405017825314,0.038492494803820415,0.02295920406787362,0.019099216524388805,3.680446943223201,1.7142509634027192e-11,2.796113742999517e-25,-4.163336342344337e-17
linear_J,1.200315505050112,16.0,-0.04543009907252893,-0.008501774574074306,-0.03692832449845462,,0.0032878049715492283,0.0189049231892065,0.029812980854871607,0.03840829135628166,0.02295920406787362,0.01903840295246263,3.745968540933427,1.7142509634027192e-11,1.1291344149624723e-24,-4.85722573273506e-17
linear_J,1.200315505050112,16.400000000000002,-0.04557983362880602,-0.007884423634856197,-0.037695409993949824,,0.003144050240642466,0.0189049231892065,0.029818960680241924,0.038324405095747166,0.02295920406787362,0.01897906558960056,3.8176167532660568,1.7142509634027192e-11,4.259332949442417e-24,-6.245004513516506e-17
linear_J,1.200315505050112,16.8,-0.045753885727768895,-0.00723009031394356,-0.038523795413825335,,0.002984072537359543,0.0189049231892065,0.029833035075922054,0.03824066483651541,0.02295920406787362,0.018921037109016683,3.895415793251245,1.7142509634027192e-11,1.508191859968003e-23,1.1796119636642288e-16
linear_J,1.200315505050112,17.2,-0.045951693177401054,-0.006538067629472455,-0.0394136255479286,,0.002808128331662974,0.0189049231892065,0.029854898319857548,0.03815692301557336,0.02295920406787362,0.018864167774792117,3.979374575894444,1.7142509634027192e-11,5.0350984804981494e-23,2.0816681711721685e-17
linear_J,1.200315505050112,17.6,-0.04617267378336232,-0.005807786640089407,-0.04036488714327291,,0.002616497138574758,0.0189049231892065,0.029884247732730573,0.038073053319905646,0.02295920406787362,0.018808323636266885,4.069487502055072,1.7142509634027192e-11,1.5912513123187694e-22,0.0
linear_J,1.200315505050112,18.0,-0.04641622713973809,-0.00503880762809833,-0.04137741951163976,,0.0024094793635834263,0.0189049231892065,0.029920783314114963,0.037988948537805885,0.02295920406787362,0.01875338492534049,4.165735326875633,1.7142509634027192e-11,4.777901187677101e-22,-4.85722573273506e-17
linear_J,1.4407573116637051,5.2,-0.04850662424171498,-0.017242676485881347,-0.03126394775583363,,0.00013727224531010862,0.017413845214714396,0.0312300512723106,0.039826828532675405,0.021428640305419727,0.021329677949180198,3.457984708004158,2.231037576905237e-11,8.330189082845176e-74,-9.71445146547012e-17
linear_J,1.4407573116637051,5.6000000000000005,-0.047535447401979236,-0.016656178466953886,-0.03087926893502535,,0.0006080858906335955,0.017413845214714396,0.03072968807789833,0.03946135720364107,0.021428640305419727,0.02099038750362141,3.3853586518409973,2.231037576905237e-11,1.3230604115910993e-68,-1.0408340855860843e-16
linear_J,1.4407573116637051,6.0,-0.04667535392741784,-0.016136011285613927,-0.030539342641803913,,0.0010249641650421346,0.017413845214714396,0.03028647287774544,0.0391375233561324,0.021428640305419727,0.020689773406119317,3.32286778560729,2.231037576905237e-11,4.2536486526578224e-64,-1.3877787807814457e-16
linear_J,1.4407573116637051,6.4,-0.045909714936781976,-0.01567158168471061,-0.030238133252071364,,0.001395907579451248,0.017413845214714396,0.029891777301518818,0.03884894899288314,0.021428640305419727,0.02042193027303827,3.26868178903074,2.231037576905237e-11,3.7352788856454855e-60,-1.3877787807814457e-17
linear_J,1.4407573116637051,6.800000000000001,-0.04522504137194938,-0.01525393106351014,-0.02997111030843924,,0.0017273658861075144,0.017413845214714396,0.029538562043342376,0.03859038141039193,0.021428640305419727,0.020182004748886533,3.2214335464837793,2.231037576905237e-11,1.1265746972002113e-56,-1.249000902703301e-16
linear_J,1.4407573116637051,7.2,-0.0446104161992496,-0.014875358263174376,-0.029735057936075227,,0.0020245098875575716,0.017413845214714396,0.029221080872092853,0.03835747290880941,0.021428640305419727,0.019965991849597246,3.1801079917071666,2.231037576905237e-11,1.394606357929648e-53,7.632783294297951e-17
linear_J,1.4407573116637051,7.6000000000000005,-0.044057023852473454,-0.014529118926877471,-0.029527904925595982,,0.0022914582089468122,0.017413845214714396,0.02893463684670594,0.03814660132310437,0.021428640305419727,0.019770568645425857,3.1439631100185124,2.231037576905237e-11,8.156087346927414e-51,6.938893903907228e-17
linear_J,1.4407573116637051,8.0,-0.04355776474437656,-0.01420919485219696,-0.0293485698921796,,0.0025314649971111313,0.017413845214714396,0.028675384526773207,0.03795472690601123,0.021428640305419727,0.019592961120287397,3.112471924870422,2.231037576905237e-11,2.5218201928829366e-48,-8.326672684688674e-17
linear_J,1.4407573116637051,8.4,-0.043106939765527486,-0.013910122547615256,-0.02919681721791223,,0.0027470756294318494,0.017413845214714396,0.028440170180244806,0.037779279416691854,0.021428640305419727,0.019430838564633655,3.085278418786643,2.231037576905237e-11,4.515457140695887e-46,-1.3183898417423734e-16
linear_J,1.4407573116637051,8.8,-0.04269999113715062,-0.013626869548147957,-0.02907312158900266,,0.0029402566328306685,0.017413845214714396,0.028226402555266872,0.0376180694522084,0.021428640305419727,0.019282230076632413,3.062162949220129,2.231037576905237e-11,5.04434015617918e-44,-1.3877787807814457e-17
linear_J,1.4407573116637051,9.2,-0.04233328854355528,-0.013354747925432064,-0.028978540618123216,,0.003112504696812876,0.017413845214714396,0.028031948025653675,0.03746921887179662,0.021428640305419727,0.019145458520720103,3.043014365349627,2.231037576905237e-11,3.738972604115703e-42,-8.326672684688674e-17
linear_J,1.4407573116637051,9.600000000000001,-0.04200395192122036,-0.013089355901241106,-0.028914596019979255,,0.003264938480751665,0.017413845214714396,0.027855045187257677,0.03733110609947124,0.021428640305419727,0.019019088159196017,3.0278070593025204,2.231037576905237e-11,1.935616801652016e-40,4.85722573273506e-17
linear_J,1.4407573116637051,10.0,-0.04170970426485754,-0.01282654008212003,-0.02888316418273751,,0.0033983760106148686,0.017413845214714396,0.027694235060757855,0.03720232295425875,0.021428640305419727,0.018901882958674794,3.0165818190949514,2.231037576905237e-11,7.306589792677805e-39,-1.5265566588595902e-16
linear_J,1.4407573116637051,10.4,-0.04144874930207271,-0.012562372355409301,-0.028886376946663406,,0.0035133998199881004,0.017413845214714396,0.027548303907346194,0.037081640388397195,0.021428640305419727,0.018792773229240643,3.0094297365452762,2.231037576905237e-11,2.085778829832316e-37,-2.1510571102112408e-16
linear_J,1.4407573116637051,10.8,-0.041219669974614515,-0.012293136825713813,-0.0289265331489007,,0.0036104115533966367,0.017413845214714396,0.027416236313296594,0.03696798110617413,0.021428640305419727,0.018690828779632317,3.006478655868902,2.231037576905237e-11,4.644768934322384e-36,-1.5959455978986625e-16
linear_J,1.4407573116637051,11.2,-0.04102134445059191,-0.012015323294644498,-0.029006021155947415,,0.0036896774534607786,0.017413845214714396,0.027297176689338398,0.03686039750431149,0.021428640305419727,0.018595237183611515,3.007881787868353,2.231037576905237e-11,8.286280921066552e-35,1.0408340855860843e-16
linear_J,1.4407573116637051,11.600000000000001,-0.04085287696854267,-0.01172562469946381,-0.029127252269078863,,0.003751365947052346,0.017413845214714396,0.027190397700880498,0.036758053739399096,0.021428640305419727,0.01850528607159416,3.013808198454988,2.231037576905237e-11,1.2117631226636495e-33,-1.249000902703301e-16
linear_J,1.4407573116637051,12.0,-0.04071354124821769,-0.011420936649145008,-0.02929260459907268,,0.00379557839403121,0.017413845214714396,0.027095274427534344,0.03666021100902168,0.021428640305419727,0.018420348607080334,3.0244349319834765,2.231037576905237e-11,1.4817418450504934e-32,-1.5959455978986625e-16
linear_J,1.4407573116637051,12.4,-0.04060273454123625,-0.01109835775702156,-0.029504376784214692,,0.0038223739425732317,0.017413845214714396,0.02701126326909531,0.03656621534862377,0.021428640305419727,0.018339871495815518,3.0399405635587398,2.231037576905237e-11,1.5415016355369762e-31,2.220446049250313e-16
linear_J,1.4407573116637051,12.8,-0.04051994066816833,-0.010755189896060613,-0.029764750772107718,,0.0038317893339585374,0.017413845214714396,0.026937884787412658,0.03647548741047684,0.021428640305419727,0.018263365020146995,3.060499998273745,2.231037576905237e-11,1.3851978844497059e-30,1.8735013540549517e-16
linear_J,1.4407573116637051,13.2,-0.04046470061680385,-0.010388937822077171,-0.03007576279472668,,0.003823854409474892,0.017413845214714396,0.026874709811564368,0.03638751381611537,0.021428640305419727,0.018190394702029294,3.0862803538823433,2.231037576905237e-11,1.0895775317434279e-29,2.0816681711721685e-17
linear_J,1.4407573116637051,13.600000000000001,-0.04043658947153189,-0.009997307844615555,-0.030439281626916337,,0.0037986039890793265,0.017413845214714396,0.02682134824589688,0.03630183976854119,0.021428640305419727,0.01812057428353868,3.11743777919616,2.231037576905237e-11,7.590750842994531e-29,5.551115123125783e-17
linear_J,1.4407573116637051,14.0,-0.040435198613402834,-0.009578205393731443,-0.03085699321967139,,0.0037560867140893498,0.017413845214714396,0.026777440112777606,0.03621806268253717,0.021428640305419727,0.01805355977965534,3.1541150747795066,2.231037576905237e-11,4.732714426251893e-28,-1.8041124150158794e-16
linear_J,1.4407573116637051,14.400000000000002,-0.040460122279245225,-0.009129731448888845,-0.03133039083035638,,0.003696371373995134,0.017413845214714396,0.026742648438525807,0.03613582664610063,0.021428640305419727,0.017989044409084918,3.196439995875144,2.231037576905237e-11,2.6653326797295216e-27,-1.5265566588595902e-16
linear_J,1.4407573116637051,14.8,-0.04051094769919372,-0.00865017787594835,-0.03186076982324537,,0.0036195511705432665,0.017413845214714396,0.026716653655022626,0.03605481756752294,0.021428640305419727,0.017926754248523257,3.244524130134999,2.231037576905237e-11,1.3670691409926386e-26,3.469446951953614e-17
linear_J,1.4407573116637051,15.2,-0.04058724814722908,-0.008138021769396875,-0.03244922637783221,,0.003525746310725192,0.017413845214714396,0.026699149243239795,0.035974758894211985,0.021428640305419727,0.0178664444866784,3.2984622546871476,2.231037576905237e-11,6.433284538229847e-26,-8.326672684688674e-17
linear_J,1.4407573116637051,15.600000000000001,-0.04068857834048334,-0.0075919189270818865,-0.03309665941340145,,0.0034151052643523853,0.017413845214714396,0.02668983839012129,0.0358954078134095,0.021428640305419727,0.017807896178570235,3.358332088308619,2.231037576905237e-11,2.796113742999517e-25,-4.163336342344337e-17
linear_J,1.4407573116637051,16.0,-0.040814471711486666,-0.0070106965995822,-0.033803775111904466,,0.0032878049715492283,0.017413845214714396,0.02668843146832145,0.035816551863335884,0.021428640305419727,0.017750913419664928,3.4241943649378355,2.231037576905237e-11,1.1291344149624723e-24,-4.85722573273506e-17
linear_J,1.4407573116637051,16.400000000000002,-0.04096443915440384,-0.0063933456603640915,-0.03457109349403975,,0.003144050240642466,0.017413845214714396,0.02669464418033185,0.03573800589738563,0.021428640305419727,0.017695320874437457,3.496093164406195,2.231037576905237e-11,4.259332949442417e-24,-6.245004513516506e-17
linear_J,1.4407573116637051,16.8,-0.04113796891286009,-0.005739012339451455,-0.035398956573408635,,0.002984072537359543,0.017413845214714396,0.026708196235505355,0.03565960935484602,0.021428640305419727,0.017640961605886137,3.5740564450756938,2.231037576905237e-11,1.508191859968003e-23,1.1796119636642288e-16
linear_J,1.4407573116637051,17.2,-0.04133452733418691,-0.0050469896549803495,-0.03628753767920656,,0.002808128331662974,0.017413845214714396,0.02672881045113551,0.03558122380000705,0.021428640305419727,0.017587695162030716,3.658096731031007,2.231037576905237e-11,5.0350984804981494e-23,2.0816681711721685e-17
linear_J,1.4407573116637051,17.6,-0.04155356026391133,-0.004316708665597302,-0.037236851598314025,,0.002616497138574758,0.017413845214714396,0.02675621218777169,0.03550273069806471,0.021428640305419727,0.017535395883039873,3.7482119136132055,2.231037576905237e-11,1.5912513123187694e-22,0.0
linear_J,1.4407573116637051,18.0,-0.041794494896018886,-0.003547729653606224,-0.03824676524241266,,0.0024094793635834263,0.017413845214714396,0.026790129044887867,0.035424029401341824,0.021428640305419727,0.017483951398758687,3.8443861334279674,2.231037576905237e-11,4.777901187677101e-22,-4.85722573273506e-17
linear_J,1.7293633402042616,5.2,-0.04257172094594874,-0.015463678003423298,-0.027108042942525445,,0.00013727224531010862,0.015634846732256347,0.027074146459002413,0.03623605897170943,0.019502337456596585,0.019411776398207344,3.0081827173953,3.1063374095197105e-11,8.330189082845176e-74,-9.020562075079397e-17
linear_J,1.7293633402042616,5.6000000000000005,-0.041665113991641356,-0.014877179984495836,-0.02678793400714552,,0.0006080858906335955,0.015634846732256347,0.0266383531500185,0.03590151172071946,0.019502337456596585,0.01910129082300177,2.9444573290091203,3.1063374095197105e-11,1.3230604115910993e-68,-1.0408340855860843e-16
linear_J,1.7293633402042616,6.0,-0.04086221743128399,-0.014357012803155877,-0.02650520462812811,,0.0010249641650421346,0.015634846732256347,0.026252334864069637,0.035605079011619294,0.019502337456596585,0.018826198153933455,2.8898040095320754,3.1063374095197105e-11,4.2536486526578224e-64,-1.3877787807814457e-16
linear_J,1.7293633402042616,6.4,-0.04014751711126857,-0.013892583202252562,-0.02625493390901601,,0.001395907579451248,0.015634846732256347,0.025908577958463463,0.03534092265120056,0.019502337456596585,0.018581094416572262,2.842565003436797,3.1063374095197105e-11,3.7352788856454855e-60,-6.938893903907228e-18
linear_J,1.7293633402042616,6.800000000000001,-0.03950843422864386,-0.01347493258105209,-0.026033501647591772,,0.0017273658861075144,0.015634846732256347,0.025600953382494906,0.035104234587961754,0.019502337456596585,0.018361538377490206,2.8015109380099434,3.1063374095197105e-11,1.1265746972002113e-56,-1.249000902703301e-16
linear_J,1.7293633402042616,7.2,-0.038934795793474586,-0.013096359780716327,-0.02583843601275826,,0.0020245098875575716,0.015634846732256347,0.025324458948775885,0.03489103526995278,0.019502337456596585,0.018163865181004737,2.7657374871191083,3.1063374095197105e-11,1.394606357929648e-53,7.632783294297951e-17
linear_J,1.7293633402042616,7.6000000000000005,-0.038418395549375595,-0.012750120444419422,-0.025668275104956173,,0.0022914582089468122,0.015634846732256347,0.025075007026066132,0.03469800936543122,0.019502337456596585,0.01798503415361866,2.7345922531853466,3.1063374095197105e-11,8.156087346927414e-51,6.938893903907228e-17
linear_J,1.7293633402042616,8.0,-0.037952633979506045,-0.01243019636973891,-0.025522437609767135,,0.0025314649971111313,0.015634846732256347,0.024849252244360742,0.03452237475483294,0.019502337456596585,0.017822506966345113,2.70762121559845,3.1063374095197105e-11,2.5218201928829366e-48,-8.326672684688674e-17
linear_J,1.7293633402042616,8.4,-0.037532223354565575,-0.012131124065157206,-0.02540109928940837,,0.0027470756294318494,0.015634846732256347,0.024644452251740945,0.03436177916845696,0.019502337456596585,0.01767415099126572,2.6845280725736607,3.1063374095197105e-11,4.515457140695887e-46,-1.3183898417423734e-16
linear_J,1.7293633402042616,8.8,-0.037152945158173856,-0.011847871065689908,-0.025305074092483948,,0.0029402566328306685,0.015634846732256347,0.02445835505874816,0.03421421901230576,0.019502337456596585,0.017538162888014668,2.6651423077221437,3.1063374095197105e-11,5.04434015617918e-44,-1.3877787807814457e-17
linear_J,1.7293633402042616,9.2,-0.036811449625213655,-0.011575749442974015,-0.02523570018223964,,0.003112504696812876,0.015634846732256347,0.024289107589770098,0.03407797566879604,0.019502337456596585,0.017413008164523243,2.649393381734551,3.1063374095197105e-11,3.738972604115703e-42,-8.326672684688674e-17
linear_J,1.7293633402042616,9.600000000000001,-0.036505089416377534,-0.011310357418783057,-0.025194731997594477,,0.003264938480751665,0.015634846732256347,0.0241351811648729,0.033951565415435314,0.019502337456596585,0.017297373249384143,2.6372894228717714,3.1063374095197105e-11,1.935616801652016e-40,4.85722573273506e-17
linear_J,1.7293633402042616,10.0,-0.0362317812948551,-0.01104754159966198,-0.025184239695193122,,0.0033983760106148686,0.015634846732256347,0.02399531057321347,0.033833699895133525,0.019502337456596585,0.01719012733255729,2.628899385515932,3.1063374095197105e-11,7.306589792677805e-39,-1.5265566588595902e-16
linear_J,1.7293633402042616,10.4,-0.0359898910505998,-0.010783373872951252,-0.025206517177648546,,0.0035133998199881004,0.015634846732256347,0.023868444138331335,0.033723254740850396,0.019502337456596585,0.01709029183140358,2.6243380050047707,3.1063374095197105e-11,2.085778829832316e-37,-2.1510571102112408e-16
linear_J,1.7293633402042616,10.8,-0.03577813791803297,-0.010514138343255763,-0.025263999574777207,,0.0036104115533966367,0.015634846732256347,0.0237537027391731,0.03361924449932096,0.019502337456596585,0.016997015819833598,2.6237530902856445,3.1063374095197105e-11,4.644768934322384e-36,-1.5959455978986625e-16
linear_J,1.7293633402042616,11.2,-0.03559551545424572,-0.010236324812186448,-0.02535919064205927,,0.0036896774534607786,0.015634846732256347,0.023650346175450254,0.03352080242705865,0.019502337456596585,0.016909556135150012,2.627314821457592,3.1063374095197105e-11,8.286280921066552e-35,1.0408340855860843e-16
linear_J,1.7293633402042616,11.600000000000001,-0.03544122637180097,-0.00994662621700576,-0.02549460015479521,,0.003751365947052346,0.015634846732256347,0.023557745586596845,0.033427164065439635,0.019502337456596585,0.01682726116895311,2.6352067932123293,3.1063374095197105e-11,1.2117631226636495e-33,-1.249000902703301e-16
linear_J,1.7293633402042616,12.0,-0.03531462921647738,-0.009641938166686959,-0.02567269104979042,,0.00379557839403121,0.015634846732256347,0.023475360878252083,0.033337653758913025,0.019502337456596585,0.016749557573048357,2.647618589701433,3.1063374095197105e-11,1.4817418450504934e-32,-1.5959455978986625e-16
linear_J,1.7293633402042616,12.4,-0.035215195089374984,-0.00931935927456351,-0.025895835814811474,,0.0038223739425732317,0.015634846732256347,0.02340272229969209,0.033251673477468734,0.019502337456596585,0.016675939283659458,2.6647397046631114,3.1063374095197105e-11,1.5415016355369762e-31,2.220446049250313e-16
linear_J,1.7293633402042616,12.8,-0.03514247286333866,-0.008976191413602563,-0.026166281449736095,,0.0038317893339585374,0.015634846732256347,0.023339415465041036,0.033168693454847825,0.019502337456596585,0.016605958399484602,2.6867546403923797,3.1063374095197105e-11,1.3851978844497059e-30,1.8735013540549517e-16
linear_J,1.7293633402042616,13.2,-0.035096061553637814,-0.008609939339619122,-0.026486122214018692,,0.003823854409474892,0.015634846732256347,0.02328506923085638,0.03308824426836183,0.019502337456596585,0.016539217550681707,2.713839034580802,3.1063374095197105e-11,1.0895775317434279e-29,2.0816681711721685e-17
linear_J,1.7293633402042616,13.600000000000001,-0.03507558868335059,-0.008218309362157505,-0.026857279321193084,,0.0037986039890793265,0.015634846732256347,0.023239345940173628,0.03300991007306074,0.019502337456596585,0.016475363474012298,2.74615667742929,3.1063374095197105e-11,7.590750842994531e-29,5.551115123125783e-17
linear_J,1.7293633402042616,14.0,-0.035080693641578675,-0.007799206911273393,-0.027281486730305282,,0.0037560867140893498,0.015634846732256347,0.023201933623411497,0.03293332276891954,0.019502337456596585,0.01641408156967101,2.783857293825338,3.1063374095197105e-11,4.732714426251893e-28,-1.8041124150158794e-16
linear_J,1.7293633402042616,14.400000000000002,-0.035111015171596704,-0.007350732966430795,-0.02776028220516591,,0.003696371373995134,0.015634846732256347,0.023172539813335336,0.032858156929750804,0.019502337456596585,0.01635509126200728,2.827074977227916,3.1063374095197105e-11,2.6653326797295216e-27,-1.5265566588595902e-16
linear_J,1.7293633402042616,14.8,-0.03516618224886364,-0.006871179393490301,-0.02829500285537334,,0.0036195511705432665,0.015634846732256347,0.023150886687150596,0.03278412536055438,0.019502337456596585,0.016298142022613663,2.8759271733311875,3.1063374095197105e-11,1.3670691409926386e-26,3.469446951953614e-17
linear_J,1.7293633402042616,15.2,-0.03524580771730468,-0.006359023286938825,-0.028886784430365853,,0.003525746310725192,0.015634846732256347,0.02313670729577344,0.0327109751789186,0.019502337456596585,0.016243009942543074,2.9305141225559197,3.1063374095197105e-11,6.433284538229847e-26,-8.326672684688674e-17
linear_J,1.7293633402042616,15.600000000000001,-0.03534948414775735,-0.005812920444623837,-0.02953656370313351,,0.0034151052643523853,0.015634846732256347,0.02312974267985335,0.032638484338115385,0.019502337456596585,0.0161894947625723,2.9909186808558115,3.1063374095197105e-11,2.796113742999517e-25,-4.163336342344337e-17
linear_J,1.7293633402042616,16.0,-0.03547678146616323,-0.0052316981171241506,-0.03024508334903908,,0.0032878049715492283,0.015634846732256347,0.023129739705456065,0.032566458526365444,0.019502337456596585,0.016137417287853388,3.057206448135934,3.1063374095197105e-11,1.1291344149624723e-24,-4.85722573273506e-17
linear_J,1.7293633402042616,16.400000000000002,-0.03562724597200212,-0.004614347177906042,-0.031012898794096078,,0.003144050240642466,0.015634846732256347,0.023136449480388177,0.032494728389658604,0.019502337456596585,0.016086617127059104,3.1294261426895225,3.1063374095197105e-11,4.259332949442417e-24,-6.245004513516506e-17
linear_J,1.7293633402042616,16.8,-0.0358004004306921,-0.003960013856993405,-0.0318403865736987,,0.002984072537359543,0.015634846732256347,0.023149626235795417,0.03242314703545601,0.019502337456596585,0.016036950707050367,3.207610168423402,3.1063374095197105e-11,1.508191859968003e-23,1.1796119636642288e-16
linear_J,1.7293633402042616,17.2,-0.035995744978129185,-0.0032679911725223,-0.032727753805606885,,0.002808128331662974,0.015634846732256347,0.023169026577535834,0.032351587782295285,0.019502337456596585,0.015988289522799005,3.2917753292381438,3.1063374095197105e-11,5.0350984804981494e-23,2.0816681711721685e-17
linear_J,1.7293633402042616,17.6,-0.036212758622218344,-0.0025377101831392523,-0.03367504843907909,,0.002616497138574758,0.015634846732256347,0.023194409028536755,0.03227994212631127,0.019502337456596585,0.01594051858927085,3.381923651766655,3.1063374095197105e-11,1.5912513123187694e-22,0.0
linear_J,1.7293633402042616,18.0,-0.03645090116599625,-0.0017687311711481746,-0.03468216999484808,,0.0024094793635834263,0.015634846732256347,0.023225533797323283,0.032208117900382166,0.019502337456596585,0.015893535067583113,3.4780432837689643,3.1063374095197105e-11,4.777901187677101e-22,-4.85722573273506e-17
linear_J,2.075781631112427,5.2,-0.0359943461398588,-0.01342091160111153,-0.022573434538747272,,0.00013727224531010862,0.013592080329944578,0.02253953805522424,0.031875371941520354,0.017160722631826504,0.017080573661621072,2.515437907742257,4.8658077567154123e-11,8.330189082845176e-74,-9.020562075079397e-17
linear_J,2.075781631112427,5.6000000000000005,-0.035159655086043906,-0.012834413582184068,-0.02232524150385984,,0.0006080858906335955,0.013592080329944578,0.02217566064673282,0.03157919160003506,0.017160722631826504,0.016805784711181198,2.4617101072106995,4.8658077567154123e-11,1.3230604115910993e-68,-1.0408340855860843e-16
linear_J,2.075781631112427,6.0,-0.03442046259178544,-0.012314246400844109,-0.02210621619094133,,0.0010249641650421346,0.013592080329944578,0.021853346426882858,0.031316754878283413,0.017160722631826504,0.01656231960639771,2.4158590591082016,4.8658077567154123e-11,4.2536486526578224e-64,-1.3877787807814457e-16
linear_J,2.075781631112427,6.4,-0.03376249601519821,-0.011849816799940793,-0.021912679215257413,,0.001395907579451248,0.013592080329944578,0.021566323264704867,0.031082893250067974,0.017160722631826504,0.016345395722976712,2.376421309024816,4.8658077567154123e-11,3.7352788856454855e-60,-6.938893903907228e-18
linear_J,2.075781631112427,6.800000000000001,-0.033174190314023466,-0.011432166178740322,-0.021742024135283144,,0.0017273658861075144,0.013592080329944578,0.02130947587018628,0.03087335025031586,0.017160722631826504,0.016151082516333466,2.3423225043921425,4.8658077567154123e-11,1.1265746972002113e-56,-1.249000902703301e-16
linear_J,2.075781631112427,7.2,-0.03264620112116662,-0.011053593378404558,-0.02159260774276206,,0.0020245098875575716,0.013592080329944578,0.021078630678779686,0.030684602965551207,0.017160722631826504,0.01597613658786572,2.312782904531825,4.8658077567154123e-11,1.394606357929648e-53,7.632783294297951e-17
linear_J,2.075781631112427,7.6000000000000005,-0.032171000724932286,-0.010707354042107653,-0.021463646682824633,,0.0022914582089468122,0.013592080329944578,0.020870378603934592,0.030513716598206512,0.017160722631826504,0.01581786698890306,2.2872509056786168,4.8658077567154123e-11,8.156087346927414e-51,6.938893903907228e-17
linear_J,2.075781631112427,8.0,-0.03174254647274122,-0.010387429967427142,-0.021355116505314076,,0.0025314649971111313,0.013592080329944578,0.020681931139907683,0.03035822848233207,0.017160722631826504,0.01567402739046382,2.2653545251242466,4.8658077567154123e-11,2.5218201928829366e-48,-8.326672684688674e-17
linear_J,2.075781631112427,8.4,-0.031356008710340944,-0.010088357662845437,-0.021267651047495506,,0.0027470756294318494,0.013592080329944578,0.020511004009828082,0.030216056570655674,0.017160722631826504,0.015542730549002159,2.246864600735806,4.8658077567154123e-11,4.515457140695887e-46,-1.3183898417423734e-16
linear_J,2.075781631112427,8.8,-0.031007546670396513,-0.009805104663378139,-0.021202442007018374,,0.0029402566328306685,0.013592080329944578,0.020355722973282586,0.030085427562064945,0.017160722631826504,0.015422380674903521,2.2316658446038615,4.8658077567154123e-11,5.04434015617918e-44,-1.734723475976807e-17
linear_J,2.075781631112427,9.2,-0.030694122947707625,-0.009532983040662246,-0.02116113990704538,,0.003112504696812876,0.013592080329944578,0.020214547314575837,0.029964820497652946,0.017160722631826504,0.0153116199377205,2.2197333715813015,4.8658077567154123e-11,3.738972604115703e-42,-8.673617379884035e-17
linear_J,2.075781631112427,9.600000000000001,-0.030413349303522963,-0.009267591016471288,-0.021145758287051675,,0.003264938480751665,0.013592080329944578,0.020086207454330096,0.029852922411636,0.017160722631826504,0.01520928604399134,2.2111132351267435,4.8658077567154123e-11,1.935616801652016e-40,4.85722573273506e-17
linear_J,2.075781631112427,10.0,-0.030163358227648707,-0.009004775197350212,-0.021158583030298495,,0.0033983760106148686,0.013592080329944578,0.01996965390831884,0.029748593323263746,0.017160722631826504,0.01511437846009898,2.205906055003352,4.8658077567154123e-11,7.306589792677805e-39,-1.5612511283791264e-16
linear_J,2.075781631112427,10.4,-0.029942695942131226,-0.008740607470639483,-0.021202088471491742,,0.0035133998199881004,0.013592080329944578,0.01986401543217453,0.029650838448002266,0.017160722631826504,0.015026031383818963,2.204253149751477,4.8658077567154123e-11,2.085778829832316e-37,-2.1510571102112408e-16
linear_J,2.075781631112427,10.8,-0.029750233435099582,-0.008471371940943995,-0.021278861494155588,,0.0036104115533966367,0.013592080329944578,0.01976856465855148,0.02955878598599175,0.017160722631826504,0.014943491993659342,2.2063247784983737,4.8658077567154123e-11,4.644768934322384e-36,-1.5959455978986625e-16
linear_J,2.075781631112427,11.2,-0.0295850927620106,-0.00819355840987468,-0.02139153435213592,,0.0036896774534607786,0.013592080329944578,0.019682689885526905,0.029471669224951102,0.017160722631826504,0.014866102838503467,2.21231020673033,4.8658077567154123e-11,8.286280921066552e-35,1.0408340855860843e-16
linear_J,2.075781631112427,11.600000000000001,-0.029446586323602086,-0.007903859814693992,-0.021542726508908094,,0.003751365947052346,0.013592080329944578,0.01960587194070973,0.029388811989917652,0.017160722631826504,0.014793287488254585,2.222409373431275,4.8658077567154123e-11,1.2117631226636495e-33,-1.249000902703301e-16
linear_J,2.075781631112427,12.0,-0.029334167184077664,-0.00759917176437519,-0.021734995419702474,,0.00379557839403121,0.013592080329944578,0.019537665248164138,0.029309616699845543,0.017160722631826504,0.014724538764886191,2.2368259733400406,4.8658077567154123e-11,1.4817418450504934e-32,-1.5959455978986625e-16
linear_J,2.075781631112427,12.4,-0.029247388769659766,-0.0072765928722517415,-0.021970795897408024,,0.0038223739425732317,0.013592080329944578,0.01947768238228864,0.02923355446549,0.017160722631826504,0.014659409025815742,2.255761790323478,4.8658077567154123e-11,1.5415016355369762e-31,2.220446049250313e-16
linear_J,2.075781631112427,12.8,-0.029185872512698108,-0.006933425011290795,-0.022252447501407313,,0.0038317893339585374,0.013592080329944578,0.019425581516712254,0.02916015679605623,0.017160722631826504,0.014597502088524632,2.2794121330414407,4.8658077567154123e-11,1.3851978844497059e-30,1.8735013540549517e-16
linear_J,2.075781631112427,13.2,-0.029149282196251458,-0.006567172937307353,-0.022582109258944105,,0.003823854409474892,0.013592080329944578,0.019381056275781794,0.0290890085833157,0.017160722631826504,0.01453846647520361,2.307962236025527,4.8658077567154123e-11,1.0895775317434279e-29,2.0816681711721685e-17
linear_J,2.075781631112427,13.600000000000001,-0.029137303918217727,-0.006175542959845737,-0.02296176095837199,,0.0037986039890793265,0.013592080329944578,0.019343827577352535,0.029019742108777186,0.017160722631826504,0.01448198972535109,2.341584499953712,4.8658077567154123e-11,7.590750842994531e-29,5.898059818321144e-17
linear_J,2.075781631112427,14.0,-0.02914963073844823,-0.005756440508961624,-0.023393190229486605,,0.0037560867140893498,0.013592080329944578,0.01931363712259282,0.028952031877855038,0.017160722631826504,0.014427793577610886,2.3804364551555293,4.8658077567154123e-11,4.732714426251893e-28,-1.8041124150158794e-16
linear_J,2.075781631112427,14.400000000000002,-0.02918595120029399,-0.0053079665641190266,-0.023877984636174965,,0.003696371373995134,0.013592080329944578,0.01929024224434439,0.028885590129270635,0.017160722631826504,0.014375629863446237,2.42465934253499,4.8658077567154123e-11,2.6653326797295216e-27,-1.5612511283791264e-16
linear_J,2.075781631112427,14.8,-0.029245941031769918,-0.004828412991178532,-0.024417528040591385,,0.0036195511705432665,0.013592080329944578,0.01927341187236864,0.028820162901568316,0.017160722631826504,0.014325276987345306,2.474377216161696,4.8658077567154123e-11,1.3670691409926386e-26,3.469446951953614e-17
linear_J,2.075781631112427,15.2,-0.02932925743245124,-0.004316256884627057,-0.025013000547824182,,0.003525746310725192,0.013592080329944578,0.01926292341323177,0.028755526564220122,0.017160722631826504,0.014276536893291036,2.5296964816549647,4.8658077567154123e-11,6.433284538229847e-26,-8.326672684688674e-17
linear_J,2.075781631112427,15.600000000000001,-0.029435535441383998,-0.0037701540423120683,-0.02566538139907193,,0.0034151052643523853,0.013592080329944578,0.019258560375791767,0.02869148474030255,0.017160722631826504,0.014229232436839092,2.590705794024578,4.8658077567154123e-11,2.796113742999517e-25,-3.8163916471489756e-17
linear_J,2.075781631112427,16.0,-0.029564385959696016,-0.003188931714812382,-0.026375454244883634,,0.0032878049715492283,0.013592080329944578,0.019260110601300617,0.028627865562640045,0.017160722631826504,0.014183205097572635,2.6574762477059406,4.8658077567154123e-11,1.1291344149624723e-24,-4.85722573273506e-17
linear_J,2.075781631112427,16.400000000000002,-0.029715395070103345,-0.0025715807755942732,-0.027143814294509072,,0.003144050240642466,0.013592080329944578,0.01926736498080117,0.028564519216747877,0.017160722631826504,0.014138312978888627,2.7300618000337993,4.8658077567154123e-11,4.259332949442417e-24,-6.245004513516506e-17
linear_J,2.075781631112427,16.8,-0.02988812435501159,-0.0019172474546816365,-0.027970876900329955,,0.002984072537359543,0.013592080329944578,0.019280116562426675,0.028501315732718073,0.017160722631826504,0.014094429051740904,2.8084998772632432,4.8658077567154123e-11,1.508191859968003e-23,1.1796119636642288e-16
linear_J,2.075781631112427,17.2,-0.030082111966279468,-0.0012252247702105312,-0.028856887196068937,,0.002808128331662974,0.013592080329944578,0.019298159967997885,0.028438142995013148,0.017160722631826504,0.014051439606673698,2.892812119433699,4.8658077567154123e-11,5.0350984804981494e-23,2.0816681711721685e-17
linear_J,2.075781631112427,17.6,-0.030296874243786465,-0.0004949437808274837,-0.02980193046295898,,0.002616497138574758,0.013592080329944578,0.019321291052416645,0.028374904944445778,0.017160722631826504,0.014009242884653508,2.9830052268687814,4.8658077567154123e-11,1.5912513123187694e-22,0.0
linear_J,2.075781631112427,18.0,-0.03053190771753239,0.0002740352311635941,-0.030805942948695986,,0.0024094793635834263,0.013592080329944578,0.01934930675117119,0.028311519950789163,0.017160722631826504,0.013967747862174834,3.0790718769186896,4.8658077567154123e-11,4.777901187677101e-22,-4.85722573273506e-17
linear_J,2.4915928769224576,5.2,-0.029063914982576045,-0.011172811937474048,-0.017891103045101997,,0.00013727224531010862,0.011343980666307096,0.017857206561578964,0.026790235193224224,0.014427929654633057,0.014360119896042009,2.003972072538547,7.19757586864489e-11,8.330189082845176e-74,-9.020562075079397e-17
linear_J,2.4915928769224576,5.6000000000000005,-0.028304491550676936,-0.010586313918546586,-0.01771817763213035,,0.0006080858906335955,0.011343980666307096,0.01756859677500333,0.02653956497149985,0.014427929654633057,0.014127635592386664,1.9608590831870811,7.19757586864489e-11,1.3230604115910993e-68,-1.0408340855860843e-16
linear_J,2.4915928769224576,6.0,-0.02763197164354081,-0.010066146737206627,-0.017565824906334182,,0.0010249641650421346,0.011343980666307096,0.01731295514227571,0.026317453589443988,0.014427929654633057,0.013921652793957944,1.9243516029201952,7.19757586864489e-11,4.2536486526578224e-64,-1.3877787807814457e-16
linear_J,2.4915928769224576,6.4,-0.02703338164573099,-0.009601717136303312,-0.01743166450942768,,0.001395907579451248,0.011343980666307096,0.017085308558875134,0.02611952681418935,0.014427929654633057,0.013738125225796188,1.8931932811975072,7.19757586864489e-11,3.7352788856454855e-60,-6.938893903907228e-18
linear_J,2.4915928769224576,6.800000000000001,-0.0264982170146143,-0.00918406651510284,-0.01731415049951146,,0.0017273658861075144,0.011343980666307096,0.016881602234414594,0.025942182383723214,0.014427929654633057,0.013573727535383745,1.8664748516438348,7.19757586864489e-11,1.1265746972002113e-56,-1.249000902703301e-16
linear_J,2.4915928769224576,7.2,-0.02601799993749704,-0.008805493714767076,-0.017212506222729962,,0.0020245098875575716,0.011343980666307096,0.016698529158747588,0.025782438933579233,0.014427929654633057,0.013425715754002225,1.8435491460892055,7.19757586864489e-11,1.394606357929648e-53,7.632783294297951e-17
linear_J,2.4915928769224576,7.6000000000000005,-0.02558591200072402,-0.008459254378470171,-0.01712665762225385,,0.0022914582089468122,0.011343980666307096,0.016533389543363808,0.025637812911612087,0.014427929654633057,0.013291813338979133,1.823971740889466,7.19757586864489e-11,8.156087346927414e-51,6.938893903907228e-17
linear_J,2.4915928769224576,8.0,-0.02519649232281851,-0.00813933030378966,-0.01705716201902885,,0.0025314649971111313,0.011343980666307096,0.016383976653622456,0.025506220414872386,0.014427929654633057,0.013170119943999503,1.8074578307002556,7.19757586864489e-11,2.5218201928829366e-48,-8.673617379884035e-17
linear_J,2.4915928769224576,8.4,-0.024845389471466084,-0.007840257999207956,-0.017005131472258128,,0.0027470756294318494,0.011343980666307096,0.016248484434590704,0.025385899734109475,0.014427929654633057,0.013059039051356707,1.7938495519782884,7.19757586864489e-11,4.515457140695887e-46,-1.3183898417423734e-16
linear_J,2.4915928769224576,8.8,-0.02452915670439182,-0.007557004999740657,-0.01697215170465116,,0.0029402566328306685,0.011343980666307096,0.016125432670915374,0.02527535051795657,0.014427929654633057,0.01295722074954447,1.7830902272803508,7.19757586864489e-11,5.04434015617918e-44,-1.734723475976807e-17
linear_J,2.4915928769224576,9.2,-0.02424508211202797,-0.0072848833770247645,-0.016960198735003207,,0.003112504696812876,0.011343980666307096,0.016013606142533665,0.025173286026787953,0.014427929654633057,0.012863516470320508,1.7752033884679812,7.19757586864489e-11,3.738972604115703e-42,-8.673617379884035e-17
linear_J,2.4915928769224576,9.600000000000001,-0.02399104715420136,-0.0070194913528338065,-0.016971555801367555,,0.003264938480751665,0.011343980666307096,0.015912004968645976,0.025078595587908238,0.014427929654633057,0.012776943093170014,1.7702752817287744,7.19757586864489e-11,1.935616801652016e-40,4.85722573273506e-17
linear_J,2.4915928769224576,10.0,-0.023765408605940008,-0.0067566755337127304,-0.017008733072227278,,0.0033983760106148686,0.011343980666307096,0.015819803950247624,0.02499031495592586,0.014427929654633057,0.012696654363666179,1.768440062559855,7.19757586864489e-11,7.306589792677805e-39,-1.5612511283791264e-16
linear_J,2.4915928769224576,10.4,-0.02356690005290113,-0.0064925078070020015,-0.017074392245899128,,0.0035133998199881004,0.011343980666307096,0.015736319206581917,0.024907602783202216,0.014427929654633057,0.012621918021580268,1.7698671842726243,7.19757586864489e-11,2.085778829832316e-37,-2.1510571102112408e-16
linear_J,2.4915928769224576,10.8,-0.023394549882226057,-0.006223272277306513,-0.017171277604919544,,0.0036104115533966367,0.011343980666307096,0.015660980769315436,0.024829721811131866,0.014427929654633057,0.012552097394486551,1.7747506519484961,7.19757586864489e-11,4.644768934322384e-36,-1.5959455978986625e-16
linear_J,2.4915928769224576,11.2,-0.02324761328792635,-0.005945458746237198,-0.017302154541689152,,0.0036896774534607786,0.011343980666307096,0.015593310075080136,0.024756023713781543,0.014427929654633057,0.012486636494627303,1.7832999072603188,7.19757586864489e-11,8.286280921066552e-35,1.0408340855860843e-16
linear_J,2.4915928769224576,11.600000000000001,-0.023125516224852705,-0.00565576015105651,-0.017469756073796194,,0.003751365947052346,0.011343980666307096,0.01553290150559783,0.024685936775151414,0.014427929654633057,0.01242504787519146,1.7957321604059686,7.19757586864489e-11,1.2117631226636495e-33,-1.249000902703301e-16
linear_J,2.4915928769224576,12.0,-0.023027809555915657,-0.005351072100737708,-0.01767673745517795,,0.00379557839403121,0.011343980666307096,0.015479407283639612,0.024618955773883833,0.014427929654633057,0.012366902670233009,1.8122660130239425,7.19757586864489e-11,1.4817418450504934e-32,-1.5959455978986625e-16
linear_J,2.4915928769224576,12.4,-0.02295413188010592,-0.00502849320861426,-0.01792563867149166,,0.0038223739425732317,0.011343980666307096,0.015432525156372279,0.024554633596776666,0.014427929654633057,0.012311822371457112,1.8331162317347651,7.19757586864489e-11,1.5415016355369762e-31,2.220446049250313e-16
linear_J,2.4915928769224576,12.8,-0.022904179727437524,-0.004685325347653313,-0.01821885437978421,,0.0038317893339585374,0.011343980666307096,0.015391988395089151,0.024492574215011914,0.014427929654633057,0.012259471994070858,1.8584895422569625,7.19757586864489e-11,1.3851978844497059e-30,1.8735013540549517e-16
linear_J,2.4915928769224576,13.2,-0.022877683975549568,-0.004319073273669871,-0.018558610701879696,,0.003823854409474892,0.011343980666307096,0.015357557718717385,0.02443242674264393,0.014427929654633057,0.012209554359902317,1.8885813222612262,7.19757586864489e-11,1.0895775317434279e-29,2.0816681711721685e-17
linear_J,2.4915928769224576,13.600000000000001,-0.0228743914898199,-0.003927443296208255,-0.018946948193611646,,0.0037986039890793265,0.011343980666307096,0.01532901481259219,0.024373880361939076,0.014427929654633057,0.012161805284484106,1.9235730788921077,7.19757586864489e-11,7.590750842994531e-29,5.898059818321144e-17
linear_J,2.4915928769224576,14.0,-0.022894051119273118,-0.0035083408453241427,-0.019385710273948975,,0.0037560867140893498,0.011343980666307096,0.01530615716705519,0.024316659949534112,0.014427929654633057,0.012115989499936579,1.9636306048614984,7.19757586864489e-11,4.732714426251893e-28,-1.8041124150158794e-16
linear_J,2.4915928769224576,14.400000000000002,-0.022936403297072805,-0.003059866900481545,-0.01987653639659126,,0.003696371373995134,0.011343980666307096,0.015288794004760686,0.024260522274862955,0.014427929654633057,0.012071897180433874,2.0089027153569146,7.19757586864489e-11,2.6653326797295216e-27,-1.5612511283791264e-16
linear_J,2.4915928769224576,14.8,-0.02300117259861889,-0.0025803133275410506,-0.02042085927107784,,0.0036195511705432665,0.011343980666307096,0.015276743102855095,0.024205252670777156,0.014427929654633057,0.012029340964193018,2.0595204766181965,7.19757586864489e-11,1.3670691409926386e-26,3.469446951953614e-17
linear_J,2.4915928769224576,15.2,-0.023088062703211898,-0.002068157220989575,-0.021019905482222323,,0.003525746310725192,0.011343980666307096,0.01526982834762991,0.024150662097950013,0.014427929654633057,0.011988153387111112,2.1155968457287426,7.19757586864489e-11,6.433284538229847e-26,-8.326672684688674e-17
linear_J,2.4915928769224576,15.600000000000001,-0.02319675328778481,-0.0015220543786745866,-0.021674698909110224,,0.0034151052643523853,0.011343980666307096,0.015267877885830061,0.02409658454117166,0.014427929654633057,0.011948184659770253,2.17722664974868,7.19757586864489e-11,2.796113742999517e-25,-3.8163916471489756e-17
linear_J,2.4915928769224576,16.0,-0.023326898454039124,-0.0009408320511749002,-0.022386066402864224,,0.0032878049715492283,0.011343980666307096,0.015270722759281208,0.024042874688270658,0.014427929654633057,0.011909300732583507,2.2444868406062657,7.19757586864489e-11,1.1291344149624723e-24,-4.85722573273506e-17
linear_J,2.4915928769224576,16.400000000000002,-0.023478126354130602,-0.0003234811119567915,-0.02315464524217381,,0.003144050240642466,0.011343980666307096,0.01527819592846591,0.023989405852086573,0.014427929654633057,0.011871381604169068,2.3174369700219954,7.19757586864489e-11,4.259332949442417e-24,-6.245004513516506e-17
linear_J,2.4915928769224576,16.8,-0.0236500397356742,0.0003308522089558452,-0.023980891944630045,,0.002984072537359543,0.011343980666307096,0.015290131606726765,0.023936068103383595,0.014427929654633057,0.011834319836225168,2.3961198360763625,7.19757586864489e-11,1.508191859968003e-23,1.1796119636642288e-16
linear_J,2.4915928769224576,17.2,-0.02384221717490026,0.0010228748934269505,-0.02486509206832721,,0.002808128331662974,0.011343980666307096,0.01530636484025616,0.023882766588376913,0.014427929654633057,0.011798019244703889,2.4805622597779133,7.19757586864489e-11,5.0350984804981494e-23,2.0816681711721685e-17
linear_J,2.4915928769224576,17.6,-0.024054214808129637,0.001753155882809998,-0.025807370690939635,,0.002616497138574758,0.011343980666307096,0.015326731280397299,0.02382942000904858,0.014427929654633057,0.011762393742309201,2.570775956123452,7.19757586864489e-11,1.5912513123187694e-22,0.0
linear_J,2.4915928769224576,18.0,-0.0242855684070305,0.0025221348948010758,-0.026807703301831576,,0.0024094793635834263,0.011343980666307096,0.015351067104306781,0.023775959247963323,0.014427929654633057,0.011727366311550795,2.666758469656485,7.19757586864489e-11,4.777901187677101e-22,-4.85722573273506e-17
linear_J,2.990697562442441,5.2,-0.022154093025867516,-0.008808188692445207,-0.01334590433342231,,0.00013727224531010862,0.008979357421278256,0.013312007849899277,0.021132354983758688,0.011385457879669016,0.011331549103555006,1.5039786774277157,9.503475784100601e-11,8.330189082845176e-74,-9.020562075079397e-17
linear_J,2.990697562442441,5.6000000000000005,-0.021468203581066603,-0.008221690673517745,-0.013246512907548857,,0.0006080858906335955,0.008979357421278256,0.013096932050421839,0.02093299059611681,0.011385457879669016,0.011146724385922182,1.4714671956391312,9.503475784100601e-11,1.3230604115910993e-68,-1.0408340855860843e-16
linear_J,2.990697562442441,6.0,-0.020860819581156154,-0.007701523492177786,-0.013159296088978367,,0.0010249641650421346,0.008979357421278256,0.012906426324919895,0.02075633992386615,0.011385457879669016,0.010982968392636315,1.4442883337674666,9.503475784100601e-11,4.2536486526578224e-64,-1.3877787807814457e-16
linear_J,2.990697562442441,6.4,-0.020320235779942353,-0.007237093891274471,-0.013083141888667882,,0.001395907579451248,0.008979357421278256,0.012736785938115336,0.020598924135091515,0.011385457879669016,0.010837064385972001,1.4213937809179518,9.503475784100601e-11,3.7352788856454855e-60,-1.0408340855860843e-17
linear_J,2.990697562442441,6.800000000000001,-0.019836982628038458,-0.006819443270073999,-0.013017539357964458,,0.0017273658861075144,0.008979357421278256,0.012584991092867592,0.020457878416336832,0.011385457879669016,0.010706368782201254,1.4020398662387106,9.503475784100601e-11,1.1265746972002113e-56,-1.249000902703301e-16
linear_J,2.990697562442441,7.2,-0.0194034274460701,-0.006440870469738236,-0.012962556976331863,,0.0020245098875575716,0.008979357421278256,0.012448579912349489,0.02033083182671383,0.011385457879669016,0.010588700221356322,1.3857122319351063,9.503475784100601e-11,1.394606357929648e-53,7.632783294297951e-17
linear_J,2.990697562442441,7.6000000000000005,-0.019013442925523316,-0.0060946311334413306,-0.012918811792081986,,0.0022914582089468122,0.008979357421278256,0.012325543713191944,0.020215809408159813,0.011385457879669016,0.010482248972275138,1.3720736941219003,9.503475784100601e-11,8.156087346927414e-51,6.938893903907228e-17
linear_J,2.990697562442441,8.0,-0.018662134321680734,-0.00577470705876082,-0.012887427262919915,,0.0025314649971111313,0.008979357421278256,0.012214241897513523,0.020111154113246613,0.011385457879669016,0.010385504404876199,1.3609265645265016,9.503475784100601e-11,2.5218201928829366e-48,-8.673617379884035e-17
linear_J,2.990697562442441,8.4,-0.018345614835337143,-0.005475634754179115,-0.012869980081158028,,0.0027470756294318494,0.008979357421278256,0.012113333043490604,0.020015465198997367,0.011385457879669016,0.010297197456240794,1.3521841361417446,9.503475784100601e-11,4.515457140695887e-46,-1.3183898417423734e-16
linear_J,2.990697562442441,8.8,-0.01806081981821095,-0.005192381754711817,-0.012868438063499132,,0.0029402566328306685,0.008979357421278256,0.012021719029763345,0.01992754983609535,0.011385457879669016,0.01021625513608288,1.3458481444716384,9.503475784100601e-11,5.04434015617918e-44,-1.734723475976807e-17
linear_J,2.990697562442441,9.2,-0.01780535229265151,-0.004920260131995924,-0.012885092160655587,,0.003112504696812876,0.008979357421278256,0.011938499568186045,0.019846385126737913,0.011385457879669016,0.01014176453916993,1.3419903044568187,9.503475784100601e-11,3.738972604115703e-42,-8.673617379884035e-17
linear_J,2.990697562442441,9.600000000000001,-0.017577354004201406,-0.004654868107804966,-0.01292248589639644,,0.003264938480751665,0.008979357421278256,0.011862935063674862,0.019771088234724378,0.011385457879669016,0.010072944304326785,1.3407367990959458,9.503475784100601e-11,1.935616801652016e-40,4.85722573273506e-17
linear_J,2.990697562442441,10.0,-0.01737539758961615,-0.00439205228868389,-0.012983345300932259,,0.0033983760106148686,0.008979357421278256,0.011794416178952605,0.01970089280227036,0.011385457879669016,0.010009121887780737,1.3422550529800648,9.503475784100601e-11,7.306589792677805e-39,-1.5612511283791264e-16
linear_J,2.990697562442441,10.4,-0.017198396442764607,-0.004127884561973161,-0.013070511880791447,,0.0035133998199881004,0.008979357421278256,0.011732438841474235,0.01963513022640683,0.011385457879669016,0.009949715375790287,1.346742385790425,9.503475784100601e-11,2.085778829832316e-37,-2.1510571102112408e-16
linear_J,2.990697562442441,10.8,-0.01704552957012523,-0.0038586490322776723,-0.013186880537847556,,0.0036104115533966367,0.008979357421278256,0.011676583702243448,0.01957321469048185,0.011385457879669016,0.009894218847556565,1.3544162855651045,9.503475784100601e-11,4.644768934322384e-36,-1.5959455978986625e-16
linear_J,2.990697562442441,11.2,-0.016916179228355643,-0.003580835501208357,-0.013335343727147286,,0.0036896774534607786,0.008979357421278256,0.01162649926053827,0.01951463110127393,0.011385457879669016,0.009842190523567216,1.3655061182612318,9.503475784100601e-11,8.286280921066552e-35,1.0408340855860843e-16
linear_J,2.990697562442441,11.600000000000001,-0.016809879496523128,-0.0032911369060276696,-0.013518742590495458,,0.003751365947052346,0.008979357421278256,0.011581888022297093,0.01945892528073699,0.011385457879669016,0.009793243108093605,1.3802461289290946,9.503475784100601e-11,1.2117631226636495e-33,-1.249000902703301e-16
linear_J,2.990697562442441,12.0,-0.016726274204338587,-0.0029864488557088675,-0.01373982534862972,,0.00379557839403121,0.008979357421278256,0.011542495177091383,0.019405695914456903,0.011385457879669016,0.009747035868141133,1.3988696086605459,9.503475784100601e-11,1.4817418450504934e-32,-1.5959455978986625e-16
linear_J,2.990697562442441,12.4,-0.01666508284821039,-0.002663869963585419,-0.01400121288462497,,0.0038223739425732317,0.008979357421278256,0.011508099369505587,0.019354587876166642,0.011385457879669016,0.009703268093679251,1.4216041107494761,9.503475784100601e-11,1.5415016355369762e-31,2.220446049250313e-16
linear_J,2.990697562442441,12.8,-0.016626073300003874,-0.0023207021026244723,-0.014305371197379402,,0.0038317893339585374,0.008979357421278256,0.011478505212684342,0.019305286637134156,0.011385457879669016,0.009661673662636362,1.4486676049146938,9.503475784100601e-11,1.3851978844497059e-30,1.8735013540549517e-16
linear_J,2.990697562442441,13.2,-0.016609040261636232,-0.0019544500286410305,-0.014654590232995202,,0.003823854409474892,0.008979357421278256,0.01145353724983289,0.019257513537309114,0.011385457879669016,0.009622016494555224,1.480265462910437,9.503475784100601e-11,1.0895775317434279e-29,2.0816681711721685e-17
linear_J,2.990697562442441,13.600000000000001,-0.016613788549190434,-0.0015628200511794144,-0.01505096849801102,,0.0037986039890793265,0.008979357421278256,0.011433035116991563,0.0192110217468272,0.011385457879669016,0.009584086723296758,1.516588173706833,9.503475784100601e-11,7.590750842994531e-29,5.898059818321144e-17
linear_J,2.990697562442441,14.0,-0.01664012040710916,-0.001143717600295302,-0.015496402806813858,,0.0037560867140893498,0.008979357421278256,0.011416849699920073,0.019165592785728002,0.011385457879669016,0.009547697455060176,1.5578096921120665,9.503475784100601e-11,4.732714426251893e-28,-1.8041124150158794e-16
linear_J,2.990697562442441,14.400000000000002,-0.016687826158278463,-0.0006952436554527042,-0.01599258250282576,,0.003696371373995134,0.008979357421278256,0.011404840110995185,0.019121033499548405,0.011385457879669016,0.009512682005769192,1.6040863312232196,9.503475784100601e-11,2.6653326797295216e-27,-1.5612511283791264e-16
linear_J,2.990697562442441,14.8,-0.016756677590669233,-0.0002156900825122099,-0.016540987508157023,,0.0036195511705432665,0.008979357421278256,0.011396871339934278,0.01907717341110108,0.011385457879669016,0.009478891533463844,1.655556116238082,9.503475784100601e-11,1.3670691409926386e-26,3.469446951953614e-17
linear_J,2.990697562442441,15.2,-0.01684642356629723,0.0002964660240392658,-0.017142889590336496,,0.003525746310725192,0.008979357421278256,0.011392812455744084,0.019033862385981638,0.011385457879669016,0.009446192998181193,1.7123385246649703,9.503475784100601e-11,6.433284538229847e-26,-8.326672684688674e-17
linear_J,2.990697562442441,15.600000000000001,-0.016956787414213692,0.0008425688663542541,-0.017799356280567946,,0.0034151052643523853,0.008979357421278256,0.011392535257287784,0.018990968562490926,0.011385457879669016,0.009414467395003442,1.7745345455801649,9.503475784100601e-11,2.796113742999517e-25,-3.8163916471489756e-17
linear_J,2.990697562442441,16.0,-0.017087465736521756,0.0014237911938539405,-0.018511256930375697,,0.0032878049715492283,0.008979357421278256,0.01139591328679268,0.018948376506709566,0.011385457879669016,0.009383608216333003,1.8422269980759824,9.503475784100601e-11,1.1291344149624723e-24,-4.85722573273506e-17
linear_J,2.990697562442441,16.400000000000002,-0.01723812831558824,0.002041142133072049,-0.01927927044866029,,0.003144050240642466,0.008979357421278256,0.01140282113495239,0.018905985561175592,0.011385457879669016,0.009353520107656974,1.9154810562497362,9.503475784100601e-11,4.259332949442417e-24,-6.245004513516506e-17
linear_J,2.990697562442441,16.8,-0.017408418862309205,0.002695475453984686,-0.02010389431629389,,0.002984072537359543,0.008979357421278256,0.01141313397839061,0.0188637083615618,0.011385457879669016,0.009324117687574513,1.9943449348794802,9.503475784100601e-11,1.508191859968003e-23,1.1796119636642288e-16
linear_J,2.990697562442441,17.2,-0.01759795639008338,0.003387498138455791,-0.02098545452853917,,0.002808128331662974,0.008979357421278256,0.01142672730046812,0.01882146950035563,0.011385457879669016,0.009295324508051976,2.078850696234988,9.503475784100601e-11,5.0350984804981494e-23,2.0816681711721685e-17
linear_J,2.990697562442441,17.6,-0.01780633703771317,0.004117779127838839,-0.02192411616555201,,0.002616497138574758,0.008979357421278256,0.011443476755009674,0.018779204320134624,0.011385457879669016,0.009267072135029555,2.169015144237935,9.503475784100601e-11,1.5912513123187694e-22,0.0
linear_J,2.990697562442441,18.0,-0.018033136197453337,0.0048867581398299165,-0.022919894337283253,,0.0024094793635834263,0.008979357421278256,0.011463258139758459,0.018736857821848394,0.011385457879669016,0.009239299332850226,2.264840777395937,9.503475784100601e-11,4.777901187677101e-22,-4.85722573273506e-17
linear_J,3.5897806551152374,5.2,-0.01567166564348793,-0.006443720393361108,-0.009227945250126823,,0.00013727224531010862,0.006614889122194156,0.00919404876660379,0.01516682404255852,0.008176096588195727,0.008136977807525968,1.0467122248850114,1.4686940552621763e-10,8.330189082845176e-74,-9.367506770274758e-17
linear_J,3.5897806551152374,5.6000000000000005,-0.015052481637827464,-0.005857222374433646,-0.009195259263393818,,0.0006080858906335955,0.006614889122194156,0.0090456784062668,0.015022072485954914,0.008176096588195727,0.008002859838110572,1.0241191830256968,1.4686940552621763e-10,1.3230604115910993e-68,-1.0408340855860843e-16
linear_J,3.5897806551152374,6.0,-0.014504183174707697,-0.005337055193093687,-0.00916712798161401,,0.0010249641650421346,0.006614889122194156,0.008914258217555537,0.014893812716376692,0.008176096588195727,0.00788403044168342,1.0056637180462957,1.4686940552621763e-10,4.2536486526578224e-64,-1.3704315460216776e-16
linear_J,3.5897806551152374,6.4,-0.014016214365015434,-0.004872625592190372,-0.009143588772825062,,0.001395907579451248,0.006614889122194156,0.008797232822272516,0.014779518982533435,0.008176096588195727,0.007778155440160662,0.9904936521604808,1.4686940552621763e-10,3.7352788856454855e-60,-1.0408340855860843e-17
linear_J,3.5897806551152374,6.800000000000001,-0.013580042739002152,-0.0044549749709899,-0.009125067768012252,,0.0017273658861075144,0.006614889122194156,0.008692519502915386,0.014677111401651186,0.008176096588195727,0.007683316586247124,0.9780211146099002,1.4686940552621763e-10,1.1265746972002113e-56,-1.249000902703301e-16
linear_J,3.5897806551152374,7.2,-0.013188799828638575,-0.0040764021706541365,-0.009112397657984439,,0.0020245098875575716,0.006614889122194156,0.008598420594002065,0.01458486873233481,0.008176096588195727,0.007597931069797373,0.9678564626130847,1.4686940552621763e-10,1.394606357929648e-53,7.45931094670027e-17
linear_J,3.5897806551152374,7.6000000000000005,-0.012836982150704834,-0.0037301628343572313,-0.009106819316347603,,0.0022914582089468122,0.006614889122194156,0.008513551237457562,0.014501357303322951,0.008176096588195727,0.007520685778955925,0.9597630215605133,1.4686940552621763e-10,8.156087346927414e-51,7.112366251504909e-17
linear_J,3.5897806551152374,8.0,-0.012520204783752265,-0.0034102387596767203,-0.009109966024075544,,0.0025314649971111313,0.006614889122194156,0.008436780658669152,0.01442537432740852,0.008176096588195727,0.007450484670202583,0.9536245869035134,1.4686940552621763e-10,2.5218201928829366e-48,-8.673617379884035e-17
linear_J,3.5897806551152374,8.4,-0.012234998098235805,-0.0031111664550950158,-0.00912383164314079,,0.0027470756294318494,0.006614889122194156,0.008367184605473366,0.014355903167422758,0.008176096588195727,0.007386407017220371,0.9494208602080673,1.4686940552621763e-10,4.515457140695887e-46,-1.3183898417423734e-16
linear_J,3.5897806551152374,8.8,-0.011978639259210944,-0.0028279134556277175,-0.009150725803583226,,0.0029402566328306685,0.006614889122194156,0.008304006769847438,0.0142920781947623,0.008176096588195727,0.00732767439498667,0.9472079605359103,1.4686940552621763e-10,5.04434015617918e-44,-1.734723475976807e-17
linear_J,3.5897806551152374,9.2,-0.011749011809876697,-0.0025557918329118245,-0.009193219976964873,,0.003112504696812876,0.006614889122194156,0.00824662738449533,0.01423315720334629,0.008176096588195727,0.007273624561755776,0.9471023437063983,1.4686940552621763e-10,3.738972604115703e-42,-8.673617379884035e-17
linear_J,3.5897806551152374,9.600000000000001,-0.011544488203312941,-0.0022903998087208666,-0.009254088394592075,,0.003264938480751665,0.006614889122194156,0.008194537561870496,0.01417849971242716,0.008176096588195727,0.0072236907441572745,0.9492671708000499,1.4686940552621763e-10,1.935616801652016e-40,4.683753385137379e-17
linear_J,3.5897806551152374,10.0,-0.01136383137097452,-0.0020275839895997905,-0.00933624738137473,,0.0033983760106148686,0.006614889122194156,0.008147318259395075,0.014127549833502425,0.008176096588195727,0.007177385141268685,0.9539005780334708,1.4686940552621763e-10,7.306589792677805e-39,-1.5612511283791264e-16
linear_J,3.5897806551152374,10.4,-0.011206112304198934,-0.0017634162628890615,-0.009442696041309873,,0.0035133998199881004,0.006614889122194156,0.008104623001992661,0.014079822665689693,0.008176096588195727,0.007134285722657884,0.9612255297356898,1.4686940552621763e-10,2.085778829832316e-37,-2.1684043449710089e-16
linear_J,3.5897806551152374,10.8,-0.01107064124910967,-0.001494180733193573,-0.009576460515916096,,0.0036104115533966367,0.006614889122194156,0.008066163680311988,0.014034893418063169,0.008176096588195727,0.007094025602909236,0.9714810583804391,1.4686940552621763e-10,4.644768934322384e-36,-1.6132928326584306e-16
linear_J,3.5897806551152374,11.2,-0.010956910552066823,-0.0012163672021242578,-0.009740543349942565,,0.0036896774534607786,0.006614889122194156,0.008031698883333549,0.013992388642461164,0.008176096588195727,0.007056284437746955,0.9849147564417946,1.4686940552621763e-10,8.286280921066552e-35,1.0408340855860843e-16
linear_J,3.5897806551152374,11.600000000000001,-0.010864547504708999,-0.0009266686069435703,-0.009937878897765429,,0.003751365947052346,0.006614889122194156,0.008001024329567064,0.013951979104294762,0.008176096588195727,0.00702078141277299,1.0017764122501944,1.4686940552621763e-10,1.2117631226636495e-33,-1.249000902703301e-16
linear_J,3.5897806551152374,12.0,-0.010793275769642063,-0.0006219805566247683,-0.010171295213017295,,0.00379557839403121,0.006614889122194156,0.007973965041478959,0.013913373929928781,0.008176096588195727,0.006987269492729276,1.022312692606936,1.4686940552621763e-10,1.4817418450504934e-32,-1.5785983631388945e-16
linear_J,3.5897806551152374,12.4,-0.010742884149795906,-0.0002994016645013198,-0.010443482485294586,,0.0038223739425732317,0.006614889122194156,0.007950368970175203,0.013876315754280527,0.008176096588195727,0.006955530673562826,1.0467627780818887,1.4686940552621763e-10,1.5415016355369762e-31,2.220446049250313e-16
linear_J,3.5897806551152374,12.8,-0.010713201615046963,4.376619645962698e-05,-0.01075696781150659,,0.0038317893339585374,0.006614889122194156,0.00793010182681153,0.013840576657190032,0.008176096588195727,0.006925372036628798,1.0753548577408183,1.4686940552621763e-10,1.3851978844497059e-30,1.8735013540549517e-16
linear_J,3.5897806551152374,13.2,-0.01070407762983061,0.0004100182704430688,-0.01111409590027368,,0.003823854409474892,0.006614889122194156,0.007913042917111368,0.013805954726505783,0.008176096588195727,0.006896622448188622,1.1083033910088598,1.4686940552621763e-10,1.0895775317434279e-29,2.0816681711721685e-17
linear_J,3.5897806551152374,13.600000000000001,-0.01071536694123637,0.0008016482479046849,-0.011517015189141055,,0.0037986039890793265,0.006614889122194156,0.0078990818081216,0.013772271123354529,0.008176096588195727,0.006869129781087831,1.1458070465030417,1.4686940552621763e-10,7.590750842994531e-29,5.898059818321144e-17
linear_J,3.5897806551152374,14.0,-0.010746918091703472,0.0012207506987887973,-0.01196766879049227,,0.0037560867140893498,0.006614889122194156,0.007888115683598484,0.013739367553555032,0.008176096588195727,0.006842758561529358,1.1880472312007355,1.4686940552621763e-10,4.732714426251893e-28,-1.8041124150158794e-16
linear_J,3.5897806551152374,14.400000000000002,-0.01079856501546883,0.0016692246436313951,-0.012467789659100226,,0.003696371373995134,0.006614889122194156,0.007880047267269652,0.013707104070771787,0.008176096588195727,0.006817387964015869,1.2351871281070268,1.4686940552621763e-10,2.6653326797295216e-27,-1.5612511283791264e-16
linear_J,3.5897806551152374,14.8,-0.010870121164174962,0.0021487782165718894,-0.013018899380746851,,0.0036195511705432665,0.006614889122194156,0.007874783212524106,0.013675357153448526,0.008176096588195727,0.006792910093201485,1.2873711663410912,1.4686940552621763e-10,1.3670691409926386e-26,3.469446951953614e-17
linear_J,3.5897806551152374,15.2,-0.010961375684898467,0.002660934323123365,-0.013622310008021832,,0.003525746310725192,0.006614889122194156,0.007872232873429419,0.013644018010078222,0.008176096588195727,0.00676922850361758,1.3447248539395296,1.4686940552621763e-10,6.433284538229847e-26,-8.326672684688674e-17
linear_J,3.5897806551152374,15.600000000000001,-0.01107209124368036,0.0032070371654383534,-0.014279128409118713,,0.0034151052643523853,0.006614889122194156,0.00787230738583855,0.01361299107691481,0.008176096588195727,0.006746256917815259,1.4073549103641896,1.4686940552621763e-10,2.796113742999517e-25,-3.8163916471489756e-17
linear_J,3.5897806551152374,16.0,-0.01120200314975106,0.0037882594929380398,-0.0149902626426891,,0.0032878049715492283,0.006614889122194156,0.007874918999106084,0.013582192679536694,0.008176096588195727,0.006723918111003296,1.4753496424380472,1.4686940552621763e-10,1.1291344149624723e-24,-4.85722573273506e-17
linear_J,3.5897806551152374,16.400000000000002,-0.01135081949043848,0.0044056104321561484,-0.015756429922594628,,0.003144050240642466,0.006614889122194156,0.007879980608886727,0.013551549835280783,0.008176096588195727,0.006702142936216418,1.5487795140146083,1.4686940552621763e-10,4.259332949442417e-24,-6.245004513516506e-17
linear_J,3.5897806551152374,16.8,-0.01151822203474423,0.005059943753068785,-0.016578165787813015,,0.002984072537359543,0.006614889122194156,0.007887405449909735,0.013520999177890946,0.008176096588195727,0.006680869468777109,1.627697865965416,1.4686940552621763e-10,1.508191859968003e-23,1.1796119636642288e-16
linear_J,3.5897806551152374,17.2,-0.011703867705263937,0.0057519664375398905,-0.017455834142803828,,0.002808128331662974,0.006614889122194156,0.007897106914732777,0.013490485989077176,0.008176096588195727,0.006660042252584813,1.7121417489458486,1.4686940552621763e-10,5.0350984804981494e-23,2.0816681711721685e-17
linear_J,3.5897806551152374,17.6,-0.011907390454064859,0.006482247426922938,-0.018389637880987797,,0.002616497138574758,0.006614889122194156,0.00790899847044546,0.013459963324296206,0.008176096588195727,0.006639611633787692,1.802132836809445,1.4686940552621763e-10,1.5912513123187694e-22,0.0
linear_J,3.5897806551152374,18.0,-0.012128403408947663,0.007251226438914016,-0.01937962984786168,,0.0024094793635834263,0.006614889122194156,0.007922993650336885,0.013429391222117226,0.008176096588195727,0.006619533169824026,1.897678393458868,1.4686940552621763e-10,4.777901187677101e-22,-4.85722573273506e-17
linear_J,4.308869380063768,5.2,-0.009715601892237136,-0.004056874160067336,-0.005658727732169799,,0.00013727224531010862,0.004228042888900385,0.005624831248646767,0.009212020202845035,0.004971258405525856,0.004947017088438223,0.6438895839875056,2.4640289808530724e-10,8.330189082845176e-74,-9.367506770274758e-17
linear_J,4.308869380063768,5.6000000000000005,-0.0091520212675118,-0.003470376141139875,-0.005681645126371926,,0.0006080858906335955,0.004228042888900385,0.005532064269244907,0.009122227465782581,0.004971258405525856,0.0048639060038702985,0.6301355151575475,2.4640289808530724e-10,1.3230604115910993e-68,-1.0408340855860843e-16
linear_J,4.308869380063768,6.0,-0.008652971928712838,-0.002950208959799916,-0.005702762968912922,,0.0010249641650421346,0.004228042888900385,0.00544989320485445,0.009042665129161282,0.004971258405525856,0.004790269110530585,0.6194464462212909,2.4640289808530724e-10,4.2536486526578224e-64,-1.3704315460216776e-16
linear_J,4.308869380063768,6.4,-0.008208854188773151,-0.0024857793588966004,-0.005723074829876551,,0.001395907579451248,0.004228042888900385,0.005376718879324005,0.00897176653077596,0.004971258405525856,0.004724660001253587,0.6111477854704145,2.4640289808530724e-10,3.7352788856454855e-60,-1.0408340855860843e-17
linear_J,4.308869380063768,6.800000000000001,-0.00781191396692793,-0.002068128737696129,-0.0057437852292318015,,0.0017273658861075144,0.004228042888900385,0.0053112369641349355,0.008908241647695202,0.004971258405525856,0.004665890039843688,0.6047921808304761,2.4640289808530724e-10,1.1265746972002113e-56,-1.240327285323417e-16
linear_J,4.308869380063768,7.2,-0.007455916125322981,-0.0016895559373603652,-0.005766360187962616,,0.0020245098875575716,0.004228042888900385,0.005252383123980242,0.008851022994608987,0.004971258405525856,0.004612978483413061,0.6001020734818222,2.4640289808530724e-10,1.394606357929648e-53,7.45931094670027e-17
linear_J,4.308869380063768,7.6000000000000005,-0.007135872500365736,-0.00134331660106346,-0.005792555899302276,,0.0022914582089468122,0.004228042888900385,0.005199287820412235,0.00879922154013343,0.004971258405525856,0.004565111746377738,0.5969308083652731,2.4640289808530724e-10,8.156087346927414e-51,7.112366251504909e-17
linear_J,4.308869380063768,8.0,-0.006847817514037513,-0.001023392526382949,-0.005824424987654564,,0.0025314649971111313,0.004228042888900385,0.0051512396222481716,0.008752091542487734,0.004971258405525856,0.004521610786116861,0.5952349053452433,2.4640289808530724e-10,2.5218201928829366e-48,-8.760353553682876e-17
linear_J,4.308869380063768,8.4,-0.0065886228021850846,-0.0007243202218012446,-0.00586430258038384,,0.0027470756294318494,0.004228042888900385,0.005107655542716416,0.008709002795608678,0.004971258405525856,0.004481905228504145,0.5950531178217322,2.4640289808530724e-10,4.515457140695887e-46,-1.3270634591222574e-16
linear_J,4.308869380063768,8.8,-0.006355843285965834,-0.00044106722233394624,-0.005914776063631888,,0.0029402566328306685,0.004228042888900385,0.0050680570298961,0.0086694188227473,0.004971258405525856,0.004445512905256731,0.5964897338897109,2.4640289808530724e-10,5.04434015617918e-44,-1.734723475976807e-17
linear_J,4.308869380063768,9.2,-0.006147588660140146,-0.00016894559961805333,-0.005978643060522093,,0.003112504696812876,0.004228042888900385,0.005032050468052551,0.008632879754733458,0.004971258405525856,0.004412023664898431,0.599700671265449,2.4640289808530724e-10,3.738972604115703e-42,-8.586881206085195e-17
linear_J,4.308869380063768,9.600000000000001,-0.005962415690488776,9.644642457290464e-05,-0.006058862115061681,,0.003264938480751665,0.004228042888900385,0.004999311282340102,0.008598988859946043,0.004971258405525856,0.004381086531411574,0.6048815612502003,2.4640289808530724e-10,1.935616801652016e-40,4.683753385137379e-17
linear_J,4.308869380063768,10.0,-0.005799237816838332,0.00035926224369398074,-0.006158500060532313,,0.0033983760106148686,0.004228042888900385,0.004969570938552659,0.008567401904975187,0.004971258405525856,0.004352399477107844,0.6122573836162915,2.4640289808530724e-10,7.306589792677805e-39,-1.5612511283791264e-16
linear_J,4.308869380063768,10.4,-0.005657249355266736,0.0006234299704047097,-0.0062806793256714455,,0.0035133998199881004,0.004228042888900385,0.004942606286354234,0.008537818704169167,0.004971258405525856,0.0043257012367727485,0.6220734136209454,2.4640289808530724e-10,2.085778829832316e-37,-2.1684043449710089e-16
linear_J,4.308869380063768,10.8,-0.0055358621492938576,0.0008926655001001982,-0.006428527649394056,,0.0036104115533966367,0.004228042888900385,0.004918230813789948,0.008509976361347356,0.004971258405525856,0.004300764718669757,0.6345873436421815,2.4640289808530724e-10,4.644768934322384e-36,-1.6132928326584306e-16
linear_J,4.308869380063768,11.2,-0.005434652906147197,0.0011704790311695135,-0.0066051319373167106,,0.0036896774534607786,0.004228042888900385,0.004896287470707694,0.008483643821584423,0.004971258405525856,0.004277391668689396,0.650062488096229,2.4640289808530724e-10,8.286280921066552e-35,1.0408340855860843e-16
linear_J,4.308869380063768,11.600000000000001,-0.00535331972835229,0.0014601776263502009,-0.006813497354702491,,0.003751365947052346,0.004228042888900385,0.004876642786504126,0.008458617440186297,0.004971258405525856,0.004255408321896081,0.6687619973120578,2.4640289808530724e-10,1.2117631226636495e-33,-1.249000902703301e-16
linear_J,4.308869380063768,12.0,-0.0052916465541748,0.001764865676669003,-0.007056512230843803,,0.00379557839403121,0.004228042888900385,0.004859182059305467,0.008434717344759356,0.004971258405525856,0.004234661835725197,0.6909440091121386,2.4640289808530724e-10,1.4817418450504934e-32,-1.5785983631388945e-16
linear_J,4.308869380063768,12.4,-0.005249474380092656,0.0020874445687924514,-0.007336918948885107,,0.0038223739425732317,0.004228042888900385,0.004843805433765724,0.008411784418970714,0.004971258405525856,0.004215017345134808,0.7168576644950232,2.4640289808530724e-10,1.5415016355369762e-31,2.220446049250313e-16
linear_J,4.308869380063768,12.8,-0.005226678271228247,0.002430612429753398,-0.007657290700981645,,0.0038317893339585374,0.004228042888900385,0.004830424716286585,0.008389677776805455,0.004971258405525856,0.0041963555153494494,0.7467399104907161,2.4640289808530724e-10,1.3851978844497059e-30,1.8648277366750676e-16
linear_J,4.308869380063768,13.2,-0.005223149281304851,0.00279686450373684,-0.00802001378504169,,0.003823854409474892,0.004228042888900385,0.0048189608018793795,0.008368272626726021,0.004971258405525856,0.004178570494972623,0.7808130110516173,2.4640289808530724e-10,1.0895775317434279e-29,2.168404344971009e-17
linear_J,4.308869380063768,13.600000000000001,-0.00523878050741583,0.003188494481198456,-0.008427274988614286,,0.0037986039890793265,0.004228042888900385,0.00480934160759483,0.008347458448392044,0.004971258405525856,0.004161568193134608,0.8192826864996753,2.4640289808530724e-10,7.590750842994531e-29,5.898059818321144e-17
linear_J,4.308869380063768,14.0,-0.005273456599399262,0.0036075969320825685,-0.00888105353148183,,0.0037560867140893498,0.004228042888900385,0.0048015004245880455,0.008327137422259169,0.004971258405525856,0.004145264820467532,0.8623368036333076,2.4640289808530724e-10,4.732714426251893e-28,-1.8127860323957634e-16
linear_J,4.308869380063768,14.400000000000002,-0.00532704613004098,0.004056070876925166,-0.009383117006966146,,0.003696371373995134,0.004228042888900385,0.0047953746151355725,0.008307223065791269,0.004971258405525856,0.00412958564618886,0.9101445418290788,2.4640289808530724e-10,2.6653326797295216e-27,-1.5612511283791264e-16
linear_J,4.308869380063768,14.8,-0.005399396311268734,0.004535624449865661,-0.009935020761134394,,0.0036195511705432665,0.004228042888900385,0.004790904592911649,0.008287639040221312,0.004971258405525856,0.004114463933283123,0.9628559649656985,2.4640289808530724e-10,1.3670691409926386e-26,3.382710778154774e-17
linear_J,4.308869380063768,15.2,-0.00549032961307655,0.005047780556417136,-0.010538110169493686,,0.003525746310725192,0.004228042888900385,0.004788033034901273,0.00826831809956472,0.004971258405525856,0.004099840021348904,1.0206019343413613,2.4640289808530724e-10,6.433284538229847e-26,-8.326672684688674e-17
linear_J,4.308869380063768,15.600000000000001,-0.005599641906388286,0.005593883398732125,-0.011193525305120411,,0.0034151052643523853,0.004228042888900385,0.004786704281840248,0.008249201159518979,0.004971258405525856,0.004085660532616379,1.0834943035970916,2.4640289808530724e-10,2.796113742999517e-25,-3.8163916471489756e-17
linear_J,4.308869380063768,16.0,-0.0057271018086052505,0.006175105726231811,-0.011902207534837062,,0.0032878049715492283,0.004228042888900385,0.004786863891254045,0.008230236468422787,0.004971258405525856,0.004071877681314495,1.1516263426947573,2.4640289808530724e-10,1.1291344149624723e-24,-4.85722573273506e-17
linear_J,4.308869380063768,16.400000000000002,-0.005872450961482922,0.00679245666544992,-0.012664907626932842,,0.003144050240642466,0.004228042888900385,0.004788458313224941,0.008211378865936106,0.004971258405525856,0.004058448670261674,1.2250733440015165,2.4640289808530724e-10,4.259332949442417e-24,-6.158268339717665e-17
linear_J,4.308869380063768,16.8,-0.006035405015671513,0.007446789986362556,-0.01348219500203407,,0.002984072537359543,0.004228042888900385,0.004791434664130789,0.008192589117794549,0.004971258405525856,0.004045335161488114,1.3038933693322012,2.4640289808530724e-10,1.508191859968003e-23,1.1796119636642288e-16
linear_J,4.308869380063768,17.2,-0.006215655135126508,0.008138812670833662,-0.01435446780596017,,0.002808128331662974,0.004228042888900385,0.004795740577889118,0.008173833317079998,0.004971258405525856,0.0040325028100383145,1.3881281022772165,2.4640289808530724e-10,5.0350984804981494e-23,2.168404344971009e-17
linear_J,4.308869380063768,17.6,-0.006412869868182902,0.00886909366021671,-0.015281963528399611,,0.002616497138574758,0.004228042888900385,0.004801324117857275,0.008155082344079611,0.004971258405525856,0.004019920851978468,1.4778037752250934,2.4640289808530724e-10,1.5912513123187694e-22,0.0
linear_J,4.308869380063768,18.0,-0.0066266972608776675,0.009638072672207787,-0.016264769933085454,,0.0024094793635834263,0.004228042888900385,0.00480813373556066,0.008136311378086717,0.004971258405525856,0.0040075617391438926,1.5729321451296132,2.4640289808530724e-10,4.777901187677101e-22,-4.85722573273506e-17
linear_J,5.172002726126203,5.2,-0.004129199251730664,-0.0016558495004753149,-0.0024733497512553493,,0.00013727224531010862,0.0018270182293083637,0.0024394532677323166,0.0038573468096658606,0.0020808144164926865,0.002070736964025661,0.2791782347500602,3.929839786920297e-10,8.330189082845176e-74,-9.194034422677078e-17
linear_J,5.172002726126203,5.6000000000000005,-0.0036183519119316054,-0.0010693514815478533,-0.002549000430383752,,0.0006080858906335955,0.0018270182293083637,0.0023994195732567336,0.0038200324266683115,0.0020808144164926865,0.00203618652057696,0.27399560520887256,3.929839786920297e-10,1.3230604115910993e-68,-1.0364972768961422e-16
linear_J,5.172002726126203,6.0,-0.003166013066099649,-0.0005491843002078944,-0.0026168287658917544,,0.0010249641650421346,0.0018270182293083637,0.0023639590018332823,0.0037869693774376257,0.0020808144164926865,0.0020055746208538067,0.270835948259307,3.929839786920297e-10,4.2536486526578224e-64,-1.3747683547116196e-16
linear_J,5.172002726126203,6.4,-0.0027634924027954977,-8.47546993045789e-05,-0.0026787377034909188,,0.001395907579451248,0.0018270182293083637,0.002332381752938373,0.0037575066000538043,0.0020808144164926865,0.0019782999654771954,0.2691980625257259,3.929839786920297e-10,3.7352788856454855e-60,-9.540979117872439e-18
linear_J,5.172002726126203,6.800000000000001,-0.0024037777666823246,0.0003328959218958927,-0.0027366736885782172,,0.0017273658861075144,0.0018270182293083637,0.0023041254234813513,0.0037311079847281406,0.0020808144164926865,0.001953868410457566,0.2687718405946468,3.929839786920297e-10,1.1265746972002113e-56,-1.240327285323417e-16
linear_J,5.172002726126203,7.2,-0.002081239698487114,0.0007114687222316562,-0.0027927084207187702,,0.0020245098875575716,0.0018270182293083637,0.0022787313567363965,0.003707329890158397,0.0020808144164926865,0.0019318722318818855,0.2693893320408818,3.929839786920297e-10,1.394606357929648e-53,7.45931094670027e-17
linear_J,5.172002726126203,7.6000000000000005,-0.0017913851694862926,0.0010577080585285614,-0.002849093228014854,,0.0022914582089468122,0.0018270182293083637,0.0022558251491248127,0.0036858028235412024,0.0020808144164926865,0.0019119731911659981,0.270992111505057,3.929839786920297e-10,8.156087346927414e-51,7.155734338404329e-17
linear_J,5.172002726126203,8.0,-0.0015306540497148635,0.0013776321332090724,-0.002908286182923936,,0.0025314649971111313,0.0018270182293083637,0.0022351008175175435,0.003666216827736407,0.0020808144164926865,0.0018938889768563253,0.2736082166272802,3.929839786920297e-10,2.5218201928829366e-48,-8.760353553682876e-17
linear_J,5.172002726126203,8.4,-0.0012962505891473963,0.001676704437790777,-0.0029729550269381733,,0.0027470756294318494,0.0018270182293083637,0.0022163079892707493,0.003648309948472912,0.0020808144164926865,0.0018773824485270915,0.27733473557726046,3.929839786920297e-10,4.515457140695887e-46,-1.3270634591222574e-16
linear_J,5.172002726126203,8.8,-0.0010860031205773835,0.0019599574372580753,-0.0030459605578354587,,0.0029402566328306685,0.0018270182293083637,0.002199241524099671,0.0036318591735428267,0.0020808144164926865,0.0018622531306367119,0.28232381217834046,3.929839786920297e-10,5.04434015617918e-44,-1.734723475976807e-17
linear_J,5.172002726126203,9.2,-0.000898246609505049,0.002232079059973968,-0.003130325669479017,,0.003112504696812876,0.0018270182293083637,0.0021837330770094754,0.003616673319080323,0.0020808144164926865,0.0018483304831218414,0.2887708380351412,3.929839786920297e-10,3.738972604115703e-42,-8.586881206085195e-17
linear_J,5.172002726126203,9.600000000000001,-0.0007317239614547666,0.002497471084164926,-0.0032291950456196927,,0.003264938480751665,0.0018270182293083637,0.002169644212898114,0.0036025874335391572,0.0020808144164926865,0.0018354685637542272,0.2969041807685846,3.929839786920297e-10,1.935616801652016e-40,4.640385298237959e-17
linear_J,5.172002726126203,10.0,-0.0005855029878918394,0.0027602869032860022,-0.0033457898911778416,,0.0033983760106148686,0.0018270182293083637,0.002156860769198188,0.0035894583780742345,0.0020808144164926865,0.0018235417772981054,0.30697612008492414,3.929839786920297e-10,7.306589792677805e-39,-1.5655879370690684e-16
linear_J,5.172002726126203,10.4,-0.00045890663955455713,0.003024454629996731,-0.0034833612695512883,,0.0035133998199881004,0.0018270182293083637,0.002145288230234077,0.003577161316524383,0.0020808144164926865,0.001812441473246937,0.3192548324359295,3.929839786920297e-10,2.085778829832316e-37,-2.1684043449710089e-16
linear_J,5.172002726126203,10.8,-0.00035145460400148876,0.0032936901596922197,-0.0036451447636937084,,0.0036104115533966367,0.0018270182293083637,0.0021348479280896004,0.0035655869085092127,0.0020808144164926865,0.0018020732073602403,0.33401734526110954,3.929839786920297e-10,4.644768934322384e-36,-1.6132928326584306e-16
linear_J,5.172002726126203,11.2,-0.00026281469900957255,0.003571503690761535,-0.0038343183897711075,,0.0036896774534607786,0.0018270182293083637,0.002125473923162091,0.003554639046807422,0.0020808144164926865,0.001792354524092512,0.35154341316673987,3.929839786920297e-10,8.286280921066552e-35,1.0364972768961422e-16
linear_J,5.172002726126203,11.600000000000001,-0.00019276272873047784,0.0038612022859422224,-0.0040539650146727,,0.003751365947052346,0.0018270182293083637,0.002117110446474335,0.0035442330172767793,0.0020808144164926865,0.0017832131494263754,0.37211027486431986,3.929839786920297e-10,1.2117631226636495e-33,-1.249000902703301e-16
linear_J,5.172002726126203,12.0,-0.00014114964310452116,0.0041658903362610245,-0.004307039979365546,,0.00379557839403121,0.0018270182293083637,0.002109709807827209,0.003534293988173628,0.0020808144164926865,0.0017745855085712374,0.39598824513437936,3.929839786920297e-10,1.4817418450504934e-32,-1.5829351718288365e-16
linear_J,5.172002726126203,12.4,-0.00010787497766057141,0.004488469228384473,-0.004596344206045044,,0.0038223739425732317,0.0018270182293083637,0.0021032306909256615,0.0035247557576398207,0.0020808144164926865,0.0017664155021381318,0.4234370881175329,3.929839786920297e-10,1.5415016355369762e-31,2.220446049250313e-16
linear_J,5.172002726126203,12.8,-9.286566541988339e-05,0.00483163708934542,-0.004924502754765303,,0.0038317893339585374,0.0018270182293083637,0.0020976367700702436,0.0035155597048422004,0.0020808144164926865,0.0017586534890934608,0.4547031107160192,3.929839786920297e-10,1.3851978844497059e-30,1.8648277366750676e-16
linear_J,5.172002726126203,13.2,-9.605941366996884e-05,0.0051978891633288615,-0.00529394857699883,,0.003823854409474892,0.0018270182293083637,0.002092895593836519,0.003506653902971411,0.0020808144164926865,0.001751255436078972,0.4900169094928462,3.929839786920297e-10,1.0895775317434279e-29,2.168404344971009e-17
linear_J,5.172002726126203,13.600000000000001,-0.00011739193025567252,0.005589519140790478,-0.00570691107104615,,0.0037986039890793265,0.0018270182293083637,0.0020889776900266943,0.0034979923619734765,0.0020808144164926865,0.0017441822013711345,0.5295917016576263,3.929839786920297e-10,7.590750842994531e-29,5.898059818321144e-17
linear_J,5.172002726126203,14.0,-0.00015678736872315469,0.00600862159167459,-0.006165408960397745,,0.0037560867140893498,0.0018270182293083637,0.0020858558535039595,0.0034895343762285586,0.0020808144164926865,0.0017373989284574733,0.573622170384956,3.929839786920297e-10,4.732714426251893e-28,-1.8127860323957634e-16
linear_J,5.172002726126203,14.400000000000002,-0.00021415143999559128,0.006457095536517188,-0.006671246976512779,,0.003696371373995134,0.0018270182293083637,0.0020835045846822053,0.0034812439579672157,0.0020808144164926865,0.0017308745293996889,0.6222837564254641,3.929839786920297e-10,2.6653326797295216e-27,-1.5612511283791264e-16
linear_J,5.172002726126203,14.8,-0.0002893667103626152,0.006936649109457682,-0.007226015819820297,,0.0036195511705432665,0.0018270182293083637,0.002081899651597552,0.0034730893414535017,0.0020808144164926865,0.0017245812421894159,0.6757323312424508,3.929839786920297e-10,1.3670691409926386e-26,3.382710778154774e-17
linear_J,5.172002726126203,15.2,-0.0003822896714743007,0.007448805216009158,-0.007831094887483458,,0.003525746310725192,0.0018270182293083637,0.0020810177528910456,0.0034650425461919903,0.0020808144164926865,0.0017184942494521053,0.7341041912746014,3.929839786920297e-10,6.433284538229847e-26,-8.326672684688674e-17
linear_J,5.172002726126203,15.600000000000001,-0.0004927492276717294,0.007994908058324146,-0.008487657285995875,,0.0034151052643523853,0.0018270182293083637,0.002080836262715713,0.0034570789898790127,0.0020808144164926865,0.001712591348322727,0.7975163179693046,3.929839786920297e-10,2.796113742999517e-25,-3.8163916471489756e-17
linear_J,5.172002726126203,16.0,-0.000620546299517355,0.008576130385823832,-0.009196676685341187,,0.0032878049715492283,0.0018270182293083637,0.002081333041758171,0.0034491771437036747,0.0020808144164926865,0.0017068526632593622,0.8660668536227198,3.929839786920297e-10,1.1291344149624723e-24,-4.85722573273506e-17
linear_J,5.172002726126203,16.400000000000002,-0.000765454289869294,0.009193481325041941,-0.009958935614911235,,0.003144050240642466,0.0018270182293083637,0.0020824863012033346,0.0034413182240523687,0.0020808144164926865,0.0017012603950961873,0.9398357485335507,3.929839786920297e-10,4.259332949442417e-24,-6.158268339717665e-17
linear_J,5.172002726126203,16.8,-0.0009272202006991859,0.009847814645954578,-0.010775034846653764,,0.002984072537359543,0.0018270182293083637,0.0020842745087504833,0.0034334859157878926,0.0020808144164926865,0.0016957986008565035,1.018885540344218,3.929839786920297e-10,1.508191859968003e-23,1.1796119636642288e-16
linear_J,5.172002726126203,17.2,-0.0011055662253235954,0.010539837330425683,-0.011645403555749279,,0.002808128331662974,0.0018270182293083637,0.0020866763276782274,0.003425666123140845,0.0020808144164926865,0.0016904529998188849,1.1032622315608251,3.929839786920297e-10,5.0350984804981494e-23,2.168404344971009e-17
linear_J,5.172002726126203,17.6,-0.0013001916723041074,0.01127011831980873,-0.012570309992112838,,0.002616497138574758,0.0018270182293083637,0.002089670581570502,0.0034178467449271664,0.0020808144164926865,0.001685210802108856,1.1929962360305524,3.929839786920297e-10,1.5912513123187694e-22,0.0
linear_J,5.172002726126203,18.0,-0.001510775104380857,0.012039097331799808,-0.013549872436180666,,0.0024094793635834263,0.0018270182293083637,0.002093236238655871,0.003410017471337026,0.0020808144164926865,0.0016800605567159211,1.2881033695525121,3.929839786920297e-10,4.777901187677101e-22,-4.85722573273506e-17
linear_J,6.208035064330728,5.2,-0.0005968926890609905,-0.00015310819181463264,-0.0004437844972463578,,0.00013727224531010862,0.00032427692064768143,0.0004098880137233252,0.0006277261205816548,0.00032816251913615947,0.0003274791320651226,0.04732283802876333,6.37814134840653e-10,8.330189082845176e-74,-9.248244531301353e-17
linear_J,6.208035064330728,5.6000000000000005,-0.00012372548624084434,0.0004333898271128289,-0.0005571153133536733,,0.0006080858906335955,0.00032427692064768143,0.00040753445622665474,0.0006253766090872095,0.00032816251913615947,0.00032513625009202165,0.0479724272797811,6.37814134840653e-10,1.3230604115910993e-68,-1.0364972768961422e-16
linear_J,6.208035064330728,6.0,0.0002952315889420687,0.0009535570084527878,-0.0006583254195107191,0.3096108426921452,0.0010249641650421346,0.00032427692064768143,0.00040545565545224704,0.0006232944632480414,0.00032816251913615947,0.0003230603050491855,0.049939925143525445,6.37814134840653e-10,4.2536486526578224e-64,-1.3747683547116196e-16
linear_J,6.208035064330728,6.4,0.0006680153028334468,0.0014179866093561033,-0.0007499713065226565,0.4711012772798943,0.001395907579451248,0.00032427692064768143,0.00040361535597011056,0.0006214384540677921,0.00032816251913615947,0.00032121042190748773,0.05284108988107654,6.37814134840653e-10,3.7352788856454855e-60,-9.324138683375338e-18
linear_J,6.208035064330728,6.800000000000001,0.0010011021639163564,0.001835637230556575,-0.0008345350666402185,0.5453703745226485,0.0017273658861075144,0.00032427692064768143,0.00040198680154335253,0.000619774479342833,0.00032816251913615947,0.0003195529442115446,0.0564588415087781,6.37814134840653e-10,1.1265746972002113e-56,-1.240327285323417e-16
linear_J,6.208035064330728,7.2,0.0012996813876125501,0.0022142100308923385,-0.0009145286432797883,0.5869729472270395,0.0020245098875575716,0.00032427692064768143,0.0004005515792974146,0.0006182741335487937,0.00032816251913615947,0.00031806002182312133,0.060699947232251916,6.37814134840653e-10,1.394606357929648e-53,7.45931094670027e-17
linear_J,6.208035064330728,7.6000000000000005,0.0015678827317620048,0.0025604493671892437,-0.0009925666354272389,0.6123467043924256,0.0022914582089468122,0.00032427692064768143,0.0003992985565371976,0.0006169135475709636,0.00032816251913615947,0.00031670845967461355,0.06556654029023384,6.37814134840653e-10,8.156087346927414e-51,7.155734338404329e-17
linear_J,6.208035064330728,8.0,0.0018089651993128397,0.0028803734418697546,-0.001071408242556915,0.6280314812716004,0.0025314649971111313,0.00032427692064768143,0.0003982228771505225,0.0006156724698522312,0.00032816251913615947,0.00031547879891569055,0.07113615623231956,6.37814134840653e-10,2.5218201928829366e-48,-8.760353553682876e-17
linear_J,6.208035064330728,8.4,0.002025473711600223,0.003179445746451459,-0.0011539720348512361,0.6370524528876864,0.0027470756294318494,0.00032427692064768143,0.0003973249971838122,0.000614533548737632,0.00032816251913615947,0.00031435459118341904,0.07754665888451101,6.37814134840653e-10,4.515457140695887e-46,-1.3270634591222574e-16
linear_J,6.208035064330728,8.8,0.0022193699572325976,0.0034626987459187575,-0.00124332878868616,0.6409364833855139,0.0029402566328306685,0.00032427692064768143,0.0003966097549503722,0.0006134817763379242,0.00032816251913615947,0.00031332182795772916,0.08498402948317557,6.37814134840653e-10,5.04434015617918e-44,-1.734723475976807e-17
linear_J,6.208035064330728,9.2,0.002392142293863031,0.0037348203686346504,-0.0013426780747716194,0.6404972817307232,0.003112504696812876,0.00032427692064768143,0.00039608548230207763,0.0006125040591871592,0.00032816251913615947,0.0003123684921937782,0.09367193390504616,6.37814134840653e-10,3.738972604115703e-42,-8.586881206085195e-17
linear_J,6.208035064330728,9.600000000000001,0.0025448983909403533,0.004000212392825608,-0.001455314001885255,0.6361908171437685,0.003264938480751665,0.00032427692064768143,0.0003957631691636765,0.000611588886984605,0.00032816251913615947,0.000311484205407148,0.1038625210965921,6.37814134840653e-10,1.935616801652016e-40,4.640385298237959e-17
linear_J,6.208035064330728,10.0,0.0026784433957521836,0.0042630282119466845,-0.0015845848161945009,0.6282959583157648,0.0033983760106148686,0.00032427692064768143,0.00039565569421484703,0.0006107260764391837,0.00032816251913615947,0.0003106599488911814,0.11582819949998324,6.37814134840653e-10,7.306589792677805e-39,-1.5655879370690684e-16
linear_J,6.208035064330728,10.4,0.0027933457669379602,0.004527195938657413,-0.0017338501717194532,0.6170145504606447,0.0035133998199881004,0.00032427692064768143,0.0003957771324022419,0.0006099065721963798,0.00032816251913615947,0.00030988784238804567,0.1298542869925471,6.37814134840653e-10,2.085778829832316e-37,-2.1684043449710089e-16
linear_J,6.208035064330728,10.8,0.0028899924864265736,0.004796431468352902,-0.0019064389819263283,0.6025297151632188,0.0036104115533966367,0.00032427692064768143,0.00039614214632222033,0.0006091222909218093,0.00032816251913615947,0.0003091609672864743,0.14623249570788374,6.37814134840653e-10,4.644768934322384e-36,-1.6132928326584306e-16
linear_J,6.208035064330728,11.2,0.0029686350683136853,0.005074244999422217,-0.002105609931108532,0.5850397583584772,0.0036896774534607786,0.00032427692064768143,0.00039676546449951555,0.0006083659978966766,0.00032816251913615947,0.00030847322437914815,0.16525523418744054,6.37814134840653e-10,8.286280921066552e-35,1.0364972768961422e-16
linear_J,6.208035064330728,11.600000000000001,0.0030294275804625403,0.005363943594602905,-0.0023345160141403642,0.5647761813734752,0.003751365947052346,0.00032427692064768143,0.00039766144594199915,0.0006076312080587259,0.00032816251913615947,0.00030781921851572486,0.18721070835711484,6.37814134840653e-10,1.2117631226636495e-33,-1.249000902703301e-16
linear_J,6.208035064330728,12.0,0.0030724577460333746,0.005668631644921707,-0.002596173898888332,0.5420104777465763,0.00379557839403121,0.00032427692064768143,0.0003988437273499956,0.0006069121054198846,0.00032816251913615947,0.0003071941642643005,0.21237879284781896,6.37814134840653e-10,1.4817418450504934e-32,-1.5829351718288365e-16
linear_J,6.208035064330728,12.4,0.003097772074771299,0.005991210537045155,-0.0028934384622738563,0.5170527818404975,0.0038223739425732317,0.00032427692064768143,0.0004003249471544734,0.0006062034763225504,0.00032816251913615947,0.0003065938080579193,0.24102763221895696,6.37814134840653e-10,1.5415016355369762e-31,2.220446049250313e-16
linear_J,6.208035064330728,12.8,0.0031053958741732446,0.006334378398006102,-0.0032289825238328573,0.4902447689501377,0.0038317893339585374,0.00032427692064768143,0.0004021165391377979,0.0006055006531591391,0.00032816251913615947,0.0003060143633466008,0.27341092114886306,6.37814134840653e-10,1.3851978844497059e-30,1.8648277366750676e-16
linear_J,6.208035064330728,13.2,0.003095348901232531,0.006700630471989544,-0.003605281570757013,0.46194890378926734,0.003823854409474892,0.00032427692064768143,0.0004042285875947016,0.000604799466055999,0.00032816251913615947,0.00030545245607321224,0.3097658050151745,6.37814134840653e-10,1.0895775317434279e-29,2.168404344971009e-17
linear_J,6.208035064330728,13.600000000000001,0.0030676573326851586,0.00709226044945116,-0.004024603116766001,0.4325359107366893,0.0037986039890793265,0.00032427692064768143,0.0004066697357465454,0.0006040962006792561,0.00032816251913615947,0.00030490507840115466,0.35031133778357687,6.37814134840653e-10,7.590750842994531e-29,5.898059818321144e-17
linear_J,6.208035064330728,14.0,0.003022362654157229,0.007511362900335272,-0.004489000246178043,0.402372072053971,0.0037560867140893498,0.00032427692064768143,0.000409447139284258,0.0006033875608088839,0.00032816251913615947,0.00030436954908785957,0.3952474324725524,6.37814134840653e-10,4.732714426251893e-28,-1.8127860323957634e-16
linear_J,6.208035064330728,14.400000000000002,0.002959527996016509,0.00795983684517787,-0.005000308849161361,0.37180762037973347,0.003696371373995134,0.00032427692064768143,0.00041256645733078745,0.0006026706346891165,0.00032816251913615947,0.0003038434792547151,0.4447542401579565,6.37814134840653e-10,2.6653326797295216e-27,-1.5612511283791264e-16
linear_J,6.208035064330728,14.8,0.002879242376155444,0.008439390418118364,-0.00556014804196292,0.3411671025402563,0.0036195511705432665,0.00032427692064768143,0.0004160318737401747,0.0006019428644297278,0.00032816251913615947,0.0003033247425773412,0.49899189596576254,6.37814134840653e-10,1.3670691409926386e-26,3.382710778154774e-17
linear_J,6.208035064330728,15.2,0.002781623247722187,0.00895154652466984,-0.006169923276947653,0.31074219857498664,0.003525746310725192,0.00032427692064768143,0.0004198461423552402,0.0006012020179277384,0.00032816251913615947,0.00030281144912996363,0.5581005742429901,6.37814134840653e-10,6.433284538229847e-26,-8.326672684688674e-17
linear_J,6.208035064330728,15.600000000000001,0.0026668176930958465,0.009497649366984828,-0.006830831673888982,0.2807871284831889,0.0034151052643523853,0.00032427692064768143,0.00042401065060881926,0.0006004461629210832,0.00032816251913615947,0.00030230192227909754,0.622200799651816,6.37814134840653e-10,2.796113742999517e-25,-3.8163916471489756e-17
linear_J,6.208035064330728,16.0,0.002535002554301835,0.010078871694484515,-0.00754386914018268,0.251516502158577,0.0032878049715492283,0.00032427692064768143,0.0004285254965996632,0.0005996736428884527,0.00032816251913615947,0.00030179467814628325,0.6913939659277397,6.37814134840653e-10,1.1291344149624723e-24,-4.85722573273506e-17
linear_J,6.208035064330728,16.400000000000002,0.002386383744487519,0.010696222633702623,-0.008309838889215104,0.22310527989276194,0.003144050240642466,0.00032427692064768143,0.0004333895755072037,0.0005988830545832676,0.00032816251913615947,0.00030128840725594634,0.7657630192038115,6.37814134840653e-10,4.259332949442417e-24,-6.158268339717665e-17
linear_J,6.208035064330728,16.8,0.0022211949448459056,0.01135055595461526,-0.009129361009769354,0.19569040967924956,0.002984072537359543,0.00032427692064768143,0.000438600671866074,0.0005980732270423202,0.00032816251913615947,0.00030078195805919385,0.8453732679137493,6.37814134840653e-10,1.508191859968003e-23,1.1796119636642288e-16
linear_J,6.208035064330728,17.2,0.0020396958561603173,0.012042578639086365,-0.010002882782926048,0.16937367961543684,0.002808128331662974,0.00032427692064768143,0.0004441555548549969,0.0005972432019467457,0.00032816251913615947,0.00030027432208253995,0.9302732862048934,6.37814134840653e-10,5.0350984804981494e-23,2.168404344971009e-17
linear_J,6.208035064330728,17.6,0.0018421701436570626,0.012772859628469413,-0.01093068948481235,0.14422534947076782,0.002616497138574758,0.00032427692064768143,0.0004500500742700142,0.0005963922152389851,0.00032816251913615947,0.00029976462049603693,1.020495882410386,6.37814134840653e-10,1.5912513123187694e-22,0.0
linear_J,6.208035064330728,18.0,0.0016289231875819543,0.01354183864046049,-0.011912915452878536,0.12028818470152461,0.0024094793635834263,0.00032427692064768143,0.00045627925535374203,0.0005955196799173876,0.00032816251913615947,0.00029925209193098037,1.1160591083964064,6.37814134840653e-10,4.777901187677101e-22,-4.85722573273506e-17
linear_J,7.4516007436109435,5.2,-0.0006690619820353683,-0.00017264224751117885,-0.0004964197345241894,,0.00013727224531010862,0.00034381097634422764,0.00046252325100115677,0.0005869086319842891,0.00030207871688753404,0.0003018737568017433,0.05296201667378776,1.0361276281400933e-09,8.330189082845176e-74,-9.248244531301353e-17
linear_J,7.4516007436109435,5.6000000000000005,-0.00019575858357046005,0.0004138557714162827,-0.0006096143549867428,,0.0006080858906335955,0.00034381097634422764,0.00046003349785972425,0.0005864009129907196,0.00030207871688753404,0.0003011711791023065,0.05357115386624066,1.0361276281400933e-09,1.3230604115910993e-68,-1.0364972768961422e-16
linear_J,7.4516007436109435,6.0,0.00022331774097494872,0.0009340229527562416,-0.0007107052117812929,0.2390923481226585,0.0010249641650421346,0.00034381097634422764,0.0004578354477228208,0.0005859505942841717,0.00030207871688753404,0.0003005484999890015,0.055503471965525256,1.0361276281400933e-09,4.2536486526578224e-64,-1.3747683547116196e-16
linear_J,7.4516007436109435,6.4,0.0005962050970335087,0.0013984525536595571,-0.0008022474566260485,0.42633201639435125,0.001395907579451248,0.00034381097634422764,0.0004558915060735025,0.0005855484912783049,0.00030207871688753404,0.00029999335239069434,0.058373924511674266,1.0361276281400933e-09,3.7352788856454855e-60,-9.324138683375338e-18
linear_J,7.4516007436109435,6.800000000000001,0.0009293804309825626,0.0018161031748600287,-0.0008867227438774661,0.5117442906591428,0.0017273658861075144,0.00034381097634422764,0.00045417447878060013,0.0005851868290615382,0.00030207871688753404,0.00029949548200662026,0.06196487475745207,1.0361276281400933e-09,1.1265746972002113e-56,-1.240327285323417e-16
linear_J,7.4516007436109435,7.2,0.0012280325241618706,0.0021946759751957923,-0.0009666434510339217,0.5595507209451795,0.0020245098875575716,0.00034381097634422764,0.00045266638705154794,0.0005848589164428355,0.00030207871688753404,0.00029904631706799585,0.06618273433678394,1.0361276281400933e-09,1.394606357929648e-53,7.45931094670027e-17
linear_J,7.4516007436109435,7.6000000000000005,0.0014962898804696811,0.0025409153114926974,-0.0010446254310230163,0.5888782966129886,0.0022914582089468122,0.00034381097634422764,0.000451357352132975,0.0005845588873124531,0.00030207871688753404,0.00029863861995491384,0.07102944689845035,1.0361276281400933e-09,8.156087346927414e-51,7.155734338404329e-17
linear_J,7.4516007436109435,8.0,0.0017374095064652817,0.0028608393861732084,-0.0011234298797079267,0.6073076016998359,0.0025314649971111313,0.00034381097634422764,0.00045024451430153434,0.0005842815035473199,0.00030207871688753404,0.0002982662122348163,0.07658249564362757,1.0361276281400933e-09,2.5218201928829366e-48,-8.760353553682876e-17
linear_J,7.4516007436109435,8.4,0.001953933685131859,0.003159911690754913,-0.001205978005623054,0.6183507250688572,0.0027470756294318494,0.00034381097634422764,0.0004493309679556301,0.0005840220099079713,0.00030207871688753404,0.00029792376100272624,0.08297980424379453,1.0361276281400933e-09,4.515457140695887e-46,-1.3270634591222574e-16
linear_J,7.4516007436109435,8.8,0.002147820942797085,0.0034431646902222113,-0.0012953437474251261,0.6237926837761778,0.0029402566328306685,0.00034381097634422764,0.00044862471368933843,0.0005837760307214526,0.00030207871688753404,0.0002976066144658933,0.09040750326271477,1.0361276281400933e-09,5.04434015617918e-44,-1.734723475976807e-17
linear_J,7.4516007436109435,9.2,0.0023205560793700397,0.003715286312938104,-0.0013947302335680645,0.6245968369352695,0.003112504696812876,0.00034381097634422764,0.0004481376410985227,0.0005835394988830232,0.00030207871688753404,0.00029731067615142376,0.09908947647704444,1.0361276281400933e-09,3.738972604115703e-42,-8.586881206085195e-17
linear_J,7.4516007436109435,9.600000000000001,0.0024732429427054003,0.003980678337129062,-0.0015074353944236618,0.6213119305914951,0.003264938480751665,0.00034381097634422764,0.00044788456170208324,0.0005833086090106619,0.00030207871688753404,0.00029703230891041057,0.1092781400972718,1.0361276281400933e-09,1.935616801652016e-40,4.640385298237959e-17
linear_J,7.4516007436109435,10.0,0.002606682722949394,0.004243494156250138,-0.0016368114333007444,0.6142774390557543,0.0033983760106148686,0.00034381097634422764,0.0004478823113210906,0.0005830797880364932,0.00030207871688753404,0.00029676826162698683,0.12124620176757306,1.0361276281400933e-09,7.306589792677805e-39,-1.5655879370690684e-16
linear_J,7.4516007436109435,10.4,0.0027214399059303784,0.004507661882960867,-0.0017862219770304888,0.6037364772671892,0.0035133998199881004,0.00034381097634422764,0.00044814893771327746,0.0005828496779097017,0.00030207871688753404,0.00029651561305973456,0.13527929498227131,1.0361276281400933e-09,2.085778829832316e-37,-2.1684043449710089e-16
linear_J,7.4516007436109435,10.8,0.0028178975929396555,0.004776897412656356,-0.0019589998197167002,0.5899012161060139,0.0036104115533966367,0.00034381097634422764,0.00044870298411259224,0.0005826151263178382,0.00030207871688753404,0.0002962717285065789,0.15166945037300006,1.0361276281400933e-09,4.644768934322384e-36,-1.6132928326584306e-16
linear_J,7.4516007436109435,11.2,0.002896303603211914,0.005054710943725671,-0.002158407340513757,0.5729909455667386,0.0036896774534607786,0.00034381097634422764,0.0004495628739047408,0.0005823731823713012,0.00030207871688753404,0.0002960342260033595,0.17070938633953936,1.0361276281400933e-09,8.286280921066552e-35,1.0364972768961422e-16
linear_J,7.4516007436109435,11.600000000000001,0.002956808573919778,0.005344409538906358,-0.0023876009649865804,0.5532526189085498,0.003751365947052346,0.00034381097634422764,0.00045074639678821526,0.0005821210950376644,0.00030207871688753404,0.0002958009495708132,0.19268760047360323,1.0361276281400933e-09,1.2117631226636495e-33,-1.249000902703301e-16
linear_J,7.4516007436109435,12.0,0.0029994971248483715,0.0056490975892251605,-0.002649600464376789,0.5309692526058463,0.00379557839403121,0.00034381097634422764,0.00045227029283845255,0.0005818563127751154,0.00030207871688753404,0.0002955699476500242,0.21788423319413588,1.0361276281400933e-09,1.4817418450504934e-32,-1.5829351718288365e-16
linear_J,7.4516007436109435,12.4,0.0030244130382346968,0.005971676481348609,-0.002947263443113912,0.5064596261503571,0.0038223739425732317,0.00034381097634422764,0.00045414992799452936,0.0005815764833223264,0.00030207871688753404,0.00029533945534647704,0.24656766301019276,1.0361276281400933e-09,1.5415016355369762e-31,2.220446049250313e-16
linear_J,7.4516007436109435,12.8,0.0030315793050114115,0.006314844342309556,-0.0032832650372981442,0.48007189737042016,0.0038317893339585374,0.00034381097634422764,0.0004563990526030848,0.0005812794529823779,0.00030207871688753404,0.0002951078794676849,0.278991782305521,1.0361276281400933e-09,1.3851978844497059e-30,1.8648277366750676e-16
linear_J,7.4516007436109435,13.2,0.003021013799526462,0.0066810964162929976,-0.0036600826167665357,0.4521733576781204,0.003823854409474892,0.00034381097634422764,0.00045902963360422433,0.0005809632650162559,0.00030207871688753404,0.0002948737856141628,0.3153938948865551,1.0361276281400933e-09,1.0895775317434279e-29,2.168404344971009e-17
linear_J,7.4516007436109435,13.600000000000001,0.002992741262160259,0.007072726393754614,-0.004079985131594355,0.4231382773131053,0.0037986039890793265,0.00034381097634422764,0.0004620517505748989,0.0005806261569593332,0.00030207871688753404,0.00029463588678881785,0.35599317202888686,1.0361276281400933e-09,7.590750842994531e-29,5.898059818321144e-17
linear_J,7.4516007436109435,14.0,0.0029468021917530285,0.007491828844638726,-0.0045450266528856975,0.3933354929566774,0.0037560867140893498,0.00034381097634422764,0.0004654735459919124,0.0005802665568109439,0.00030207871688753404,0.0002943930331419941,0.40098960211257884,1.0361276281400933e-09,4.732714426251893e-28,-1.8127860323957634e-16
linear_J,7.4516007436109435,14.400000000000002,0.0028832591770934224,0.007940302789481324,-0.0050570436123879015,0.36311703136975243,0.003696371373995134,0.00034381097634422764,0.0004693012205573277,0.0005798830781379325,0.00030207871688753404,0.00029414420258128414,0.45056336964516985,1.0361276281400933e-09,2.6653326797295216e-27,-1.5612511283791264e-16
linear_J,7.4516007436109435,14.8,0.002802201129047832,0.008419856362421818,-0.005617655233373986,0.33280866186199765,0.0036195511705432665,0.00034381097634422764,0.00047353906515124056,0.0005794745141900342,0.00030207871688753404,0.00029388849205676097,0.5048746019696836,1.0361276281400933e-09,1.3670691409926386e-26,3.382710778154774e-17
linear_J,7.4516007436109435,15.2,0.0027037458125621083,0.008932012468973294,-0.0062282666564111855,0.3027028703726043,0.003525746310725192,0.00034381097634422764,0.0004781895218187726,0.000579039831157477,0.00030207871688753404,0.00029362510939112305,0.5640634257136626,1.0361276281400933e-09,6.433284538229847e-26,-8.326672684688674e-17
linear_J,7.4516007436109435,15.600000000000001,0.0025880410209230265,0.009478115311288282,-0.006890074290365256,0.2730543927694899,0.0034151052643523853,0.00034381097634422764,0.0004832532670850931,0.000578578160716492,0.00030207871688753404,0.0002933533655662327,0.6282502796051904,1.0361276281400933e-09,2.796113742999517e-25,-3.8163916471489756e-17
linear_J,7.4516007436109435,16.0,0.0024552646834156144,0.010059337638787968,-0.007604072955372354,0.2440781661357422,0.0032878049715492283,0.00034381097634422764,0.0004887293117893377,0.0005780887920118034,0.00030207871688753404,0.0002930726674070521,0.6975364352948106,1.0361276281400933e-09,1.1291344149624723e-24,-4.85722573273506e-17
linear_J,7.4516007436109435,16.400000000000002,0.0023056241518215614,0.010676688578006077,-0.008371064426184516,0.21594936810006196,0.003144050240642466,0.00034381097634422764,0.0004946151124766152,0.0005775711632206702,0.00030207871688753404,0.0002927825106243871,0.7720046829964633,1.0361276281400933e-09,4.259332949442417e-24,-6.158268339717665e-17
linear_J,7.4516007436109435,16.8,0.0021393548708314447,0.011331021898918714,-0.00919166702808727,0.18880511307065756,0.002984072537359543,0.00034381097634422764,0.0005009066901839887,0.0005770248528335543,0.00030207871688753404,0.00029248247319162726,0.8517201438865918,1.0361276281400933e-09,1.508191859968003e-23,1.1796119636642288e-16
linear_J,7.4516007436109435,17.2,0.001956718602148244,0.01202304458338982,-0.010066325981241575,0.16274734644596653,0.002808128331662974,0.00034381097634422764,0.0005075987531705239,0.000576449570774077,0.00030207871688753404,0.00029217220903966936,0.9367311761277051,1.0361276281400933e-09,5.0350984804981494e-23,2.168404344971009e-17
linear_J,7.4516007436109435,17.6,0.0017580013414456586,0.012753325572772867,-0.010995324231327208,0.13784650375419127,0.002616497138574758,0.00034381097634422764,0.000514684820784872,0.0005758451494670958,0.00030207871688753404,0.00029185144205983295,1.0270703460146933,1.0361276281400933e-09,1.5912513123187694e-22,0.0
linear_J,7.4516007436109435,18.0,0.0015435110410194075,0.013522304584763944,-0.011978793543744537,0.1141455608653081,0.0024094793635834263,0.00034381097634422764,0.0005221573462197426,0.000575211534949492,0.00030207871688753404,0.00029151996040781893,1.122755440014654,1.0361276281400933e-09,4.777901187677101e-22,-4.85722573273506e-17
linear_J,8.944271909999157,5.2,-0.0019041328255128276,-0.0006689328778842762,-0.0012351999476285513,,0.00013727224531010862,0.000840101606717325,0.0012013034641055187,0.0018911205662508522,0.0010125214822740596,0.0010082785090802025,0.136384088568322,1.7219563552828276e-09,8.330189082845176e-74,-9.237402509576498e-17
linear_J,8.944271909999157,5.6000000000000005,-0.001416341967489132,-8.243485895681468e-05,-0.0013339071085323173,,0.0006080858906335955,0.000840101606717325,0.0011843262514052988,0.0018755418033843453,0.0010125214822740596,0.0009937316010437153,0.134862761906032,1.7219563552828276e-09,1.3230604115910993e-68,-1.0364972768961422e-16
linear_J,8.944271909999157,6.0,-0.000984429514624574,0.0004377323223831442,-0.0014221618370077183,,0.0010249641650421346,0.000840101606717325,0.0011692920729492462,0.0018617377392549622,0.0010125214822740596,0.000980842853094843,0.13492064499438608,1.7219563552828276e-09,4.2536486526578224e-64,-1.3747683547116196e-16
linear_J,8.944271909999157,6.4,-0.000600105115497962,0.0009021619232864597,-0.0015022670387844217,,0.001395907579451248,0.000840101606717325,0.0011559110882318757,0.001849436384211787,0.0010125214822740596,0.0009693590244158138,0.13613042382709123,1.7219563552828276e-09,3.7352788856454855e-60,-9.324138683375338e-18
linear_J,8.944271909999157,6.800000000000001,-0.0002566844537015833,0.0013198125444869313,-0.0015764969981885146,,0.0017273658861075144,0.000840101606717325,0.0011439487330916487,0.001838413660040288,0.0010125214822740596,0.0009590719554635904,0.1382406918116907,1.7219563552828276e-09,1.1265746972002113e-56,-1.240327285323417e-16
linear_J,8.944271909999157,7.2,5.119245004370221e-05,0.0016983853448226949,-0.0016471928947789927,0.03014183453699461,0.0020245098875575716,0.000840101606717325,0.001133215830796619,0.0018284840025161206,0.0010125214822740596,0.0009498098331891643,0.1411306041331396,1.7219563552828276e-09,1.394606357929648e-53,7.45931094670027e-17
linear_J,8.944271909999157,7.6000000000000005,0.0003277962329215067,0.0020446246811196,-0.0017168284481980933,0.16032098015270527,0.0022914582089468122,0.000840101606717325,0.001123560369308052,0.0018194927078863871,0.0010125214822740596,0.0009414300588245618,0.14477988848928827,1.7219563552828276e-09,8.156087346927414e-51,7.155734338404329e-17
linear_J,8.944271909999157,8.0,0.0005765026586522226,0.002364548755800111,-0.0017880460971478884,0.24381085703481165,0.0025314649971111313,0.000840101606717325,0.001114860731741496,0.0018113098329189913,0.0010125214822740596,0.0009338135398115312,0.14924775026728745,1.7219563552828276e-09,2.5218201928829366e-48,-8.760353553682876e-17
linear_J,8.944271909999157,8.4,0.0007999539018772039,0.0026636210603818156,-0.0018636671585046116,0.3003257159119079,0.0027470756294318494,0.000840101606717325,0.0011070201208371877,0.001803825386165461,0.0010125214822740596,0.0009268601637771334,0.15465694132210622,1.7219563552828276e-09,4.515457140695887e-46,-1.3270634591222574e-16
linear_J,8.944271909999157,8.8,0.001000193079698064,0.002946874059849114,-0.0019466809801510498,0.33940815229452864,0.0029402566328306685,0.000840101606717325,0.0010999619464152621,0.001796945555560211,0.0010125214822740596,0.0009204852216523281,0.1611808927895469,1.7219563552828276e-09,5.04434015617918e-44,-1.734723475976807e-17
linear_J,8.944271909999157,9.2,0.001178777099477002,0.003218995682565007,-0.002040218583088005,0.36619406042126523,0.003112504696812876,0.000840101606717325,0.001093625990618463,0.0017905897519877392,0.0010125214822740596,0.0009146165801668317,0.1690327748026591,1.7219563552828276e-09,3.738972604115703e-42,-8.586881206085195e-17
linear_J,8.944271909999157,9.600000000000001,0.0013368716657032875,0.0034843877067559648,-0.0021475160410526772,0.38367477393838645,0.003264938480751665,0.000840101606717325,0.0010879652083310987,0.001784688288328688,0.0010125214822740596,0.000909192441108587,0.17845589882655977,1.7219563552828276e-09,1.935616801652016e-40,4.640385298237959e-17
linear_J,8.944271909999157,10.0,0.0014753313502143262,0.003747203525877041,-0.0022718721756627147,0.39371529729467303,0.0033983760106148686,0.000840101606717325,0.0010829430536830609,0.0017791805504059524,0.0010125214822740596,0.0009041595584808559,0.18971518230750106,1.7219563552828276e-09,7.306589792677805e-39,-1.5655879370690684e-16
linear_J,8.944271909999157,10.4,0.001594766965210992,0.00401137125258777,-0.002416604287376778,0.3975615481070704,0.0035133998199881004,0.000840101606717325,0.0010785312480595666,0.0017740135475503027,0.0010125214822740596,0.000899471812875192,0.20308955130894923,1.7219563552828276e-09,2.085778829832316e-37,-2.1684043449710089e-16
linear_J,8.944271909999157,10.8,0.0016956020243265035,0.004280606782283258,-0.0025850047579567548,0.39611253977924976,0.0036104115533966367,0.000840101606717325,0.0010747079223526468,0.0017691407559029936,0.0010125214822740596,0.0008950890649723605,0.21886522781157125,1.7219563552828276e-09,4.644768934322384e-36,-1.6132928326584306e-16
linear_J,8.944271909999157,11.2,0.0017781197683124916,0.004558420313352574,-0.002780300545040082,0.3900736759846397,0.0036896774534607786,0.000840101606717325,0.0010714560784310656,0.00176452118767315,0.0010125214822740596,0.0008909762278005299,0.2373298731347888,1.7219563552828276e-09,8.286280921066552e-35,1.0364972768961422e-16
linear_J,8.944271909999157,11.600000000000001,0.0018425020167349149,0.004848118908533261,-0.003005616891798346,0.38004472487089663,0.003751365947052346,0.000840101606717325,0.001068762323599981,0.0017601186352310745,0.0010125214822740596,0.0008871025111063241,0.25876756065799617,1.7219563552828276e-09,1.2117631226636495e-33,-1.249000902703301e-16
linear_J,8.944271909999157,12.0,0.0018888609488726948,0.005152806958852063,-0.0032639460099793682,0.36656932114016033,0.00379557839403121,0.000840101606717325,0.0010666158384410318,0.001755901051001776,0.0010125214822740596,0.0008834408017607407,0.28345454300750295,1.7219563552828276e-09,1.4817418450504934e-32,-1.5829351718288365e-16
linear_J,8.944271909999157,12.4,0.001917264792225426,0.0054753858509755116,-0.0035581210587500856,0.35016067258234235,0.0038223739425732317,0.000840101606717325,0.0010650075436307027,0.0017518400333807194,0.0010125214822740596,0.0008799671522320989,0.31165576836714154,1.7219563552828276e-09,1.5415016355369762e-31,2.220446049250313e-16
linear_J,8.944271909999157,12.8,0.0019277582915583902,0.005818553711936458,-0.003890795420378068,0.3313122791328187,0.0038317893339585374,0.000840101606717325,0.0010639294356830087,0.0017479103959535198,0.0010125214822740596,0.0008766603553787376,0.3436220911633032,1.7219563552828276e-09,1.3851978844497059e-30,1.8648277366750676e-16
linear_J,8.944271909999157,13.2,0.0019203787374569292,0.0061848057859199,-0.004264427048462971,0.3104994407146611,0.003823854409474892,0.000840101606717325,0.0010633740653006596,0.0017440898026676217,0.0010125214822740596,0.0008735015885891904,0.3795881155590251,1.7219563552828276e-09,1.0895775317434279e-29,2.168404344971009e-17
linear_J,8.944271909999157,13.600000000000001,0.0018951682470331743,0.006576435763381516,-0.004681267516348342,0.28817558860465536,0.0037986039890793265,0.000840101606717325,0.001063334135328886,0.0017403584556747146,0.0010125214822740596,0.00087047411396966,0.41977060631585245,1.7219563552828276e-09,7.590750842994531e-29,5.898059818321144e-17
linear_J,8.944271909999157,14.0,0.0018521829090683561,0.006995538214265629,-0.0051433553051972725,0.26476631995109373,0.0037560867140893498,0.000840101606717325,0.0010638021983034873,0.001736698825646805,0.0010125214822740596,0.0008675630241097052,0.4643674004178299,1.7219563552828276e-09,4.732714426251893e-28,-1.8127860323957634e-16
linear_J,8.944271909999157,14.400000000000002,0.0017914993310280125,0.0074440121591082264,-0.005652512828080214,0.24066313873977196,0.003696371373995134,0.000840101606717325,0.0010647704362496402,0.0017330954167046459,0.0010125214822740596,0.0008647550251464766,0.5135567539253254,1.7219563552828276e-09,2.6653326797295216e-27,-1.5612511283791264e-16
linear_J,8.944271909999157,14.8,0.0017132190560107952,0.00792356573204872,-0.0062103466760379256,0.21621819190333447,0.0036195511705432665,0.000840101606717325,0.0010662305078151801,0.0017295345598666528,0.0010125214822740596,0.0008620382505468631,0.5674970613061661,1.7219563552828276e-09,1.3670691409926386e-26,3.382710778154774e-17
linear_J,8.944271909999157,15.2,0.001617471254031555,0.008435721838600196,-0.006818250584568641,0.19174070517952904,0.003525746310725192,0.000840101606717325,0.0010681734499762285,0.0017260042302680214,0.0010125214822740596,0.0008594021003502828,0.6263268884660733,1.7219563552828276e-09,6.433284538229847e-26,-8.326672684688674e-17
linear_J,8.944271909999157,15.600000000000001,0.0015044140341672896,0.008981824680915185,-0.007477410646747895,0.16749536843709584,0.0034151052643523853,0.000840101606717325,0.0010705896234677326,0.0017224938844186053,0.0010125214822740596,0.0008568371016497345,0.6901652654381537,1.7219563552828276e-09,2.796113742999517e-25,-3.8163916471489756e-17
linear_J,8.944271909999157,16.0,0.0013742346720438392,0.009563047008414871,-0.008188812336371032,0.14370259508654515,0.0032878049715492283,0.000840101606717325,0.0010734686927880155,0.0017189943145434993,0.0010125214822740596,0.0008543347869013019,0.7591121898345102,1.7219563552828276e-09,1.1291344149624723e-24,-4.85722573273506e-17
linear_J,8.944271909999157,16.400000000000002,0.001227149000829375,0.01018039794763298,-0.008953248946803605,0.12054037643142394,0.003144050240642466,0.000840101606717325,0.0010767996330957041,0.0017154975176421822,0.0010125214822740596,0.0008518875872930865,0.833249297438696,1.7219563552828276e-09,4.259332949442417e-24,-6.158268339717665e-17
linear_J,8.944271909999157,16.8,0.0010634001730348563,0.010834731268545617,-0.00977133109551076,0.09814735102124968,0.002984072537359543,0.000840101606717325,0.0010805707576074797,0.0017119965773556014,0.0010125214822740596,0.0008494887389120636,0.9126406615240188,1.7219563552828276e-09,1.508191859968003e-23,1.1796119636642288e-16
linear_J,8.944271909999157,17.2,0.0008832569647365673,0.011526753953016722,-0.010643496988280154,0.07662668677901344,0.002808128331662974,0.000840101606717325,0.0010847697602091033,0.0017084855570796613,0.0010125214822740596,0.0008471321998511247,0.997333687473267,1.7219563552828276e-09,5.0350984804981494e-23,2.168404344971009e-17
linear_J,8.944271909999157,17.6,0.0006870117629219075,0.01225703494239977,-0.011570023179477862,0.056050404208719616,0.002616497138574758,0.000840101606717325,0.0010893837689355257,0.0017049594030338025,0.0010125214822740596,0.0008448125767213174,1.0873600739568785,1.7219563552828276e-09,1.5912513123187694e-22,0.0
linear_J,8.944271909999157,18.0,0.0004749783500755944,0.013026013954390847,-0.012551035604315253,0.0364638293601311,0.0024094793635834263,0.000840101606717325,0.0010943994067904583,0.0017014138562039015,0.0010125214822740596,0.0008425250592934678,1.182736816240465,1.7219563552828276e-09,4.777901187677101e-22,-4.85722573273506e-17
linear_J,10.735948254956169,5.2,-0.0018870354029195124,-0.000681515881295558,-0.0012055195216239545,,0.00013727224531010862,0.0008526846101286067,0.0011716230381009218,0.0019139783737624901,0.001034460454563763,0.0010292789869656483,0.13365802680269465,2.865390591466621e-09,8.330189082845176e-74,-9.237402509576498e-17
linear_J,10.735948254956169,5.6000000000000005,-0.0013962325217059535,-9.50178623680964e-05,-0.001301214659337857,,0.0006080858906335955,0.0008526846101286067,0.0011516338022108386,0.001894758451278234,0.001034460454563763,0.0010115144127313875,0.13181821347607314,2.865390591466621e-09,1.3230604115910993e-68,-1.0364972768961422e-16
linear_J,10.735948254956169,6.0,-0.0009616463416928234,0.0004251493189718625,-0.0013867956606646858,,0.0010249641650421346,0.0008526846101286067,0.0011339258966062138,0.0018777283699724836,0.001034460454563763,0.0009957749196678543,0.13159374408360422,2.865390591466621e-09,4.2536486526578224e-64,-1.3747683547116196e-16
linear_J,10.735948254956169,6.4,-0.0005749304170160618,0.000889578919875178,-0.0014645093368912399,,0.001395907579451248,0.0008526846101286067,0.0011181533863386939,0.0018625528247815798,0.001034460454563763,0.0009817513606825159,0.13255126306607434,2.865390591466621e-09,3.7352788856454855e-60,-9.324138683375338e-18
linear_J,10.735948254956169,6.800000000000001,-0.0002293519664402499,0.0013072295410756496,-0.0015365815075158995,,0.0017273658861075144,0.0008526846101286067,0.0011040332424190336,0.0018489557413335644,0.001034460454563763,0.0009691896930930637,0.13443418691224215,2.865390591466621e-09,1.1265746972002113e-56,-1.240327285323417e-16
linear_J,10.735948254956169,7.2,8.049182572739122e-05,0.0016858023414114132,-0.001605310515684022,0.04774689401605684,0.0020245098875575716,0.0008526846101286067,0.0010913334517016482,0.0018367086977853007,0.001034460454563763,0.0009578803184590696,0.13711713015991034,2.865390591466621e-09,1.394606357929648e-53,7.45931094670027e-17
linear_J,10.735948254956169,7.6000000000000005,0.0003589103420433837,0.0020320416777083183,-0.0016731313356649347,0.1766254826269868,0.0022914582089468122,0.0008526846101286067,0.0010798632567748934,0.0018256214898257728,0.001034460454563763,0.0009476493759019908,0.14057574307033138,2.865390591466621e-09,8.156087346927414e-51,7.155734338404329e-17
linear_J,10.735948254956169,8.0,0.0006093151081753012,0.0023519657523888293,-0.0017426506442135281,0.25906631827288984,0.0025314649971111313,0.0008526846101286067,0.0010694652788071357,0.0018155346036483222,0.001034460454563763,0.000938351770874332,0.14486549251649244,2.865390591466621e-09,2.5218201928829366e-48,-8.760353553682876e-17
linear_J,10.735948254956169,8.4,0.0008343818205853726,0.002651038056970534,-0.0018166562363851613,0.3147377754127227,0.0027470756294318494,0.0008526846101286067,0.0010600091987177374,0.0018063132740183563,0.001034460454563763,0.0009298656440745964,0.1501056467698193,2.865390591466621e-09,4.515457140695887e-46,-1.3270634591222574e-16
linear_J,10.735948254956169,8.8,0.0010361853318372471,0.002934291056437832,-0.001898105724600585,0.3531297038730556,0.0029402566328306685,0.0008526846101286067,0.0010513866908647973,0.0017978428145034666,0.001034460454563763,0.0009220879967328357,0.1564663559096286,2.865390591466621e-09,5.04434015617918e-44,-1.734723475976807e-17
linear_J,10.735948254956169,9.2,0.0012163127351620395,0.003206412679153725,-0.0019900999439916855,0.3793375516101887,0.003112504696812876,0.0008526846101286067,0.0010435073515221438,0.001790024949815176,0.001034460454563763,0.0009149312290897598,0.16415768266923675,2.865390591466621e-09,3.738972604115703e-42,-8.586881206085195e-17
linear_J,10.735948254956169,9.600000000000001,0.0013759584553648119,0.003471804703344683,-0.002095846247979871,0.3963236912604084,0.003264938480751665,0.0008526846101286067,0.0010362954152582926,0.0017827749294106292,0.001034460454563763,0.0009083203942655037,0.17341999247148002,2.865390591466621e-09,1.935616801652016e-40,4.640385298237959e-17
linear_J,10.735948254956169,10.0,0.00151600430380594,0.003734620522465759,-0.002218616218659819,0.4059326227889435,0.0033983760106148686,0.0008526846101286067,0.0010296870966801652,0.0017760192468424289,0.001034460454563763,0.0009021910108389904,0.18451541664132431,2.865390591466621e-09,7.306589792677805e-39,-1.5655879370690684e-16
linear_J,10.735948254956169,10.4,0.001637086779015473,0.003998788249176488,-0.002361701470161015,0.4093957161529159,0.0035133998199881004,0.0008526846101286067,0.0010236284308438037,0.0017696938276627278,0.001034460454563763,0.0008964873117525698,0.19772026000478912,2.865390591466621e-09,2.085778829832316e-37,-2.1684043449710089e-16
linear_J,10.735948254956169,10.8,0.001739653429732979,0.004268023778871977,-0.0025283703491389975,0.407601625451291,0.0036104115533966367,0.0008526846101286067,0.0010180735135348895,0.0017637425796990353,0.001034460454563763,0.0008911608346103928,0.21331829622064072,2.865390591466621e-09,4.644768934322384e-36,-1.6132928326584306e-16
linear_J,10.735948254956169,11.2,0.0018240097793106314,0.004545837309941292,-0.0027218275306306605,0.40124836305111583,0.0036896774534607786,0.0008526846101286067,0.0010129830640216442,0.0017581162240119875,0.001034460454563763,0.0008861692799447787,0.23159491993859022,2.865390591466621e-09,8.286280921066552e-35,1.0364972768961422e-16
linear_J,10.735948254956169,11.600000000000001,0.0018903580876994397,0.004835535905121979,-0.0029451778174225396,0.39093042111363546,0.003751365947052346,0.0008526846101286067,0.0010083232492241745,0.0017527713439051949,0.001034460454563763,0.0008814755806742755,0.2528321273877541,2.865390591466621e-09,1.2117631226636495e-33,-1.249000902703301e-16
linear_J,10.735948254956169,12.0,0.001938829063154457,0.005140223955440781,-0.0032013948922863245,0.377187663409541,0.00379557839403121,0.0008526846101286067,0.001004064720747988,0.0017476696040500716,0.001034460454563763,0.0008770471387889743,0.2773042895999593,2.865390591466621e-09,1.4817418450504934e-32,-1.5829351718288365e-16
linear_J,10.735948254956169,12.4,0.001969507506588586,0.00546280284756423,-0.003493295340975644,0.3605305850396478,0.0038223739425732317,0.0008526846101286067,0.0010001818258562611,0.0017427771030453759,0.001034460454563763,0.0008728551951321785,0.30527467242365935,2.865390591466621e-09,1.5415016355369762e-31,2.220446049250313e-16
linear_J,10.735948254956169,12.8,0.0019824527628585775,0.005805970708525177,-0.003823517945666599,0.3414507000436034,0.0038317893339585374,0.0008526846101286067,0.0009966519609715396,0.0017380638313210712,0.001034460454563763,0.0008688743056926389,0.33699264840630694,2.865390591466621e-09,1.3851978844497059e-30,1.8648277366750676e-16
linear_J,10.735948254956169,13.2,0.001977714757166904,0.0061722227825086184,-0.004194508025341714,0.3204218037578819,0.003823854409474892,0.0008526846101286067,0.000993455042179403,0.0017335032128345089,0.001034460454563763,0.0008650819036175189,0.37269153903031826,2.865390591466621e-09,1.0895775317434279e-29,2.168404344971009e-17
linear_J,10.735948254956169,13.600000000000001,0.001955346307070449,0.0065638527599702345,-0.0046085064528997854,0.2978961257320032,0.0037986039890793265,0.0008526846101286067,0.0009905730718803296,0.0017290717139770012,0.001034460454563763,0.0008614579306182833,0.4125870220549033,2.865390591466621e-09,7.590750842994531e-29,5.898059818321144e-17
linear_J,10.735948254956169,14.0,0.0019154123194518036,0.006982955210854347,-0.005067542891402543,0.27429823930052927,0.0037560867140893498,0.0008526846101286067,0.0009879897845087582,0.0017247485068850193,0.001034460454563763,0.0008579845248866972,0.45687603763415185,2.865390591466621e-09,4.732714426251893e-28,-1.8127860323957634e-16
linear_J,10.735948254956169,14.400000000000002,0.0018579964066189891,0.007431429155696945,-0.005573432749077956,0.2500187201804442,0.003696371373995134,0.0008526846101286067,0.0009856903572473819,0.001720515177220266,0.001034460454563763,0.0008546457553069393,0.5057361279932334,2.865390591466621e-09,2.6653326797295216e-27,-1.5612511283791264e-16
linear_J,10.735948254956169,14.8,0.0017832053862604225,0.007910982728637439,-0.0061277773423770165,0.22540883319151878,0.0036195511705432665,0.0008526846101286067,0.0009836611741542711,0.0017163554686664157,0.001034460454563763,0.000851427393825084,0.5593251482333946,2.865390591466621e-09,1.3670691409926386e-26,3.382710778154774e-17
linear_J,10.735948254956169,15.2,0.0016911720664631313,0.008423138835188915,-0.006731966768725783,0.2007769430794621,0.003525746310725192,0.0008526846101286067,0.0009818896341333705,0.0017122550580544002,0.001034460454563763,0.0008483167194573404,0.6177812897989671,2.865390591466621e-09,6.433284538229847e-26,-8.326672684688674e-17
linear_J,10.735948254956169,15.600000000000001,0.0015820566593760521,0.008969241677503903,-0.007387185018127851,0.17638689158572554,0.0034151052643523853,0.0008526846101286067,0.0009803639948476883,0.001708201356299359,0.001034460454563763,0.0008453023486886195,0.6812233628544268,2.865390591466621e-09,2.796113742999517e-25,-3.8163916471489756e-17
linear_J,10.735948254956169,16.0,0.0014560471153752808,0.00955046400500359,-0.008094416889628309,0.15245825905552257,0.0032878049715492283,0.0008526846101286067,0.0009790732460452922,0.0017041833313064846,0.001034460454563763,0.0008423740880130606,0.7497512889315584,2.865390591466621e-09,1.1291344149624723e-24,-4.85722573273506e-17
linear_J,10.735948254956169,16.400000000000002,0.0013133586236052652,0.010167814944221698,-0.008854456320616433,0.12916822648819334,0.003144050240642466,0.0008526846101286067,0.0009780070069085323,0.0017001913497521972,0.001034460454563763,0.0008395228051590813,0.8234467604505353,2.865390591466621e-09,4.259332949442417e-24,-6.158268339717665e-17
linear_J,10.735948254956169,16.8,0.0011542324842511165,0.010822148265134335,-0.009667915780883218,0.10665465450789488,0.002984072537359543,0.0008526846101286067,0.0009771554429799378,0.001696217035226011,0.001034460454563763,0.0008367403161698627,0.9023740288910936,2.865390591466621e-09,1.508191859968003e-23,1.1796119636642288e-16
linear_J,10.735948254956169,17.2,0.0009789345225406643,0.01151417094960544,-0.010535236427064776,0.08501997467513801,0.002808128331662974,0.0008526846101286067,0.0009765091989937247,0.0016922531406680888,0.001034460454563763,0.0008340192860116352,0.9865807883483064,2.865390591466621e-09,5.0350984804981494e-23,2.168404344971009e-17
linear_J,10.735948254956169,17.6,0.0007877531838451635,0.012244451938988488,-0.011456698755143324,0.06433552010088903,0.002616497138574758,0.0008526846101286067,0.000976059344600988,0.0016882934333889348,0.001034460454563763,0.0008313531407842258,1.0760991258609887,2.865390591466621e-09,1.5912513123187694e-22,0.0
linear_J,10.735948254956169,18.0,0.0005809974229524228,0.013013430950979565,-0.012432433528027143,0.044645983456706256,0.0024094793635834263,0.0008526846101286067,0.0009757973305023482,0.001684332591234266,0.001034460454563763,0.000828735989932226,1.170946514186161,2.865390591466621e-09,4.777901187677101e-22,-4.85722573273506e-17
linear_J,12.886525151839582,5.2,-0.00021879510885741693,1.7995306135720757e-05,-0.0002367904149931377,,0.00013727224531010862,0.00015317342269732803,0.00020289393147010504,0.0003322360410085332,0.00017501001360086847,0.00017452725235355825,0.023332977919780677,4.771122719127163e-09,8.330189082845176e-74,-9.248244531301353e-17
linear_J,12.886525151839582,5.6000000000000005,0.0002538205491562362,0.0006044933250631823,-0.0003506727759069461,0.4198897467225243,0.0006080858906335955,0.00015317342269732803,0.0002010919187799276,0.00033052134974070966,0.00017501001360086847,0.00017287215669735384,0.024272753928852073,4.771122719127163e-09,1.3230604115910993e-68,-1.0364972768961422e-16
linear_J,12.886525151839582,6.0,0.0006722937491295822,0.0011246605064031412,-0.000452366757273559,0.5977748354298434,0.0010249641650421346,0.00015317342269732803,0.00019949699321508696,0.000329001888907891,0.00017501001360086847,0.00017140567662967939,0.026492333953970215,4.771122719127163e-09,4.2536486526578224e-64,-1.3747683547116196e-16
linear_J,12.886525151839582,6.4,0.0010446551497445,0.0015890901073064567,-0.0005444349575619567,0.6573920163125386,0.001395907579451248,0.00015317342269732803,0.00019807900700941072,0.00032764764604159395,0.00017501001360086847,0.00017009896713235956,0.029613962829532284,4.771122719127163e-09,3.7352788856454855e-60,-9.324138683375338e-18
linear_J,12.886525151839582,6.800000000000001,0.0013773784954386192,0.0020067407285069283,-0.0006293622330683091,0.6863759108848245,0.0017273658861075144,0.00015317342269732803,0.00019681396797144313,0.00032643384623510537,0.00017501001360086847,0.0001689282971289691,0.03342533024055255,4.771122719127163e-09,1.1265746972002113e-56,-1.240327285323417e-16
linear_J,12.886525151839582,7.2,0.0016756534413837065,0.002385313528842692,-0.0007096600874589853,0.702487711205286,0.0020245098875575716,0.00015317342269732803,0.0001956830234766116,0.0003253399131539057,0.00017501001360086847,0.0001678740536948529,0.03783665417863893,4.771122719127163e-09,1.394606357929648e-53,7.45931094670027e-17
linear_J,12.886525151839582,7.6000000000000005,0.0019436131867334172,0.002731552865139597,-0.0007879396784061798,0.7115414867264844,0.0022914582089468122,0.00015317342269732803,0.00019467159951613855,0.00032434862446874686,0.00017501001360086847,0.00016691992965414971,0.04285248277299172,4.771122719127163e-09,8.156087346927414e-51,7.155734338404329e-17
linear_J,12.886525151839582,8.0,0.0021845229027545043,0.003051476939820108,-0.0008669540370656037,0.715890352716638,0.0025314649971111313,0.00015317342269732803,0.0001937686716592113,0.0003234454408617259,0.00017501001360086847,0.00016605227430655902,0.04855194195880902,4.771122719127163e-09,2.5218201928829366e-48,-8.760353553682876e-17
linear_J,12.886525151839582,8.4,0.002400936063856829,0.0033505492444018126,-0.0009496131805449837,0.7165798466828617,0.0027470756294318494,0.00015317342269732803,0.00019296614287755975,0.0003226179794921441,0.00017501001360086847,0.00016525957963822878,0.055073827049714884,4.771122719127163e-09,4.515457140695887e-46,-1.3270634591222574e-16
linear_J,12.886525151839582,8.8,0.0025948249020787406,0.003633802243869111,-0.0010389773417903703,0.7140798337214649,0.0029402566328306685,0.00015317342269732803,0.00019225830805458255,0.0003218556034202553,0.00017501001360086847,0.00016453207532674165,0.06260452686234258,4.771122719127163e-09,5.04434015617918e-44,-1.734723475976807e-17
linear_J,12.886525151839582,9.2,0.0027676898834834707,0.003905923866585004,-0.0011382339831015331,0.7085877702740006,0.003112504696812876,0.00015317342269732803,0.00019164139063199137,0.00032114910219397947,0.00017501001360086847,0.00016386140958154244,0.0713677041081424,4.771122719127163e-09,3.738972604115703e-42,-8.586881206085195e-17
linear_J,12.886525151839582,9.600000000000001,0.0029206519167485623,0.004171315890775962,-0.0012506639740273995,0.700175194884426,0.003264938480751665,0.00015317342269732803,0.0001911131413058209,0.0003204904431933773,0.00017501001360086847,0.0001632403970886279,0.08161519020715702,4.771122719127163e-09,1.935616801652016e-40,4.640385298237959e-17
linear_J,12.886525151839582,10.0,0.003054530096296193,0.004434131709897038,-0.0013796016136008449,0.6888676963470534,0.0033983760106148686,0.00015317342269732803,0.00019067249162119104,0.0003198725774486356,0.00017501001360086847,0.00016266281919250433,0.09361884426111411,4.771122719127163e-09,7.306589792677805e-39,-1.5655879370690684e-16
linear_J,12.886525151839582,10.4,0.003169907140253392,0.004698299436607767,-0.001528392296354375,0.6746924462826716,0.0035133998199881004,0.00015317342269732803,0.00019031925703716368,0.0003192892871796983,0.00017501001360086847,0.0001621232646924974,0.10766327351420898,4.771122719127163e-09,2.085778829832316e-37,-2.1684043449710089e-16
linear_J,12.886525151839582,10.8,0.0032671842457984712,0.004967534966303255,-0.001700350720504784,0.6577073473988745,0.0036104115533966367,0.00015317342269732803,0.0001900538849006761,0.00031873506519671327,0.00017501001360086847,0.00016161700224188828,0.12403937791804087,4.771122719127163e-09,4.644768934322384e-36,-1.6132928326584306e-16
linear_J,12.886525151839582,11.2,0.0033466267875940092,0.005245348497372571,-0.0018987217097785614,0.638018005718849,0.0036896774534607786,0.00015317342269732803,0.00018987724316954502,0.0003182050186032561,0.00017501001360086847,0.00016113987739274725,0.14303870225131532,4.771122719127163e-09,8.286280921066552e-35,1.0364972768961422e-16
linear_J,12.886525151839582,11.600000000000001,0.0034084020784794777,0.005535047092553258,-0.0021266450140737803,0.6157855608970471,0.003751365947052346,0.00015317342269732803,0.00018979044587541516,0.00031769479104658515,0.00017501001360086847,0.00016068822892451458,0.16494857819571201,4.771122719127163e-09,1.2117631226636495e-33,-1.249000902703301e-16
linear_J,12.886525151839582,12.0,0.0034526102599348185,0.00583973514287206,-0.0023871248829372416,0.5912272004577211,0.00379557839403121,0.00015317342269732803,0.00018979471139890514,0.00031720049915262474,0.00017501001360086847,0.0001602588203237506,0.19004802876979032,4.771122719127163e-09,1.4817418450504934e-32,-1.5829351718288365e-16
linear_J,12.886525151839582,12.4,0.003479309270161657,0.0061623140349955086,-0.0026830047648338518,0.5646108345668224,0.0038223739425732317,0.00015317342269732803,0.0001898912497144689,0.00031671867985107703,0.00017501001360086847,0.0001598487832261021,0.21860439555600206,4.771122719127163e-09,1.5415016355369762e-31,2.220446049250313e-16
linear_J,12.886525151839582,12.8,0.0034885347363667885,0.006505481895956455,-0.003016947159589667,0.5362453992124889,0.0038317893339585374,0.00015317342269732803,0.0001900811748946074,0.0003162462461085845,0.00017501001360086847,0.00015945557035449765,0.25087063864680686,4.771122719127163e-09,1.3851978844497059e-30,1.8648277366750676e-16
linear_J,12.886525151839582,13.2,0.0034803155474142367,0.006871733969939897,-0.0033914184225256605,0.5064683182787236,0.003823854409474892,0.00015317342269732803,0.00019036543936334915,0.00031578044920284803,0.00017501001360086847,0.0001590769160413038,0.2870832515712032,4.771122719127163e-09,1.0895775317434279e-29,2.168404344971009e-17
linear_J,12.886525151839582,13.600000000000001,0.0034546857797680963,0.007263363947401513,-0.003808678167633417,0.47563165012597486,0.0037986039890793265,0.00015317342269732803,0.0001907447866139611,0.0003153188461340627,0.00017501001360086847,0.00015871080284657574,0.32746072891480116,4.771122719127163e-09,7.590750842994531e-29,5.898059818321144e-17
linear_J,12.886525151839582,14.0,0.0034116935719962216,0.007682466398285626,-0.004270772826289404,0.44408831684022143,0.0037560867140893498,0.00015317342269732803,0.00019121971939561888,0.0003148592711180373,0.00017501001360086847,0.00015835543311029117,0.3722025226411859,4.771122719127163e-09,4.732714426251893e-28,-1.8127860323957634e-16
linear_J,12.886525151839582,14.400000000000002,0.003351407470635004,0.008130940343128223,-0.0047795328724932196,0.4121795670862854,0.003696371373995134,0.00015317342269732803,0.0001917904806626458,0.00031439981036592224,0.00017501001360086847,0.0001580092045270117,0.421488423755376,4.771122719127163e-09,2.6653326797295216e-27,-1.5612511283791264e-16
linear_J,12.886525151839582,14.8,0.003273920702961619,0.008610493916068718,-0.005336573213107099,0.3802244952350409,0.0036195511705432665,0.00015317342269732803,0.00019245704488435322,0.00031393877955005216,0.00017501001360086847,0.00015767068902460042,0.4754783083642996,4.771122719127163e-09,1.3670691409926386e-26,3.382710778154774e-17
linear_J,12.886525151839582,15.2,0.0031793537704080665,0.009122650022620193,-0.005943296252212127,0.34851208393664734,0.003525746310725192,0.00015317342269732803,0.000193219117619714,0.000313474703500438,0.00017501001360086847,0.00015733861437799605,0.5343121908618693,4.771122719127163e-09,6.433284538229847e-26,-8.326672684688674e-17
linear_J,12.886525151839582,15.600000000000001,0.003067855700121247,0.009668752864935182,-0.006600897164813935,0.31729590599498825,0.0034151052643523853,0.00015317342269732803,0.00019407614153377217,0.0003130062977843445,0.00017501001360086847,0.00015701184810489868,0.5981105314497577,4.771122719127163e-09,2.796113742999517e-25,-3.8163916471489756e-17
linear_J,12.886525151839582,16.0,0.0029396042415397172,0.010249975192434868,-0.007310370950895151,0.2867913518180348,0.0032878049715492283,0.00015317342269732803,0.00019502730731213447,0.00031253245190156805,0.00017501001360086847,0.0001566893832803793,0.6669747501367972,4.771122719127163e-09,1.1291344149624723e-24,-4.85722573273506e-17
linear_J,12.886525151839582,16.400000000000002,0.0027948052497805964,0.010867326131652977,-0.00807252088187238,0.25717505998464885,0.003144050240642466,0.00015317342269732803,0.0001960715681644798,0.0003120522138875582,0.00017501001360086847,0.00015637032597784028,0.7409879044576467,4.771122719127163e-09,4.259332949442417e-24,-6.158268339717665e-17
linear_J,12.886525151839582,16.8,0.002633691457832932,0.011521659452565614,-0.008887967994732682,0.22858612239632445,0.002984072537359543,0.00015317342269732803,0.00019720765682940122,0.00031156477616070636,0.00017501001360086847,0.00015605388409896121,0.8202154932079967,4.771122719127163e-09,1.508191859968003e-23,1.1796119636642288e-16
linear_J,12.886525151839582,17.2,0.0024565208047780396,0.012213682137036719,-0.00975716133225868,0.20112860128633087,0.002808128331662974,0.00015317342269732803,0.00019843410418762808,0.0003110694624829288,0.00017501001360086847,0.00015573935739872474,0.9047063533593753,4.771122719127163e-09,5.0350984804981494e-23,2.168404344971009e-17
linear_J,12.886525151839582,17.6,0.0022635744571191108,0.012943963126419766,-0.010680388669300656,0.1748749154344357,0.002616497138574758,0.00015317342269732803,0.0001997492587583194,0.0003105657159270675,0.00017501001360086847,0.00015542612854598195,0.9944936218935896,4.771122719127163e-09,1.5912513123187694e-22,0.0
linear_J,12.886525151839582,18.0,0.0020551546343881566,0.013712942138410844,-0.011657787504022687,0.14986970802068322,0.0024094793635834263,0.00015317342269732803,0.00020115130649789315,0.0003100530877628171,0.00017501001360086847,0.00015511365508731454,1.0895957385222086,4.771122719127163e-09,4.777901187677101e-22,-4.85722573273506e-17
linear_J,15.467895945971293,5.2,-0.000338934215673381,-2.7581729147574396e-05,-0.0003113524865258066,,0.00013727224531010862,0.00019875045798062319,0.00027745600300277395,0.00043465014408380914,0.0002320999490213604,0.00023118102933149335,0.03166566652080324,7.886480357655046e-09,8.330189082845176e-74,-9.248244531301353e-17
linear_J,15.467895945971293,5.6000000000000005,0.00013562633361063892,0.0005589162897798872,-0.00042328995616924825,0.24265947529289472,0.0006080858906335955,0.00019875045798062319,0.00027370909904222973,0.0004312885745780127,0.0002320999490213604,0.0002280305478531124,0.03234834758514113,7.886480357655046e-09,1.3230604115910993e-68,-1.0364972768961422e-16
linear_J,15.467895945971293,6.0,0.0005558217916018515,0.001079083471119846,-0.0005232616795179945,0.5150869293040263,0.0010249641650421346,0.00019875045798062319,0.00027039191545952246,0.0004283099255827817,0.0002320999490213604,0.0002252391712459076,0.034341443433135346,7.886480357655046e-09,4.2536486526578224e-64,-1.3747683547116196e-16
linear_J,15.467895945971293,6.4,0.0009297159907095676,0.0015435130720231616,-0.000613797081313594,0.602337620303365,0.001395907579451248,0.00019875045798062319,0.00026744113076104803,0.0004256554912371341,0.0002320999490213604,0.00022275204724956906,0.0372623163809975,7.886480357655046e-09,3.7352788856454855e-60,-9.324138683375338e-18
linear_J,15.467895945971293,6.800000000000001,0.001263809502618174,0.001961163693223633,-0.0006973541906054592,0.644418162025428,0.0017273658861075144,0.00019875045798062319,0.0002648059255085933,0.0004232768962786272,0.0002320999490213604,0.0002205240837675008,0.04089477651313955,7.886480357655046e-09,1.1265746972002113e-56,-1.240327285323417e-16
linear_J,15.467895945971293,7.2,0.0015633135944750909,0.0023397364935593967,-0.0007764228990843058,0.6681579736771347,0.0020245098875575716,0.00019875045798062319,0.0002624458351019321,0.0004211340672755996,0.0002320999490213604,0.00021851805671707452,0.04514594972010563,7.886480357655046e-09,1.394606357929648e-53,7.45931094670027e-17
linear_J,15.467895945971293,7.6000000000000005,0.0018323788035382593,0.002685975829856302,-0.0008535970263180426,0.6822022682297519,0.0022914582089468122,0.00019875045798062319,0.0002603289474280013,0.0004191935806927026,0.0002320999490213604,0.00021670306517982454,0.05001791539685292,7.886480357655046e-09,8.156087346927414e-51,7.155734338404329e-17
linear_J,15.467895945971293,8.0,0.002074284141331817,0.003005899904536813,-0.000931615763204996,0.6900709295745657,0.0025314649971111313,0.00019875045798062319,0.00025843039779860355,0.00041742734673611725,0.0002320999490213604,0.00021505329521845492,0.055587827513789434,7.886480357655046e-09,2.5218201928829366e-48,-8.760353553682876e-17
linear_J,15.467895945971293,8.4,0.002291594064908531,0.0033049722091185174,-0.0010133781442099865,0.6933777108884469,0.0027470756294318494,0.00019875045798062319,0.0002567311065425626,0.0004158115723170898,0.0002320999490213604,0.00021354703990760816,0.06199290716958773,7.886480357655046e-09,4.515457140695887e-46,-1.3270634591222574e-16
linear_J,15.467895945971293,8.8,0.002486289462059199,0.0035882252085858157,-0.0011019357465266166,0.6929022894410495,0.0029402566328306685,0.00019875045798062319,0.0002552167127908289,0.0004143259480405607,0.0002320999490213604,0.0002121659250965436,0.06941828819145922,7.886480357655046e-09,5.04434015617918e-44,-1.734723475976807e-17
linear_J,15.467895945971293,9.2,0.0026598775699064325,0.0038603468313017086,-0.001200469261395276,0.6890255425597399,0.003112504696812876,0.00019875045798062319,0.00025387666892573435,0.00041295301155233675,0.0002320999490213604,0.00021089429759019686,0.07808663449494382,7.886480357655046e-09,3.738972604115703e-42,-8.586881206085195e-17
linear_J,15.467895945971293,9.600000000000001,0.0028134845532954977,0.004125738855492667,-0.0013122543021971689,0.6819347156570168,0.003264938480751665,0.00019875045798062319,0.0002527034694755903,0.0004116776481834641,0.0002320999490213604,0.00020971874048193316,0.08824898380833496,7.886480357655046e-09,1.935616801652016e-40,4.640385298237959e-17
linear_J,15.467895945971293,10.0,0.002947933557628457,0.004388554674613743,-0.0014406211169852856,0.6717322162308297,0.0033983760106148686,0.00019875045798062319,0.0002516919950056318,0.00041048669780743857,0.0002320999490213604,0.00020862768768484794,0.10017656495239113,7.886480357655046e-09,7.306589792677805e-39,-1.5655879370690684e-16
linear_J,15.467895945971293,10.4,0.0030638104059783067,0.004652722401324472,-0.001588911995346165,0.6584984320375838,0.0035133998199881004,0.00019875045798062319,0.0002508389560289537,0.00040936864359814056,0.0002320999490213604,0.00020761111582063866,0.11415348413726581,7.886480357655046e-09,2.085778829832316e-37,-2.1684043449710089e-16
linear_J,15.467895945971293,10.8,0.003161518670625474,0.00492195793101996,-0.0017604392603944863,0.6423294784176108,0.0036104115533966367,0.00019875045798062319,0.0002501424247903783,0.00040831336387722235,0.0002320999490213604,0.0002066602965270353,0.13047024149296751,7.886480357655046e-09,4.644768934322384e-36,-1.6132928326584306e-16
linear_J,15.467895945971293,11.2,0.003241325550950913,0.005199771462089275,-0.0019584459111383623,0.623359233109169,0.0036896774534607786,0.00019875045798062319,0.00024960144452934596,0.00040731193259627206,0.0002320999490213604,0.00020576759609013953,0.14941806020232484,7.886480357655046e-09,8.286280921066552e-35,1.0364972768961422e-16
linear_J,15.467895945971293,11.600000000000001,0.00330339978209937,0.005489470057269963,-0.002186070275170593,0.6017702524353007,0.003751365947052346,0.00019875045798062319,0.00024921570697222784,0.00040635645739567957,0.0002320999490213604,0.00020492631228794282,0.17128400978197342,7.886480357655046e-09,1.2117631226636495e-33,-1.249000902703301e-16
linear_J,15.467895945971293,12.0,0.003347842646430621,0.005794158107588765,-0.002446315461158144,0.5777962189271054,0.00379557839403121,0.00019875045798062319,0.0002489852896198075,0.00040543994680302027,0.0002320999490213604,0.00020413054062552312,0.19634689521924134,7.886480357655046e-09,1.4817418450504934e-32,-1.5829351718288365e-16
linear_J,15.467895945971293,12.4,0.0033747130395296865,0.006116736999712213,-0.002742023960182527,0.5517178586701478,0.0038223739425732317,0.00019875045798062319,0.0002489104450631441,0.00040455620014183863,0.0002320999490213604,0.00020337506390334333,0.22487387182702517,7.886480357655046e-09,1.5415016355369762e-31,2.220446049250313e-16
linear_J,15.467895945971293,12.8,0.0033840474407887955,0.00645990486067316,-0.0030758574198843647,0.5238540680978633,0.0038317893339585374,0.00019875045798062319,0.0002489914351893052,0.00040369971525265033,0.0002320999490213604,0.00020265526041054335,0.2571177352644274,7.886480357655046e-09,1.3851978844497059e-30,1.8648277366750676e-16
linear_J,15.467895945971293,13.2,0.003375875547735885,0.006826156934656602,-0.003450281386920717,0.4945499466319715,0.003823854409474892,0.00019875045798062319,0.0002492284037584058,0.00040286561029114154,0.0002320999490213604,0.00020196702707149712,0.29331482858103686,7.886480357655046e-09,1.0895775317434279e-29,2.168404344971009e-17
linear_J,15.467895945971293,13.600000000000001,0.0033502322496634096,0.007217786912118218,-0.0038675546624548085,0.46416336343188197,0.0037986039890793265,0.00019875045798062319,0.00024962128143535267,0.0004020495567502122,0.0002320999490213604,0.0002013067146706,0.33368350365637633,7.886480357655046e-09,7.590750842994531e-29,5.898059818321144e-17
linear_J,15.467895945971293,14.0,0.003307166538115802,0.0076368893630023305,-0.004329722824886528,0.43305151887333854,0.0037560867140893498,0.00019875045798062319,0.0002501697179927431,0.00040124772151984314,0.0002320999490213604,0.00020067107289417337,0.3784230727529219,7.886480357655046e-09,4.732714426251893e-28,-1.8127860323957634e-16
linear_J,15.467895945971293,14.400000000000002,0.00324674787902135,0.008085363307844928,-0.004838615428823578,0.4015586876437761,0.003696371373995134,0.00019875045798062319,0.00025087303699300456,0.00040045671630352175,0.0002320999490213604,0.00020005720340285647,0.42771318657787916,7.886480357655046e-09,2.6653326797295216e-27,-1.5612511283791264e-16
linear_J,15.467895945971293,14.8,0.003169070503721727,0.008564916880785423,-0.0053958463770636955,0.3700059846268019,0.0036195511705432665,0.00019875045798062319,0.0002517302088409501,0.0003996735530917282,0.0002320999490213604,0.00019946251951579296,0.48171357770106266,7.886480357655046e-09,1.3670691409926386e-26,3.382710778154774e-17
linear_J,15.467895945971293,15.2,0.0030742560141057695,0.009077072987336898,-0.006002816973231129,0.33868362834523363,0.003525746310725192,0.00019875045798062319,0.00025273983863871585,0.0003988956046819084,0.0002320999490213604,0.00019888471137427172,0.540564111880107,7.886480357655046e-09,6.433284538229847e-26,-8.326672684688674e-17
linear_J,15.467895945971293,15.600000000000001,0.0029624546405917496,0.009623175829651887,-0.006660721189060137,0.3078458393603845,0.0034151052643523853,0.00019875045798062319,0.00025390016577997443,0.00039812056945329297,0.0002320999490213604,0.00019832171567620417,0.6043850943569632,7.886480357655046e-09,2.796113742999517e-25,-3.8163916471489756e-17
linear_J,15.467895945971293,16.0,0.0028338454408909364,0.010204398157151573,-0.007370552716260637,0.27770823886412993,0.0032878049715492283,0.00019875045798062319,0.00025520907267762016,0.00039734643977113067,0.0002320999490213604,0.00019777168924831287,0.6732777831438663,7.886480357655046e-09,1.1291344149624723e-24,-4.85722573273506e-17
linear_J,15.467895945971293,16.400000000000002,0.0026886356822392043,0.010821749096369682,-0.008133113414130477,0.24844742363701147,0.003144050240642466,0.00019875045798062319,0.0002566641004225767,0.00039657147352142007,0.0002320999490213604,0.00019723298586114712,0.7473250664351838,7.886480357655046e-09,4.259332949442417e-24,-6.158268339717665e-17
linear_J,15.467895945971293,16.8,0.0025270596098350695,0.011476082417282318,-0.008949022807447249,0.22020228837233372,0.002984072537359543,0.00019875045798062319,0.00025826246954396836,0.000395794168373856,0.0002320999490213604,0.00019670413580141638,0.8265922663561397,7.886480357655046e-09,1.508191859968003e-23,1.1796119636642288e-16
linear_J,15.467895945971293,17.2,0.0023493767693358314,0.012168105101753424,-0.009818728332417592,0.19307663351767781,0.002808128331662974,0.00019875045798062319,0.0002600011043465411,0.0003950132384448286,0.0002320999490213604,0.00019618382780304383,0.9111280361385417,7.886480357655046e-09,5.0350984804981494e-23,2.168404344971009e-17
linear_J,15.467895945971293,17.6,0.0021558700210059234,0.012898386091136471,-0.010742516070130548,0.16714261813634163,0.002616497138574758,0.00019875045798062319,0.0002618766595882116,0.0003942275930894745,0.0002320999490213604,0.00019567089300773845,1.000965322404325,7.886480357655046e-09,1.5912513123187694e-22,0.0
linear_J,15.467895945971293,18.0,0.0019468433571160904,0.013667365103127549,-0.011720521746011459,0.14244467330945798,0.0024094793635834263,0.00019875045798062319,0.00026388554848666423,0.00039343631759614236,0.0002320999490213604,0.00019516429068154424,1.0961223684726595,7.886480357655046e-09,4.777901187677101e-22,-4.85722573273506e-17
linear_J,18.566355334451114,5.2,-0.0004314612657861927,-6.758531269157597e-05,-0.00036387595309461673,,0.00013727224531010862,0.00023875404152462476,0.0003299794695715841,0.0005361266322963189,0.0002883719400550875,0.0002870478598623605,0.037687312861222746,1.2902268808900885e-08,8.330189082845176e-74,-9.248244531301353e-17
linear_J,18.566355334451114,5.6000000000000005,4.448590966871224e-05,0.0005189127062358856,-0.00047442679656717335,0.08572908146999582,0.0006080858906335955,0.00023875404152462476,0.00032484593944015483,0.0005312383631173857,0.0002883719400550875,0.00028250827316387623,0.03817638133107652,1.2902268808900885e-08,1.3230604115910993e-68,-1.0364972768961422e-16
linear_J,18.566355334451114,6.0,0.0004659120832876673,0.0010390798875758445,-0.0005731678042881772,0.44838908813318695,0.0010249641650421346,0.00023875404152462476,0.0003202980402297051,0.0005269070026625523,0.0002883719400550875,0.00027848616116044126,0.03999878230255364,1.2902268808900885e-08,4.2536486526578224e-64,-1.3747683547116196e-16
linear_J,18.566355334451114,6.4,0.0008409067879501797,0.00150350948847916,-0.0006626027005289803,0.5592959634732864,0.001395907579451248,0.00023875404152462476,0.0003162467499764343,0.0005230472415516125,0.0002883719400550875,0.00027490251100295153,0.042767934295411154,1.2902268808900885e-08,3.7352788856454855e-60,-9.324138683375338e-18
linear_J,18.566355334451114,6.800000000000001,0.0011759927273306547,0.0019211601096796316,-0.0007451673823489768,0.6121263508468124,0.0017273658861075144,0.00023875404152462476,0.0003126191172521109,0.0005195888204940758,0.0002883719400550875,0.00027169238518420915,0.046264383680785455,1.2902268808900885e-08,1.1265746972002113e-56,-1.240327285323417e-16
linear_J,18.566355334451114,7.2,0.0014764006484138115,0.002299732910015395,-0.0008233322616015837,0.6419878769330339,0.0020245098875575716,0.00023875404152462476,0.00030935519761920993,0.0005164735837258987,0.0002883719400550875,0.0002688021966286992,0.05039249129883344,1.2902268808900885e-08,1.394606357929648e-53,7.45931094670027e-17
linear_J,18.566355334451114,7.6000000000000005,0.0017462986239765166,0.0026459722463123003,-0.0008996736223357837,0.6599837267417821,0.0022914582089468122,0.00023875404152462476,0.00030640554344574245,0.0005136530785093863,0.0002883719400550875,0.00026618748340257635,0.05515193793999548,1.2902268808900885e-08,8.156087346927414e-51,7.155734338404329e-17
linear_J,18.566355334451114,8.0,0.0019889817717791414,0.0029658963209928113,-0.00097691454921367,0.6706174311289967,0.0025314649971111313,0.00023875404152462476,0.00030372918380727754,0.0005110866409184566,0.0002883719400550875,0.00026381112734323104,0.06061775090895685,1.2902268808900885e-08,2.5218201928829366e-48,-8.760353553682876e-17
linear_J,18.566355334451114,8.4,0.002207029577499131,0.003264968625574516,-0.0010579390480753847,0.6759726755753355,0.0027470756294318494,0.00023875404152462476,0.00030129201040796083,0.0005087398856975572,0.0002883719400550875,0.00026164194110561364,0.06692523069355615,1.2902268808900885e-08,4.515457140695887e-46,-1.3270634591222574e-16
linear_J,18.566355334451114,8.8,0.0024024371015586854,0.003548221625041814,-0.0011457845234831288,0.6770820302213715,0.0029402566328306685,0.00023875404152462476,0.00029906548974734104,0.0005065835204265155,0.0002883719400550875,0.00025965355103222754,0.07425775206374681,1.2902268808900885e-08,5.04434015617918e-44,-1.734723475976807e-17
linear_J,18.566355334451114,9.2,0.0025767250214058235,0.003820343247757707,-0.0012436182263518836,0.674474740697238,0.003112504696812876,0.00023875404152462476,0.0002970256338823418,0.0005045924150937304,0.0002883719400550875,0.0002578235136126054,0.08283635255086545,1.2902268808900885e-08,3.738972604115703e-42,-8.586881206085195e-17
linear_J,18.566355334451114,9.600000000000001,0.002731032264014721,0.004085735271948665,-0.001354703007933944,0.668431036823434,0.003264938480751665,0.00023875404152462476,0.00029515217521236536,0.0005027448706932206,0.0002883719400550875,0.0002561326148928482,0.09291055837726248,1.2902268808900885e-08,1.935616801652016e-40,4.640385298237959e-17
linear_J,18.566355334451114,10.0,0.0028661940668113783,0.004348551091069741,-0.0014823570242583628,0.6591147273622802,0.0033983760106148686,0.00023875404152462476,0.00029342790227870896,0.0005010220420157206,0.0002883719400550875,0.00025456431271488435,0.10475019151513887,1.2902268808900885e-08,7.306589792677805e-39,-1.5655879370690684e-16
linear_J,18.566355334451114,10.4,0.0029828076554384575,0.00461271881778047,-0.0016299111623420126,0.6466484893769686,0.0035133998199881004,0.00023875404152462476,0.0002918381230248013,0.0004994074795843307,0.0002883719400550875,0.000253104290443555,0.11863805067861982,1.2902268808900885e-08,2.085778829832316e-37,-2.1684043449710089e-16
linear_J,18.566355334451114,10.8,0.003081287282467038,0.004881954347475959,-0.0018006670650089207,0.6311585613372457,0.0036104115533966367,0.00023875404152462476,0.0002903702294048127,0.0004978867636104517,0.0002883719400550875,0.00025174009787157177,0.13486342550574432,1.2902268808900885e-08,4.644768934322384e-36,-1.6132928326584306e-16
linear_J,18.566355334451114,11.2,0.0031619100689648794,0.005159767878545274,-0.0019978578095803945,0.61280083588883,0.0036896774534607786,0.00023875404152462476,0.00028901334297137815,0.0004964472091110329,0.0002883719400550875,0.0002504608605035285,0.1537164248995995,1.2902268808900885e-08,8.286280921066552e-35,1.0364972768961422e-16
linear_J,18.566355334451114,11.600000000000001,0.0032248538800355164,0.005449466473725961,-0.002224612593690445,0.5917742398423435,0.003751365947052346,0.00023875404152462476,0.00028775802549207974,0.0004950776262068441,0.0002883719400550875,0.00024925704268820135,0.1754831001127862,1.2902268808900885e-08,1.2117631226636495e-33,-1.249000902703301e-16
linear_J,18.566355334451114,12.0,0.003270228310480794,0.005754154524044763,-0.0024839262135639695,0.5683247289963382,0.00379557839403121,0.00023875404152462476,0.00028659604202563305,0.0004937681233836042,0.0002883719400550875,0.00024812025335325244,0.2004413336560239,1.2902268808900885e-08,1.4817418450504934e-32,-1.5829351718288365e-16
linear_J,18.566355334451114,12.4,0.0032980997345610774,0.006076733416168212,-0.0027786336816071344,0.5427422117590195,0.0038223739425732317,0.00023875404152462476,0.0002855201664877516,0.0004925099443801645,0.0002883719400550875,0.0002470430856177118,0.22885745351419562,1.2902268808900885e-08,1.5415016355369762e-31,2.220446049250313e-16
linear_J,18.566355334451114,12.8,0.0033085112706773834,0.006419901277129159,-0.003111390006451775,0.5153523594613403,0.0038317893339585374,0.00023875404152462476,0.00028452402175671576,0.0004912953315667479,0.0002883719400550875,0.0002460189834918162,0.260983521917606,1.2902268808900885e-08,1.3851978844497059e-30,1.8648277366750676e-16
linear_J,18.566355334451114,13.2,0.0033014984200129827,0.0067861533511126,-0.0034846549310996178,0.4865051302549325,0.003823854409474892,0.00023875404152462476,0.0002836019479373064,0.000490117410348855,0.0002883719400550875,0.00024504213035907987,0.29705524045001785,1.2902268808900885e-08,1.0895775317434279e-29,2.168404344971009e-17
linear_J,18.566355334451114,13.600000000000001,0.003277101053925313,0.0071777833285742165,-0.0039006822746489034,0.4565617132631212,0.0037986039890793265,0.00023875404152462476,0.00028274889362944755,0.0004889700904026269,0.0002883719400550875,0.00024410735507835948,0.3372904088724329,1.2902268808900885e-08,7.590750842994531e-29,5.898059818321144e-17
linear_J,18.566355334451114,14.0,0.003235372346528209,0.007596885779458329,-0.00436151343293012,0.4258813993592644,0.0037560867140893498,0.00023875404152462476,0.0002819603260363346,0.00048784798051125636,0.0002883719400550875,0.00024321005242547805,0.3818878734397382,1.2902268808900885e-08,4.732714426251893e-28,-1.8127860323957634e-16
linear_J,18.566355334451114,14.400000000000002,0.0031763851759619155,0.008045359724300927,-0.004868974548339011,0.3948095902247449,0.003696371373995134,0.00023875404152462476,0.00028123215650843747,0.0004867463145033633,0.0002883719400550875,0.00024234611527654875,0.4310269011929225,1.2902268808900885e-08,2.6653326797295216e-27,-1.5612511283791264e-16
linear_J,18.566355334451114,14.8,0.0031002364502594193,0.008524913297241421,-0.005424676846982002,0.3636677983883573,0.0036195511705432665,0.00023875404152462476,0.0002805606787592563,0.00048566088634952265,0.0002883719400550875,0.00024151187646540218,0.4848669191762987,1.2902268808900885e-08,1.3670691409926386e-26,3.382710778154774e-17
linear_J,18.566355334451114,15.2,0.0030070497517138417,0.009037069403792897,-0.006030019652079055,0.3327461168386922,0.003525746310725192,0.00023875404152462476,0.0002799425174866421,0.0004845879928953236,0.0002883719400550875,0.00024070405866105226,0.5435475612355838,1.2902268808900885e-08,6.433284538229847e-26,-8.326672684688674e-17
linear_J,18.566355334451114,15.600000000000001,0.002896976637289217,0.009583172246107885,-0.006686195608818668,0.3022982956886533,0.0034151052643523853,0.00023875404152462476,0.00027937458553850547,0.00048352438303097335,0.0002883719400550875,0.0002399197309349593,0.6071889695606624,1.2902268808900885e-08,2.796113742999517e-25,-3.8163916471489756e-17
linear_J,18.566355334451114,16.0,0.0027701968819160983,0.010164394573607571,-0.007394197691691473,0.2725392901520246,0.0032878049715492283,0.00023875404152462476,0.0002788540481084567,0.0004824672123431479,0.0002883719400550875,0.00023915627094248522,0.6758923030841,1.2902268808900885e-08,1.1291344149624723e-24,-4.85722573273506e-17
linear_J,18.566355334451114,16.400000000000002,0.00262691790641717,0.01078174551282568,-0.00815482760640851,0.24364495556793264,0.003144050240642466,0.00023875404152462476,0.00027837829270060954,0.00048141400248311245,0.0002883719400550875,0.00023841133184405113,0.7497404099528896,1.2902268808900885e-08,4.259332949442417e-24,-6.158268339717665e-17
linear_J,18.566355334451114,16.8,0.002467373591987343,0.011436078833738317,-0.008968705241750974,0.2157534612920107,0.002984072537359543,0.00023875404152462476,0.0002779449038476933,0.0004803626046300891,0.0002883719400550875,0.00023768281325105753,0.8287986263552265,1.2902268808900885e-08,1.508191859968003e-23,1.1796119636642288e-16
linear_J,18.566355334451114,17.2,0.0022918226484059945,0.012128101518209422,-0.009836278869803428,0.18896796377940908,0.002808128331662974,0.00023875404152462476,0.00027755164173237645,0.00047931116654097356,0.0002883719400550875,0.0002369688356087734,0.9131156688512182,1.2902268808900885e-08,5.0350984804981494e-23,2.168404344971009e-17
linear_J,18.566355334451114,17.6,0.002100546673027559,0.01285838250759247,-0.01075783583456491,0.16336010161365572,0.002616497138574758,0.00023875404152462476,0.0002771964240225744,0.0004782581027647645,0.0002883719400550875,0.00023626771753020698,1.0027245919360792,1.2902268808900885e-08,1.5912513123187694e-22,0.0
linear_J,18.566355334451114,18.0,0.0018938480117048906,0.013627361519583547,-0.011733513507878657,0.13897393189307322,0.0024094793635834263,0.00023875404152462476,0.0002768773103538624,0.00047720206766843013,0.0002883719400550875,0.00023557795567685948,1.0976437867901794,1.2902268808900885e-08,4.777901187677101e-22,-4.85722573273506e-17
linear_J,22.285484180211533,5.2,-3.9989141108198734e-05,9.671878241962473e-05,-0.00013670792352782346,,0.00013727224531010862,7.444994641342406e-05,0.00010281144000479081,0.0001606444395724342,8.601779763531717e-05,8.56566898418297e-05,0.011810815767789563,2.0698861291634785e-08,8.330189082845176e-74,-9.248244531301353e-17
linear_J,22.285484180211533,5.6000000000000005,0.0004322535511134262,0.0006832168013470863,-0.00025096325023366006,0.632674065188619,0.0006080858906335955,7.444994641342406e-05,0.00010138239310664154,0.00015931842514998424,8.601779763531717e-05,8.441864352921863e-05,0.012896024999310895,2.0698861291634785e-08,1.3230604115910993e-68,-1.0364972768961422e-16
linear_J,22.285484180211533,6.0,0.0008503968773388992,0.0012033839826870452,-0.0003529871053481459,0.7066712616865995,0.0010249641650421346,7.444994641342406e-05,0.00010011734128967387,0.00015814346767085554,8.601779763531717e-05,8.332171865877469e-05,0.015242310823363837,2.0698861291634785e-08,4.2536486526578224e-64,-1.3747683547116196e-16
linear_J,22.285484180211533,6.4,0.0012224654244846755,0.0016678135835903607,-0.00044534815910568515,0.7329748579292845,0.001395907579451248,7.444994641342406e-05,9.899220855313917e-05,0.00015709641644286025,8.601779763531717e-05,8.234436270218911e-05,0.01847522866696913,2.0698861291634785e-08,3.7352788856454855e-60,-9.324138683375338e-18
linear_J,22.285484180211533,6.800000000000001,0.0015549282177731438,0.0020854642047908323,-0.0005305359870176884,0.7456029282118989,0.0017273658861075144,7.444994641342406e-05,9.79877219208225e-05,0.0001561581989348489,8.601779763531717e-05,8.146885991081551e-05,0.022385007454844844,2.0698861291634785e-08,1.1265746972002113e-56,-1.240327285323417e-16
linear_J,22.285484180211533,7.2,0.0018529713445654683,0.002464037005126596,-0.0006110656605611275,0.7520062972716058,0.0020245098875575716,7.444994641342406e-05,9.70885965787538e-05,0.00015531302090823084,8.601779763531717e-05,8.068058792824772e-05,0.026883829873798927,2.0698861291634785e-08,1.394606357929648e-53,7.45931094670027e-17
linear_J,22.285484180211533,7.6000000000000005,0.0021207254126197617,0.002810276341423501,-0.0006895509288037394,0.754632340371745,0.0022914582089468122,7.444994641342406e-05,9.628284991369807e-05,0.00015454771497959985,8.601779763531717e-05,7.996741079018685e-05,0.03197777259848577,2.0698861291634785e-08,8.156087346927414e-51,7.155734338404329e-17
linear_J,22.285484180211533,8.0,0.002361453824453408,0.003130200416104012,-0.0007687465916506042,0.754409785489895,0.0025314649971111313,7.444994641342406e-05,9.556122624421182e-05,0.00015385122141141824,8.601779763531717e-05,7.931919312614869e-05,0.03774715396376027,2.0698861291634785e-08,2.5218201928829366e-48,-8.760353553682876e-17
linear_J,22.285484180211533,8.4,0.002577708971318926,0.0034292727206857165,-0.0008515637493667905,0.7516780324206725,0.0027470756294318494,7.444994641342406e-05,9.491671169936655e-05,0.00015321417880058912,8.601779763531717e-05,7.872741495926964e-05,0.04433169969042052,2.0698861291634785e-08,4.515457140695887e-46,-1.3270634591222574e-16
linear_J,22.285484180211533,8.8,0.0027714625643702195,0.003712525720153015,-0.0009410631557827953,0.7465167310022007,0.0029402566328306685,7.444994641342406e-05,9.43441220470076e-05,0.00015262860297176223,8.601779763531717e-05,7.81848672829116e-05,0.051918523303813455,2.0698861291634785e-08,5.04434015617918e-44,-1.734723475976807e-17
linear_J,22.285484180211533,9.2,0.0029442149998699096,0.003984647342868908,-0.0010404323429989981,0.7388897301386033,0.003112504696812876,7.444994641342406e-05,9.383975052945637e-05,0.00015208763531971147,8.601779763531717e-05,7.768541141307944e-05,0.06073185013828125,2.0698861291634785e-08,3.738972604115703e-42,-8.586881206085195e-17
linear_J,22.285484180211533,9.600000000000001,0.0030970874680182336,0.004250039367059866,-0.001152951899041632,0.7287197130507446,0.003264938480751665,7.444994641342406e-05,9.340106632005352e-05,0.00015158534523953068,8.601779763531717e-05,7.722378827782718e-05,0.07102394649728962,2.0698861291634785e-08,1.935616801652016e-40,4.640385298237959e-17
linear_J,22.285484180211533,10.0,0.0032308996074967844,0.004512855186180942,-0.0012819555786841574,0.7159324804816022,0.0033983760106148686,7.444994641342406e-05,9.30264567045036e-05,0.0001511165744249263,8.601779763531717e-05,7.67954666766782e-05,0.08306700600660633,2.0698861291634785e-08,7.306589792677805e-39,-1.5655879370690684e-16
linear_J,22.285484180211533,10.4,0.003346234865868547,0.004777022912891671,-0.0014307880470231238,0.7004854125438921,0.0035133998199881004,7.444994641342406e-05,9.271500770591246e-05,0.00015067681347866684,8.601779763531717e-05,7.639652194175489e-05,0.097145892078354,2.0698861291634785e-08,2.085778829832316e-37,-2.1684043449710089e-16
linear_J,22.285484180211533,10.8,0.003443495288154075,0.005046258442587159,-0.0016027631544330845,0.6823858364235174,0.0036104115533966367,7.444994641342406e-05,9.246631882897649e-05,0.0001502621034408001,8.601779763531717e-05,7.602353835510376e-05,0.1135517002341681,2.0698861291634785e-08,4.644768934322384e-36,-1.6132928326584306e-16
linear_J,22.285484180211533,11.2,0.003522947158885459,0.0053240719736564746,-0.0018011248147710157,0.6617016404580954,0.0036896774534607786,7.444994641342406e-05,9.228034816199937e-05,0.00014986895655088724,8.601779763531717e-05,7.567353018446636e-05,0.13257612456945447,2.0698861291634785e-08,8.286280921066552e-35,1.0364972768961422e-16
linear_J,22.285484180211533,11.600000000000001,0.003584758716221992,0.005613770568837162,-0.00202901185261517,0.6385652338771194,0.003751365947052346,7.444994641342406e-05,9.215728441680504e-05,0.00014949429189351719,8.601779763531717e-05,7.534387736786473e-05,0.15450661139223115,2.0698861291634785e-08,1.2117631226636495e-33,-1.249000902703301e-16
linear_J,22.285484180211533,12.0,0.003629031004888761,0.005918458619155964,-0.002289427614267203,0.6131716445803755,0.00379557839403121,7.444994641342406e-05,9.209744272886677e-05,0.0001491353826046764,8.601779763531717e-05,7.503227277657686e-05,0.17962227293375393,2.0698861291634785e-08,1.4817418450504934e-32,-1.5829351718288365e-16
linear_J,22.285484180211533,12.4,0.003655822814927212,0.0062410375112794125,-0.0025852146963522005,0.5857716458713879,0.0038223739425732317,7.444994641342406e-05,9.210118123281763e-05,0.00014878981210441147,8.601779763531717e-05,7.473667867625592e-05,0.20819052196361187,2.0698861291634785e-08,1.5415016355369762e-31,2.220446049250313e-16
linear_J,22.285484180211533,12.8,0.003665170551911179,0.006584205372240359,-0.0029190348203291805,0.5566610311646549,0.0038317893339585374,7.444994641342406e-05,9.216883563412104e-05,0.00014845543742202905,8.601779763531717e-05,7.445529053532261e-05,0.24046437756229025,2.0698861291634785e-08,1.3851978844497059e-30,1.8648277366750676e-16
linear_J,22.285484180211533,13.2,0.003657103793851202,0.006950457446223801,-0.0032933536523725992,0.5261673526018226,0.003823854409474892,7.444994641342406e-05,9.23006692102879e-05,0.00014813035813677938,8.601779763531717e-05,7.418650673611911e-05,0.2766803845840493,2.0698861291634785e-08,1.0895775317434279e-29,2.168404344971009e-17
linear_J,22.285484180211533,13.600000000000001,0.0036316572067801034,0.007342087423685417,-0.003710430216905314,0.49463551674207185,0.0037986039890793265,7.444994641342406e-05,9.2496835885858e-05,0.00014781288980341515,8.601779763531717e-05,7.392890305681866e-05,0.31705708475166805,2.0698861291634785e-08,7.590750842994531e-29,5.898059818321144e-17
linear_J,22.285484180211533,14.0,0.003588879413407353,0.00776118987456953,-0.004172310461162176,0.46241355660769845,0.0037560867140893498,7.444994641342406e-05,9.275735426839127e-05,0.00014750154099450982,8.601779763531717e-05,7.368121103302064e-05,0.3617939755835782,2.0698861291634785e-08,4.732714426251893e-28,-1.8127860323957634e-16
linear_J,22.285484180211533,14.400000000000002,0.003528839336824019,0.008209663819412127,-0.0046808244825881085,0.4298396882561642,0.003696371373995134,7.444994641342406e-05,9.308209075753471e-05,0.00014719499329022501,8.601779763531717e-05,7.344229949429385e-05,0.41107089395733776,2.0698861291634785e-08,2.6653326797295216e-27,-1.5612511283791264e-16
linear_J,22.285484180211533,14.8,0.003451630474069489,0.008689217392352622,-0.0052375869182831325,0.39723145574735746,0.0036195511705432665,7.444994641342406e-05,9.347075006038708e-05,0.00014689208369682454,8.601779763531717e-05,7.321115871552925e-05,0.46504776350160637,2.0698861291634785e-08,1.3670691409926386e-26,3.382710778154774e-17
linear_J,22.285484180211533,15.2,0.0033573734926400367,0.009201373498904097,-0.005844000006264061,0.3648774275970763,0.003525746310725192,7.444994641342406e-05,9.392287167164781e-05,0.00014659178908943228,8.601779763531717e-05,7.298688673559581e-05,0.5238646486599318,2.0698861291634785e-08,6.433284538229847e-26,-8.326672684688674e-17
linear_J,22.285484180211533,15.600000000000001,0.0032462174868674865,0.009747476341219086,-0.006501258854351599,0.3330315840973349,0.0034151052643523853,7.444994641342406e-05,9.443783107143666e-05,0.00014629321236126055,8.601779763531717e-05,7.276867748387342e-05,0.5876420627350376,2.0698861291634785e-08,2.796113742999517e-25,-3.8163916471489756e-17
linear_J,22.285484180211533,16.0,0.0031183401805592315,0.010328698668718772,-0.007210358488159541,0.30191026774780017,0.0032878049715492283,7.444994641342406e-05,9.50148445765242e-05,0.00014599557002754974,8.601779763531717e-05,7.255581042439926e-05,0.6564814821364617,2.0698861291634785e-08,1.1291344149624723e-24,-4.85722573273506e-17
linear_J,22.285484180211533,16.400000000000002,0.002973947317280623,0.01094604960793688,-0.007972102290656258,0.27169137942918153,0.003144050240642466,7.444994641342406e-05,9.565297694835717e-05,0.0001456981810828547,8.601779763531717e-05,7.2347641481905e-05,0.7304660241391814,2.0698861291634785e-08,4.259332949442417e-24,-6.158268339717665e-17
linear_J,22.285484180211533,16.8,0.00281327143993354,0.011600382928849517,-0.008787111488915977,0.24251539429246669,0.002984072537359543,7.444994641342406e-05,9.635115101269687e-05,0.0001454004569489311,8.601779763531717e-05,7.214359505722366e-05,0.8096612505055887,2.0698861291634785e-08,1.508191859968003e-23,1.1796119636642288e-16
linear_J,22.285484180211533,17.2,0.0026365702265836455,0.012292405613320623,-0.009655835386736977,0.2144877340954756,0.002808128331662974,7.444994641342406e-05,9.710815866592615e-05,0.00014510189238020295,8.601779763531717e-05,7.194315697391305e-05,0.8941160641776476,2.0698861291634785e-08,5.0350984804981494e-23,2.168404344971009e-17
linear_J,22.285484180211533,17.6,0.0024441245193965733,0.01302268660270367,-0.010578562083307097,0.18768205009933533,0.002616497138574758,7.444994641342406e-05,9.792267276476085e-05,0.00014480205721680562,8.601779763531717e-05,7.174586822541909e-05,0.983863670815348,2.0698861291634785e-08,1.5912513123187694e-22,0.0
linear_J,22.285484180211533,18.0,0.0022362361576812595,0.013791665614694748,-0.011555429457013489,0.16214402380076515,0.0024094793635834263,7.444994641342406e-05,9.879325948869422e-05,0.0001445005888931336,8.601779763531717e-05,7.155131941416364e-05,1.078922581175267,2.0698861291634785e-08,4.777901187677101e-22,-4.85722573273506e-17
linear_J,26.749612199056877,5.2,1.3818418434452528e-05,0.0001179113866192627,-0.00010409296818481018,0.11719324851188774,0.00013727224531010862,5.3257342213786085e-05,7.019648466177753e-05,0.0001111386321475397,5.880974287651761e-05,5.862393255582786e-05,0.008141770152725965,3.2420152673573455e-08,8.330189082845176e-74,-9.248244531301353e-17
linear_J,26.749612199056877,5.6000000000000005,0.000485362666504785,0.0007044094055467243,-0.00021904673904193928,0.6890349031158561,0.0006080858906335955,5.3257342213786085e-05,6.946588191492076e-05,0.00011047039323340037,5.880974287651761e-05,5.79868957861321e-05,0.009325934519430996,3.2420152673573455e-08,1.3230604115910993e-68,-1.0364972768961422e-16
linear_J,26.749612199056877,6.0,0.0009028873981266061,0.0012245765868866831,-0.000321689188760077,0.737305782092464,0.0010249641650421346,5.3257342213786085e-05,6.881942470160496e-05,0.00010987825361109508,5.880974287651761e-05,5.74224623575582e-05,0.011759309094562981,3.2420152673573455e-08,4.2536486526578224e-64,-1.3747683547116196e-16
linear_J,26.749612199056877,6.4,0.0012744052129919359,0.0016890061877899987,-0.0004146009747980628,0.7545296294381534,0.001395907579451248,5.3257342213786085e-05,6.824502424551682e-05,0.00010935052818929509,5.880974287651761e-05,5.6919534588954276e-05,0.01506937579558755,3.2420152673573455e-08,3.7352788856454855e-60,-9.324138683375338e-18
linear_J,26.749612199056877,6.800000000000001,0.001606375393888415,0.0021066568089904703,-0.0005002814151020551,0.7625235335119465,0.0017273658861075144,5.3257342213786085e-05,6.77331500051892e-05,0.00010887757832591422,5.880974287651761e-05,5.646898530549002e-05,0.01904789431916919,3.2420152673573455e-08,1.1265746972002113e-56,-1.240327285323417e-16
linear_J,26.749612199056877,7.2,0.0019039761205298933,0.002485229609326234,-0.0005812534887963405,0.7661167859037689,0.0020245098875575716,5.3257342213786085e-05,6.727642481396678e-05,0.00010845140760680825,5.880974287651761e-05,5.606327484756355e-05,0.023608270972325256,3.2420152673573455e-08,1.394606357929648e-53,7.45931094670027e-17
linear_J,26.749612199056877,7.6000000000000005,0.0021713315886966456,0.002831468945623139,-0.0006601373569264934,0.7668569320009926,0.0022914582089468122,5.3257342213786085e-05,6.686927803645215e-05,0.00010806533302781219,5.880974287651761e-05,5.569613851383295e-05,0.028757565355502786,3.2420152673573455e-08,8.156087346927414e-51,7.155734338404329e-17
linear_J,26.749612199056877,8.0,0.0024117000076395723,0.00315139302030365,-0.0007396930126640777,0.7652806210147647,0.0025314649971111313,5.3257342213786085e-05,6.650764725768532e-05,0.00010771372343957825,5.880974287651761e-05,5.5362336635262203e-05,0.03457688851261215,3.2420152673573455e-08,2.5218201928829366e-48,-8.760353553682876e-17
linear_J,26.749612199056877,8.4,0.0026276295683195228,0.0034504653248853545,-0.0008228357565658317,0.7615290463487931,0.0027470756294318494,5.3257342213786085e-05,6.618871889840783e-05,0.00010739179394440381,5.880974287651761e-05,5.5057456653971335e-05,0.041206607503186096,3.2420152673573455e-08,4.515457140695887e-46,-1.3270634591222574e-16
linear_J,26.749612199056877,8.8,0.002821088590070131,0.003733718324352653,-0.0009126297342825218,0.7555708130605293,0.0029402566328306685,5.3257342213786085e-05,6.591070054673409e-05,0.0001070954452037645,5.880974287651761e-05,5.4777756961367435e-05,0.048834356106062946,3.2420152673573455e-08,5.04434015617918e-44,-1.734723475976807e-17
linear_J,26.749612199056877,9.2,0.0029935747343544095,0.004005839947068546,-0.0010122652127141363,0.7473026316353685,0.003112504696812876,5.3257342213786085e-05,6.567262024459453e-05,0.00010682113807341032,5.880974287651761e-05,5.4520043691770464e-05,0.057684782716320736,3.2420152673573455e-08,3.738972604115703e-42,-8.586881206085195e-17
linear_J,26.749612199056877,9.600000000000001,0.003146206988791367,0.004271231971259504,-0.0011250249824681369,0.7366041015711003,0.003264938480751665,5.3257342213786085e-05,6.54741497465583e-05,0.00010656579569356451,5.880974287651761e-05,5.42815732948648e-05,0.06801049854619387,3.2420152673573455e-08,1.935616801652016e-40,4.640385298237959e-17
linear_J,26.749612199056877,10.0,0.003279803218570021,0.00453404779038058,-0.0012542445718105588,0.7233720000764968,0.0033983760106148686,5.3257342213786085e-05,6.531544983090498e-05,0.00010632672675912899,5.880974287651761e-05,5.4059975194058825e-05,0.08008397927725008,3.2420152673573455e-08,7.306589792677805e-39,-1.5655879370690684e-16
linear_J,26.749612199056877,10.4,0.0033949454415460045,0.004798215517091309,-0.0014032700755453043,0.7075433417805355,0.0035133998199881004,5.3257342213786085e-05,6.519703622809292e-05,0.00010610156505848647,5.880974287651761e-05,5.385319008113542e-05,0.09419031989019092,3.2420152673573455e-08,2.085778829832316e-37,-2.1684043449710089e-16
linear_J,26.749612199056877,10.8,0.003492034546299261,0.005067451046786797,-0.0015754165004875365,0.689110662156966,0.0036104115533966367,5.3257342213786085e-05,6.511966488342846e-05,0.00010588822148204034,5.880974287651761e-05,5.365942039685938e-05,0.11062080702294996,3.2420152673573455e-08,4.644768934322384e-36,-1.6132928326584306e-16
linear_J,26.749612199056877,11.2,0.00357133587602787,0.0053452645778561125,-0.0017739287018282424,0.6681307957744287,0.0036896774534607786,5.3257342213786085e-05,6.508423521922602e-05,0.00010568484558569917,5.880974287651761e-05,5.3477090332416504e-05,0.12966729359482324,3.2420152673573455e-08,8.286280921066552e-35,1.0364972768961422e-16
linear_J,26.749612199056877,11.600000000000001,0.0036330168948693897,0.0056349631730368,-0.0020019462781674102,0.644727708648268,0.003751365947052346,5.3257342213786085e-05,6.509170996904512e-05,0.00010548979448532122,5.880974287651761e-05,5.33048132957516e-05,0.15161735908366517,3.2420152673573455e-08,1.2117631226636495e-33,-1.249000902703301e-16
linear_J,26.749612199056877,12.0,0.0036771780017647027,0.005939651223355602,-0.0022624732215908994,0.619089886508064,0.00379557839403121,5.3257342213786085e-05,6.514305005256293e-05,0.00010530160739179224,5.880974287651761e-05,5.314136525616738e-05,0.17675022863112658,3.2420152673573455e-08,1.4817418450504934e-32,-1.5829351718288365e-16
linear_J,26.749612199056877,12.4,0.00370387743746875,0.0062622301154790505,-0.0025583526780103005,0.5914630042600102,0.0038223739425732317,5.3257342213786085e-05,6.523916289091769e-05,0.00010511898450530798,5.880974287651761e-05,5.29856627407571e-05,0.20533341203103772,3.2420152673573455e-08,1.5415016355369762e-31,2.220446049250313e-16
linear_J,26.749612199056877,12.8,0.0037131511291841335,0.006605397976439997,-0.002892246847255864,0.5621388964643959,0.0038317893339585374,5.3257342213786085e-05,6.538086256080433e-05,0.0001049407692988357,5.880974287651761e-05,5.2836744532334135e-05,0.2376200130346489,3.2420152673573455e-08,1.3851978844497059e-30,1.8648277366750676e-16
linear_J,26.749612199056877,13.2,0.0037050282270384427,0.006971650050423439,-0.0032666218233849964,0.5314420833290979,0.003823854409474892,5.3257342213786085e-05,6.556884022268505e-05,0.0001047659334568033,5.880974287651761e-05,5.2693756330153134e-05,0.2738466516534736,3.2420152673573455e-08,1.0895775317434279e-29,2.168404344971009e-17
linear_J,26.749612199056877,13.600000000000001,0.0036795430035438392,0.007363280027885055,-0.003683737024341216,0.4997152070285597,0.0037986039890793265,5.3257342213786085e-05,6.580364332176014e-05,0.00010459356391340064,5.880974287651761e-05,5.255593779712291e-05,0.31423193752320205,3.2420152673573455e-08,7.590750842994531e-29,5.898059818321144e-17
linear_J,26.749612199056877,14.0,0.0036367437096934685,0.0077823824787691676,-0.004145638769075699,0.4673046743223859,0.0037560867140893498,5.3257342213786085e-05,6.608566218191392e-05,0.00010442285156923868,5.880974287651761e-05,5.2422611542071764e-05,0.3589754306306473,3.2420152673573455e-08,4.732714426251893e-28,-1.8127860323957634e-16
linear_J,26.749612199056877,14.400000000000002,0.003576698909054099,0.008230856423611765,-0.004654157514557666,0.4345476005138011,0.003696371373995134,5.3257342213786085e-05,6.64151227270926e-05,0.00010425308136614152,5.880974287651761e-05,5.229317368185575e-05,0.40825702629179605,3.2420152673573455e-08,2.6653326797295216e-27,-1.5612511283791264e-16
linear_J,26.749612199056877,14.8,0.003499501744133937,0.00871040999655226,-0.0052109082524183226,0.4017608523042089,0.0036195511705432665,5.3257342213786085e-05,6.679208419557714e-05,0.00010408362347570437,5.880974287651761e-05,5.216708570247393e-05,0.46223670364350616,3.2420152673573455e-08,1.3670691409926386e-26,3.382710778154774e-17
linear_J,26.749612199056877,15.2,0.0034052725276547124,0.009222566103103735,-0.005817293575449023,0.36923265060780774,0.003525746310725192,5.3257342213786085e-05,6.721644085661005e-05,0.00010391392541415803,5.880974287651761e-05,5.204386739601789e-05,0.5210545805507988,3.2420152673573455e-08,6.433284538229847e-26,-8.326672684688674e-17
linear_J,26.749612199056877,15.600000000000001,0.0032941599952850398,0.009768668945418724,-0.006474508950133684,0.33721687301420156,0.0034151052643523853,5.3257342213786085e-05,6.768792685352132e-05,0.0001037435049387585,5.880974287651761e-05,5.192309069514517e-05,0.5848312222863253,3.2420152673573455e-08,2.796113742999517e-25,-3.8163916471489756e-17
linear_J,26.749612199056877,16.0,0.0031663415058942324,0.01034989127291841,-0.007183549767024178,0.30592992934904556,0.0032878049715492283,5.3257342213786085e-05,6.820612344116128e-05,0.00010357194361293012,5.880974287651761e-05,5.1804374261794916e-05,0.6536681562466777,3.2420152673573455e-08,1.1291344149624723e-24,-4.85722573273506e-17
linear_J,26.749612199056877,16.400000000000002,0.003022022430454907,0.010967242212136519,-0.007945219781681612,0.2755498941302391,0.003144050240642466,5.3257342213786085e-05,6.877046797371111e-05,0.00010339888095142001,5.880974287651761e-05,5.1687378714322816e-05,0.7276485500453775,3.2420152673573455e-08,4.259332949442417e-24,-6.158268339717665e-17
linear_J,26.749612199056877,16.8,0.0028614349310184806,0.011621575533049155,-0.008760140602030675,0.246217470503995,0.002984072537359543,5.3257342213786085e-05,6.93802641273944e-05,0.00010322400907478778,5.880974287651761e-05,5.1571802398844036e-05,0.8068380153634892,3.2420152673573455e-08,1.508191859968003e-23,1.1796119636642288e-16
linear_J,26.749612199056877,17.2,0.002684836296534876,0.01231359821752026,-0.009628761920985385,0.21803832227648842,0.002808128331662974,5.3257342213786085e-05,7.003469291433362e-05,0.00010304706781616817,5.880974287651761e-05,5.14573776276544e-05,0.8912855047873741,3.2420152673573455e-08,5.0350984804981494e-23,2.168404344971009e-17
linear_J,26.749612199056877,17.6,0.0024925069722305793,0.013043879206903308,-0.010551372234672729,0.19108632736428988,0.002616497138574758,5.3257342213786085e-05,7.073282413039284e-05,0.0001028678402335426,5.880974287651761e-05,5.1343867321164466e-05,0.9810242734280495,3.2420152673573455e-08,1.5912513123187694e-22,0.0
linear_J,26.749612199056877,18.0,0.0022847483934172463,0.013812858218894386,-0.01152810982547714,0.16540735865166384,0.0024094793635834263,5.3257342213786085e-05,7.147362795234535e-05,0.000102686148488579,5.880974287651761e-05,5.123106200060035e-05,1.076072881331634,3.2420152673573455e-08,4.777901187677101e-22,-4.85722573273506e-17
linear_J,32.107974276605596,5.2,-8.360153099257195e-05,7.873560784360523e-05,-0.00016233713883617717,,0.00013727224531010862,9.243312098944356e-05,0.00012844065531314452,0.00021428546191417443,0.00011511187122602657,0.00011459618674683041,0.014719567578933002,4.932963171278004e-08,8.330189082845176e-74,-9.248244531301353e-17
linear_J,32.107974276605596,5.6000000000000005,0.0003891396063486763,0.0006652336267710668,-0.0002760940204223905,0.584966830732077,0.0006080858906335955,9.243312098944356e-05,0.000126513163295372,0.0002123843580087097,0.00011511187122602657,0.00011282817538355682,0.01573023013561286,4.932963171278004e-08,1.3230604115910993e-68,-1.0364972768961422e-16
linear_J,32.107974276605596,6.0,0.0008077252582691097,0.0011854008081110257,-0.000377675549841916,0.6813942193579621,0.0010249641650421346,9.243312098944356e-05,0.00012480578578344392,0.00021069983746960794,0.00011511187122602657,0.0001112617003823376,0.018010874849007836,4.932963171278004e-08,4.2536486526578224e-64,-1.3747683547116196e-16
linear_J,32.107974276605596,6.4,0.0011801891958161947,0.0016498304090143412,-0.00046964121319814645,0.7153397036252203,0.001395907579451248,9.243312098944356e-05,0.00012328526264560047,0.00020919871897671365,0.00011511187122602657,0.00010986598747564107,0.021185521178965563,4.932963171278004e-08,3.7352788856454855e-60,-9.324138683375338e-18
linear_J,32.107974276605596,6.800000000000001,0.0015130083203970246,0.0020674810302148128,-0.0005544727098177882,0.731812431787982,0.0017273658861075144,9.243312098944356e-05,0.00012192444472092223,0.00020785367269218177,0.00011511187122602657,0.0001086157435387737,0.025043138184502163,4.932963171278004e-08,1.1265746972002113e-56,-1.240327285323417e-16
linear_J,32.107974276605596,7.2,0.0018113756142628668,0.0024460538305505763,-0.0006346782162877096,0.7405297429023255,0.0020245098875575716,9.243312098944356e-05,0.00012070115230533585,0.00020664207409163419,0.00011511187122602657,0.00010749009523936651,0.029494851760012958,4.932963171278004e-08,1.394606357929648e-53,7.45931094670027e-17
linear_J,32.107974276605596,7.6000000000000005,0.0020794278524745025,0.0027922931668474815,-0.0007128653143729791,0.744702553859053,0.0022914582089468122,9.243312098944356e-05,0.00011959723548293777,0.00020554507028084797,0.00011511187122602657,0.00010647172232087433,0.03454583187351526,4.932963171278004e-08,8.156087346927414e-51,7.155734338404329e-17
linear_J,32.107974276605596,8.0,0.0023204340637112963,0.0031122172415279925,-0.0007917831778166962,0.7455887181487506,0.0025314649971111313,9.243312098944356e-05,0.00011859781241030376,0.00020454683555447376,0.00011511187122602657,0.00010554616382866107,0.04027560226256971,4.932963171278004e-08,2.5218201928829366e-48,-8.760353553682876e-17
linear_J,32.107974276605596,8.4,0.002536951853771785,0.003411289546109697,-0.000874337692337912,0.7436929112818863,0.0027470756294318494,9.243312098944356e-05,0.00011769065467048812,0.00020363398421267208,0.00011511187122602657,0.00010470126786821609,0.046823179399151954,4.932963171278004e-08,4.515457140695887e-46,-1.3270634591222574e-16
linear_J,32.107974276605596,8.8,0.0027309578209142593,0.0036945425455769954,-0.000963584724662736,0.7391870000749313,0.0029402566328306685,9.243312098944356e-05,0.00011686569092694832,0.0002027951095921935,0.00011511187122602657,0.00010392675661406835,0.054375034448353204,4.932963171278004e-08,5.04434015617918e-44,-1.734723475976807e-17
linear_J,32.107974276605596,9.2,0.002903956970947419,0.003966664168292888,-0.0010627071973454694,0.7320904537772299,0.003112504696812876,9.243312098944356e-05,0.00011611460487592762,0.00020202042249169315,0.00011511187122602657,0.00010321388232057705,0.06315480486179814,4.932963171278004e-08,3.738972604115703e-42,-8.586881206085195e-17
linear_J,32.107974276605596,9.600000000000001,0.0030570748513912283,0.004232056192483846,-0.001174981341092618,0.7223615926510165,0.003264938480751665,9.243312098944356e-05,0.00011543050837103941,0.00020130146703758065,0.00011511187122602657,0.00010255515460154037,0.07341421543755508,4.932963171278004e-08,1.935616801652016e-40,4.640385298237959e-17
linear_J,32.107974276605596,10.0,0.003191135214854368,0.004494872011604922,-0.0013037367967505542,0.7099501847028016,0.0033983760106148686,9.243312098944356e-05,0.00011480767477090037,0.0002006308965331681,0.00011511187122602657,0.00010194412334354425,0.0854249595590062,4.932963171278004e-08,7.306589792677805e-39,-1.5655879370690684e-16
linear_J,32.107974276605596,10.4,0.0033067253781315364,0.004759039738315651,-0.0014523143601841149,0.6948303775462638,0.0035133998199881004,9.243312098944356e-05,0.00011424132086690353,0.000200002295641635,0.00011511187122602657,0.00010137520503861645,0.09947143853460716,4.932963171278004e-08,2.085778829832316e-37,-2.1684043449710089e-16
linear_J,32.107974276605596,10.8,0.003404251004133607,0.00502827526801114,-0.0016240242638775326,0.6770216073473059,0.0036104115533966367,9.243312098944356e-05,0.00011372742827342464,0.0001994100383399893,0.00011511187122602657,0.00010084354306235924,0.11584432205431679,4.932963171278004e-08,4.644768934322384e-36,-1.6132928326584306e-16
linear_J,32.107974276605596,11.2,0.0034839817353914393,0.005306088799080455,-0.0018221070636890158,0.6566007217962906,0.0036896774534607786,9.243312098944356e-05,0.00011326259707999942,0.00019884917352206203,0.00011511187122602657,0.00010034489457193333,0.13483491351996893,4.932963171278004e-08,8.286280921066552e-35,1.0364972768961422e-16
linear_J,32.107974276605596,11.600000000000001,0.0035460889000497042,0.0055957873942611425,-0.0020496984942114382,0.633706867363556,0.003751365947052346,9.243312098944356e-05,0.00011284392601307314,0.00019831533202959646,0.00011511187122602657,9.987553836209472e-05,0.15673030291889262,4.932963171278004e-08,1.2117631226636495e-33,-1.249000902703301e-16
linear_J,32.107974276605596,12.0,0.003590676358585232,0.0059004754445799446,-0.0023097990859947126,0.6085401748232938,0.00379557839403121,9.243312098944356e-05,0.00011246891445637619,0.00019780465035658103,0.00011511187122602657,9.943219929810117e-05,0.18180927989463838,4.932963171278004e-08,1.4817418450504934e-32,-1.5829351718288365e-16
linear_J,32.107974276605596,12.4,0.0036178054390468284,0.006223054336703393,-0.0026052488976565646,0.5813552707886732,0.0038223739425732317,9.243312098944356e-05,0.0001121353825371818,0.0001973137073952307,0.00011511187122602657,9.901198592722975e-05,0.2103389676954678,4.932963171278004e-08,1.5415016355369762e-31,2.220446049250313e-16
linear_J,32.107974276605596,12.8,0.0036275148068131147,0.00656622219766434,-0.002938707390851225,0.5524508153414991,0.0038317893339585374,9.243312098944356e-05,0.00011184140615616567,0.00019683947144881597,0.00011511187122602657,9.861233862466158e-05,0.24257212816586987,4.932963171278004e-08,1.3851978844497059e-30,1.8648277366750676e-16
linear_J,32.107974276605596,13.2,0.0036198360241056493,0.006932474271647782,-0.0033126382475421323,0.5221564310609766,0.003823854409474892,9.243312098944356e-05,0.00011158526437982097,0.00019637925538816667,0.00011511187122602657,9.823098620845164e-05,0.27874508027203304,4.932963171278004e-08,1.0895775317434279e-29,2.168404344971009e-17
linear_J,32.107974276605596,13.600000000000001,0.003594805471045681,0.007324104249109398,-0.0037292987780637166,0.49081844670395086,0.0037986039890793265,9.243312098944356e-05,0.00011136539704426074,0.00019593067832338377,0.00011511187122602657,9.786590940372534e-05,0.31907617009233197,4.932963171278004e-08,7.590750842994531e-29,5.898059818321144e-17
linear_J,32.107974276605596,14.0,0.0035524732223204403,0.00774320669999351,-0.00419073347767307,0.45878579249646245,0.0037560867140893498,9.243312098944356e-05,0.00011118037077928467,0.0001954916325375256,0.00011511187122602657,9.751530987984537e-05,0.36376472848163904,4.932963171278004e-08,4.732714426251893e-28,-1.8127860323957634e-16
linear_J,32.107974276605596,14.400000000000002,0.0034929094010409667,0.008191680644836108,-0.004698771243795141,0.4263971646945045,0.003696371373995134,9.243312098944356e-05,0.00011102885196456747,0.00019506025471361198,0.00011511187122602657,9.717758385020024e-05,0.4129904532348189,4.932963171278004e-08,2.6653326797295216e-27,-1.5612511283791264e-16
linear_J,32.107974276605596,14.8,0.0034162084641934376,0.008671234217776602,-0.005255025753583165,0.39397026748395114,0.0036195511705432665,9.243312098944356e-05,0.00011090958536041917,0.0001946349007022402,0.00011511187122602657,9.685129943077889e-05,0.466913154967934,4.932963171278004e-08,1.3670691409926386e-26,3.382710778154774e-17
linear_J,32.107974276605596,15.2,0.0033224918123515024,0.009183390324328078,-0.0058608985119765755,0.3617935963747244,0.003525746310725192,9.243312098944356e-05,0.00011082137738416264,0.0001942141232411722,0.00011511187122602657,9.653517711469593e-05,0.525672809590236,4.932963171278004e-08,6.433284538229847e-26,-8.326672684688674e-17
linear_J,32.107974276605596,15.600000000000001,0.0032119090602069633,0.009729493166643066,-0.006517584106436103,0.33012090200328054,0.0034151052643523853,9.243312098944356e-05,0.0001107630831559403,0.0001937966521631474,0.00011511187122602657,9.622807284586136e-05,0.5893898647035907,4.932963171278004e-08,2.796113742999517e-25,-3.8163916471489756e-17
linear_J,32.107974276605596,16.0,0.003084638253957883,0.010310715494142753,-0.007226077240184869,0.29916820570892344,0.0032878049715492283,9.243312098944356e-05,0.000110733596601853,0.0001933813767234829,0.00011511187122602657,9.592896327405352e-05,0.6581657521800948,4.932963171278004e-08,1.1291344149624723e-24,-4.85722573273506e-17
linear_J,32.107974276605596,16.400000000000002,0.002940885276642269,0.010928066433360861,-0.007987181156718592,0.2691130489163596,0.003144050240642466,9.243312098944356e-05,0.00011073184301069183,0.00019296732975200326,0.00011511187122602657,9.563693285186412e-05,0.7320835642489272,4.932963171278004e-08,4.259332949442417e-24,-6.158268339717665e-17
linear_J,32.107974276605596,16.8,0.002780882642814786,0.011582399754273498,-0.008801517111458712,0.24009555030154595,0.002984072537359543,9.243312098944356e-05,0.00011075677355543156,0.00019255367338994744,0.00011511187122602657,9.53511624960055e-05,0.8112088554656718,4.932963171278004e-08,1.508191859968003e-23,1.1796119636642288e-16
linear_J,32.107974276605596,17.2,0.0026048878493017402,0.012274422438744603,-0.009669534589442863,0.2122208081318213,0.002808128331662974,9.243312098944356e-05,0.00011080736137181191,0.00019213968621584746,0.00011511187122602657,9.507091958487225e-05,0.8955905377887944,4.932963171278004e-08,5.0350984804981494e-23,2.168404344971009e-17
linear_J,32.107974276605596,17.6,0.0024131814187280387,0.01300470342812765,-0.010591522009399612,0.18556220309558233,0.002616497138574758,9.243312098944356e-05,0.00011088259885727592,0.00019172475159805853,0.00011511187122602657,9.479554910378966e-05,0.9852618405528722,4.932963171278004e-08,1.5912513123187694e-22,0.0
linear_J,32.107974276605596,18.0,0.002206064746674119,0.013773682440118729,-0.01156761769344461,0.16016521044862297,0.0024094793635834263,9.243312098944356e-05,0.00011098149591981521,0.00019130834713797774,0.00011511187122602657,9.452446578117141e-05,1.0802413113438014,4.932963171278004e-08,4.777901187677101e-22,-4.85722573273506e-17
linear_J,38.53969935995983,5.2,-2.5179669404296057e-05,0.00010339470300357867,-0.00012857437240787473,,0.00013727224531010862,6.777402582947012e-05,9.467788888484208e-05,0.00015792636909574064,8.509271575366374e-05,8.468921607690336e-05,0.01086907756764173,7.287748959861062e-08,8.330189082845176e-74,-9.248244531301353e-17
linear_J,38.53969935995983,5.6000000000000005,0.00044715681060153445,0.0006898927219310402,-0.00024273591132950578,0.6481541207594171,0.0006080858906335955,6.777402582947012e-05,9.315505420248726e-05,0.00015643402851346663,8.509271575366374e-05,8.330582505201952e-05,0.011954078241324861,7.287748959861062e-08,1.3230604115910993e-68,-1.0364972768961422e-16
linear_J,38.53969935995983,6.0,0.0008653839975228395,0.001210059903270999,-0.00034467590574815965,0.7151579811739553,0.0010249641650421346,6.777402582947012e-05,9.180614168968759e-05,0.00015511171148867468,8.509271575366374e-05,8.208013101529086e-05,0.014299925520299312,7.287748959861062e-08,4.2536486526578224e-64,-1.3747683547116196e-16
linear_J,38.53969935995983,6.4,0.001237528666302945,0.0016744895041743146,-0.00043696083787136963,0.7390483267992571,0.001395907579451248,6.777402582947012e-05,9.060488731882366e-05,0.00015393337741033503,8.509271575366374e-05,8.09880571353306e-05,0.017532185284413297,7.287748959861062e-08,3.7352788856454855e-60,-9.324138683375338e-18
linear_J,38.53969935995983,6.800000000000001,0.0015700619988304187,0.0020921401253747862,-0.0005220781265443675,0.7504573808358834,0.0017273658861075144,6.777402582947012e-05,8.952986144750152e-05,0.0001528775819728904,8.509271575366374e-05,8.000981660238005e-05,0.02144104610480754,7.287748959861062e-08,1.1265746972002113e-56,-1.240327285323417e-16
linear_J,38.53969935995983,7.2,0.001868172293981174,0.00247071292571055,-0.0006025406317293758,0.7561268144674915,0.0020245098875575716,6.777402582947012e-05,8.856356774700203e-05,0.00015192657783484945,8.509271575366374e-05,7.912908233284854e-05,0.02593860587140217,7.287748959861062e-08,1.394606357929648e-53,7.45931094670027e-17
linear_J,38.53969935995983,7.6000000000000005,0.0021359924819765452,0.002816952262007455,-0.0006809597800309097,0.7582636421585522,0.0022914582089468122,6.777402582947012e-05,8.769170114086844e-05,0.00015106558187043075,8.509271575366374e-05,7.833230887880565e-05,0.031030816660887625,7.287748959861062e-08,8.156087346927414e-51,7.155734338404329e-17
linear_J,38.53969935995983,8.0,0.0023767884254120575,0.003136876336687966,-0.0007600879112759085,0.7576927396256754,0.0025314649971111313,6.777402582947012e-05,8.690254586951607e-05,0.00015028219075993694,8.509271575366374e-05,7.760818956622625e-05,0.03679783691899127,7.287748959861062e-08,2.5218201928829366e-48,-8.760353553682876e-17
linear_J,38.53969935995983,8.4,0.0025931151142784548,0.0034359486412696705,-0.0008428335269912157,0.7547013605302997,0.0027470756294318494,6.777402582947012e-05,8.61864893237918e-05,0.00014956591983140345,8.509271575366374e-05,7.694722585800251e-05,0.04337920220781597,7.287748959861062e-08,4.515457140695887e-46,-1.3270634591222574e-16
linear_J,38.53969935995983,8.8,0.002786946977996918,0.003719201640736969,-0.0009322546627400508,0.7493401130691795,0.0029402566328306685,6.777402582947012e-05,8.553562900426304e-05,0.00014890784082200104,8.509271575366374e-05,7.634138682864508e-05,0.05096181126563044,7.287748959861062e-08,5.04434015617918e-44,-1.734723475976807e-17
linear_J,38.53969935995983,9.2,0.0029597872172356654,0.003991323263452862,-0.0010315360462171963,0.7415553744637504,0.003112504696812876,6.777402582947012e-05,8.494345374765455e-05,0.00014830029755043993,8.509271575366374e-05,7.578383979617149e-05,0.05976965610592765,7.287748959861062e-08,3.738972604115703e-42,-8.586881206085195e-17
linear_J,38.53969935995983,9.600000000000001,0.003112759870712134,0.00425671528764382,-0.0011439554169316857,0.7312586490686135,0.003264938480751665,6.777402582947012e-05,8.44045842101071e-05,0.0001477366823117366,8.509271575366374e-05,7.52687366900567e-05,0.07005475744687878,7.287748959861062e-08,1.935616801652016e-40,4.640385298237959e-17
linear_J,38.53969935995983,10.0,0.0032466874238986088,0.004519531106764896,-0.001272843682866287,0.7183681995326734,0.0033983760106148686,6.777402582947012e-05,8.391456088663318e-05,0.0001472112593305273,8.509271575366374e-05,7.479104393854233e-05,0.08208905721897974,7.287748959861062e-08,7.306589792677805e-39,-1.5655879370690684e-16
linear_J,38.53969935995983,10.4,0.003362156123615345,0.004783698833475625,-0.0014215427098602795,0.7028360774067691,0.0035133998199881004,6.777402582947012e-05,8.34696705430682e-05,0.0001467190245908948,8.509271575366374e-05,7.434640633200427e-05,0.0961571668179931,7.287748959861062e-08,2.085778829832316e-37,-2.1684043449710089e-16
linear_J,38.53969935995983,10.8,0.00345957072365799,0.005052934363171113,-0.0015933636395131234,0.6846656764183332,0.0036104115533966367,6.777402582947012e-05,8.306680390901544e-05,0.00014625559377573924,8.509271575366374e-05,7.393103746009097e-05,0.11254993466269092,7.287748959861062e-08,4.644768934322384e-36,-1.6132928326584306e-16
linear_J,38.53969935995983,11.2,0.003539200088648331,0.0053307478942404285,-0.0017915478055920975,0.66392186591158,0.0036896774534607786,6.777402582947012e-05,8.270333898308113e-05,0.0001458171119572698,8.509271575366374e-05,7.354163099800644e-05,0.13155881721777735,7.287748959861062e-08,8.286280921066552e-35,1.0364972768961422e-16
linear_J,38.53969935995983,11.600000000000001,0.003601214875800174,0.005620446489421116,-0.002019231613620942,0.6407346609523694,0.003751365947052346,6.777402582947012e-05,8.237704542257696e-05,0.00014540018016598105,8.509271575366374e-05,7.317528841639912e-05,0.1534710364532915,7.287748959861062e-08,1.2117631226636495e-33,-1.249000902703301e-16
linear_J,38.53969935995983,12.0,0.0036457183618430755,0.005925134539739918,-0.0022794161778968425,0.6152971442911916,0.00379557839403121,6.777402582947012e-05,8.208600635850605e-05,0.00014500179511107593,8.509271575366374e-05,7.2829459689084e-05,0.17856549662518492,7.287748959861062e-08,1.4817418450504934e-32,-1.5829351718288365e-16
linear_J,38.53969935995983,12.4,0.0036727713621104163,0.0062477134318633665,-0.00257494206975295,0.5878584864951177,0.0038223739425732317,6.777402582947012e-05,8.182855463356731e-05,0.00014461929920299552,8.509271575366374e-05,7.250189434018141e-05,0.2071094212344614,7.287748959861062e-08,1.5415016355369762e-31,2.220446049250313e-16
linear_J,38.53969935995983,12.8,0.0036824120871346566,0.006590881292824313,-0.0029084692056896566,0.5587131558785329,0.0038317893339585374,6.777402582947012e-05,8.160322099459716e-05,0.0001442503386983479,8.509271575366374e-05,7.219060076097452e-05,0.2393556604687757,7.287748959861062e-08,1.3851978844497059e-30,1.8648277366750676e-16
linear_J,38.53969935995983,13.2,0.0036746716914602406,0.006957133366807755,-0.0032824616753475144,0.5281876166111711,0.003823854409474892,6.777402582947012e-05,8.140869218520308e-05,0.0001438928282970292,8.509271575366374e-05,7.189381217893048e-05,0.2755406117256018,7.287748959861062e-08,1.0895775317434279e-29,2.168404344971009e-17
linear_J,38.53969935995983,13.600000000000001,0.003649586186021181,0.007348763344269371,-0.0036991771582481903,0.4966258967731162,0.0037986039890793265,6.777402582947012e-05,8.124377722873444e-05,0.0001435449209083923,8.509271575366374e-05,7.160995800930506e-05,0.31588269123460305,7.287748959861062e-08,7.590750842994531e-29,5.898059818321144e-17
linear_J,38.53969935995983,14.0,0.0036072053077905175,0.0077678657951534835,-0.004160660487362966,0.46437533846698537,0.0037560867140893498,6.777402582947012e-05,8.110738046918087e-05,0.0001432049815971602,8.509271575366374e-05,7.133763958830109e-05,0.3605812930566289,7.287748959861062e-08,4.732714426251893e-28,-1.8127860323957634e-16
linear_J,38.53969935995983,14.400000000000002,0.0035475988679865567,0.008216339739996081,-0.004668740872009525,0.4317736340328411,0.003696371373995134,6.777402582947012e-05,8.099848017895095e-05,0.0001428715649428869,8.509271575366374e-05,7.107560949469142e-05,0.40981617233986856,7.287748959861062e-08,2.6653326797295216e-27,-1.5612511283791264e-16
linear_J,38.53969935995983,14.8,0.0034708610329844958,0.008695893312936576,-0.00522503227995208,0.3991379503036241,0.0036195511705432665,6.777402582947012e-05,8.091611172933444e-05,0.00014254339521629683,8.509271575366374e-05,7.082275382841445e-05,0.4637471920969879,7.287748959861062e-08,1.3670691409926386e-26,3.382710778154774e-17
linear_J,38.53969935995983,15.2,0.003377112930406989,0.009208049419488051,-0.005830936489081062,0.3667566035494572,0.003525746310725192,6.777402582947012e-05,8.085935448864934e-05,0.00014221934890484546,8.509271575366374e-05,7.057807694072586e-05,0.5225143764114744,7.287748959861062e-08,6.433284538229847e-26,-8.326672684688674e-17
linear_J,38.53969935995983,15.600000000000001,0.0032665039167716903,0.00975415226180304,-0.006487648345031349,0.3348834249351652,0.0034151052643523853,6.777402582947012e-05,8.082732175118679e-05,0.00014189843921823156,8.509271575366374e-05,7.034068820925951e-05,0.5862382174402949,7.287748959861062e-08,2.796113742999517e-25,-3.8163916471489756e-17
linear_J,38.53969935995983,16.0,0.0031392117925999607,0.010335374589302726,-0.007196162796702765,0.30373468958242633,0.0032878049715492283,6.777402582947012e-05,8.081915311974885e-05,0.00014157980227983905,8.509271575366374e-05,7.010979052905579e-05,0.6550201884871345,7.287748959861062e-08,1.1291344149624723e-24,-4.85722573273506e-17
linear_J,38.53969935995983,16.400000000000002,0.002995442205959764,0.010952725528520835,-0.00795728332256107,0.2734882927687405,0.003144050240642466,6.777402582947012e-05,8.083400885317005e-05,0.0001412626847678374,8.509271575366374e-05,6.988467025201857e-05,0.7289434204968337,7.287748959861062e-08,4.259332949442417e-24,-6.158268339717665e-17
linear_J,38.53969935995983,16.8,0.002835427445742722,0.011607058849433471,-0.00877163140369075,0.24428474797309366,0.002984072537359543,6.777402582947012e-05,8.087106578746894e-05,0.00014094643281418876,8.509271575366374e-05,6.966468835600204e-05,0.8080735043605424,7.287748959861062e-08,1.508191859968003e-23,1.1796119636642288e-16
linear_J,38.53969935995983,17.2,0.0026594247913357405,0.012299081533904577,-0.009639656742568836,0.21622954397078914,0.002808128331662974,6.777402582947012e-05,8.092951449778507e-05,0.00014063048200430218,8.509271575366374e-05,6.944927266359028e-05,0.8924593862690663,7.287748959861062e-08,5.0350984804981494e-23,2.168404344971009e-17
linear_J,38.53969935995983,17.6,0.0024677145553153035,0.013029362523287624,-0.01056164796797232,0.18939641528161574,0.002616497138574758,6.777402582947012e-05,8.100855742998458e-05,0.0001403143483469609,8.509271575366374e-05,6.923791096176615e-05,0.9821343279149161,7.287748959861062e-08,1.5912513123187694e-22,0.0
linear_J,38.53969935995983,18.0,0.00226059792996669,0.013798341535278702,-0.011537743605312012,0.16383113319719914,0.0024094793635834263,6.777402582947012e-05,8.110740778721759e-05,0.00013999762010525138,8.509271575366374e-05,6.903014489872378e-05,1.0771169075574307,7.287748959861062e-08,4.777901187677101e-22,-4.85722573273506e-17
linear_J,46.259798701729665,5.2,3.460418735135029e-05,0.00012812551579655107,-9.352132844520078e-05,0.270080374983995,0.00013727224531010862,4.304321303649772e-05,5.962484492216813e-05,9.850168879467425e-05,5.3199277463569166e-05,5.2936144857462894e-05,0.006888180617663327,1.0393179217249582e-07,8.330189082845176e-74,-9.248244531301353e-17
linear_J,46.259798701729665,5.6000000000000005,0.0005064199460886321,0.0007146235347240126,-0.00020820358863538058,0.7086527681798379,0.0006080858906335955,4.304321303649772e-05,5.862273150836206e-05,9.752627856155658e-05,5.3199277463569166e-05,5.203399869955066e-05,0.008059224314894977,1.0393179217249582e-07,1.3230604115910993e-68,-1.0364972768961422e-16
linear_J,46.259798701729665,6.0,0.0009241858487962218,0.0012347907160639715,-0.0003106048672677497,0.7484554562753466,0.0010249641650421346,4.304321303649772e-05,5.773510320927766e-05,9.666200153328426e-05,5.3199277463569166e-05,5.1234692636406906e-05,0.010480641459042112,1.0393179217249582e-07,4.2536486526578224e-64,-1.3747683547116196e-16
linear_J,46.259798701729665,6.4,0.0012959196647314708,0.001699220316967287,-0.00040330065223581624,0.7626554672112125,0.001395907579451248,4.304321303649772e-05,5.694470168327026e-05,9.589184015857046e-05,5.3199277463569166e-05,5.05225267575727e-05,0.013779747770967764,1.0393179217249582e-07,3.7352788856454855e-60,-9.324138683375338e-18
linear_J,46.259798701729665,6.800000000000001,0.0016280852115501676,0.0021168709381677586,-0.000488785726617591,0.7690998927687789,0.0017273658861075144,4.304321303649772e-05,5.623746152072506e-05,9.520178244605794e-05,5.3199277463569166e-05,4.988459937427589e-05,0.01774811768870383,1.0393179217249582e-07,1.1265746972002113e-56,-1.240327285323417e-16
linear_J,46.259798701729665,7.2,0.0019258647559000641,0.002495443738503522,-0.0005695789826034581,0.7717524247030207,0.0020245098875575716,4.304321303649772e-05,5.560191862108432e-05,9.458023432180604e-05,5.3199277463569166e-05,4.931026563741549e-05,0.02229895744779689,1.0393179217249582e-07,1.394606357929648e-53,7.45931094670027e-17
linear_J,46.259798701729665,7.6000000000000005,0.002193386273590836,0.0028416830748004274,-0.0006482968012095913,0.7718616805094912,0.0022914582089468122,4.304321303649772e-05,5.502872231955003e-05,9.401754077964851e-05,5.3199277463569166e-05,4.879069537211799e-05,0.027439113347269305,1.0393179217249582e-07,8.156087346927414e-51,7.155734338404329e-17
linear_J,46.259798701729665,8.0,0.00243391154526168,0.0031616071494809384,-0.0007276956042192584,0.769833641621563,0.0025314649971111313,4.304321303649772e-05,5.4510238812865985e-05,9.350560388930048e-05,5.3199277463569166e-05,4.831851905656949e-05,0.03324947105341411,1.0393179217249582e-07,2.5218201928829366e-48,-8.760353553682876e-17
linear_J,46.259798701729665,8.4,0.002649992186436523,0.003460679454062643,-0.0008106872676261201,0.7657433234174813,0.0027470756294318494,4.304321303649772e-05,5.404022995869617e-05,9.303758127378992e-05,5.3199277463569166e-05,4.788754694747919e-05,0.03987016183329484,1.0393179217249582e-07,4.515457140695887e-46,-1.3270634591222574e-16
linear_J,46.259798701729665,8.8,0.0028435998270713303,0.003743932453529941,-0.0009003326264586109,0.7595222035563867,0.0029402566328306685,4.304321303649772e-05,5.361359272282318e-05,9.260764916993096e-05,5.3199277463569166e-05,4.749254693896808e-05,0.047488575673929945,1.0393179217249582e-07,5.04434015617918e-44,-1.734723475976807e-17
linear_J,46.259798701729665,9.2,0.0030162353367038097,0.004016054076245834,-0.0009998187395420244,0.751044502748169,0.003112504696812876,4.304321303649772e-05,5.322614707248263e-05,9.221081636082443e-05,5.3199277463569166e-05,4.7129068802957054e-05,0.05632911225587815,1.0393179217249582e-07,3.738972604115703e-42,-8.586881206085195e-17
linear_J,46.259798701729665,9.600000000000001,0.003169020805072309,0.004281446100436792,-0.001112425295364483,0.7401753357934382,0.003264938480751665,4.304321303649772e-05,5.287446264290452e-05,9.184277776622755e-05,5.3199277463569166e-05,4.679330476333383e-05,0.06664413265689839,1.0393179217249582e-07,1.935616801652016e-40,4.640385298237959e-17
linear_J,46.259798701729665,10.0,0.0033027770809359036,0.004544261919557868,-0.0012414848386219646,0.7268016543503385,0.0033983760106148686,4.304321303649772e-05,5.2555716642310735e-05,9.149979877827478e-05,5.3199277463569166e-05,4.648197844491582e-05,0.07870586466661778,1.0393179217249582e-07,7.306589792677805e-39,-1.5655879370690684e-16
linear_J,46.259798701729665,10.4,0.0034180890298173283,0.004808429646268597,-0.0013903406164512688,0.7108534971432532,0.0035133998199881004,4.304321303649772e-05,5.22675771340575e-05,9.117862337562884e-05,5.3199277463569166e-05,4.619225598019437e-05,0.09279916120023653,1.0393179217249582e-07,2.085778829832316e-37,-2.1684043449710089e-16
linear_J,46.259798701729665,10.8,0.0035153602332667067,0.005077665175964086,-0.001562304942697379,0.6923182430198842,0.0036104115533966367,4.304321303649772e-05,5.200810709327097e-05,9.087640062401845e-05,5.3199277463569166e-05,4.59216744514971e-05,0.10921507597377414,1.0393179217249582e-07,4.644768934322384e-36,-1.6132928326584306e-16
linear_J,46.259798701729665,11.2,0.003594858554838043,0.005355478707033401,-0.001760620152195358,0.6712487811998732,0.0036896774534607786,4.304321303649772e-05,5.17756855863416e-05,9.059062541512394e-05,5.3199277463569166e-05,4.566808393877296e-05,0.12824524104959473,1.0393179217249582e-07,8.286280921066552e-35,1.0364972768961422e-16
linear_J,46.259798701729665,11.600000000000001,0.0036567537908803183,0.005645177302214088,-0.00198842351133377,0.6477659770661424,0.003751365947052346,4.304321303649772e-05,5.156894313540494e-05,9.031909026392183e-05,5.3199277463569166e-05,4.5429600289093005e-05,0.1501770295625659,1.0393179217249582e-07,1.2117631226636495e-33,-1.249000902703301e-16
linear_J,46.259798701729665,12.0,0.003701148472130933,0.00594986535253289,-0.0022487168804019575,0.6220558370376119,0.00379557839403121,4.304321303649772e-05,5.138670886362107e-05,9.005984573095806e-05,5.3199277463569166e-05,4.520456637489241e-05,0.17528947676908832,1.0393179217249582e-07,1.4817418450504934e-32,-1.5829351718288365e-16
linear_J,46.259798701729665,12.4,0.00372810276208968,0.006272444244656339,-0.002544341482566659,0.5943620408050257,0.0038223739425732317,4.304321303649772e-05,5.122796744727598e-05,8.981116760783925e-05,5.3199277463569166e-05,4.4991520107592984e-05,0.20384992047717929,1.0393179217249582e-07,1.5415016355369762e-31,2.220446049250313e-16
linear_J,46.259798701729665,12.8,0.003737654296698867,0.006615612105617286,-0.002877957808918419,0.5649748257648362,0.0038317893339585374,4.304321303649772e-05,5.109182422335934e-05,8.95715294405597e-05,5.3199277463569166e-05,4.478916785658114e-05,0.23611131131670685,1.0393179217249582e-07,1.3851978844497059e-30,1.8648277366750676e-16
linear_J,46.259798701729665,13.2,0.00372983371935226,0.0069818641796007275,-0.0032520304602484673,0.5342174558837606,0.003823854409474892,4.304321303649772e-05,5.0977477086155965e-05,8.933957929737157e-05,5.3199277463569166e-05,4.4596362217971184e-05,0.27231013557332606,1.0393179217249582e-07,1.0895775317434279e-29,2.168404344971009e-17
linear_J,46.259798701729665,13.600000000000001,0.0037046765820398786,0.007373494157062344,-0.003668817575022465,0.5024316156121903,0.0037986039890793265,4.304321303649772e-05,5.088419400300914e-05,8.911411994030758e-05,5.3199277463569166e-05,4.44120833042541e-05,0.3126648887003175,1.0393179217249582e-07,7.590750842994531e-29,5.898059818321144e-17
linear_J,46.259798701729665,14.0,0.0036622322058649792,0.007792596607946456,-0.004130364402081477,0.4699630161954539,0.0037560867140893498,4.304321303649772e-05,5.081129518769156e-05,8.889409175119921e-05,5.3199277463569166e-05,4.4235422900921495e-05,0.357375035865673,1.0393179217249582e-07,4.732714426251893e-28,-1.8127860323957634e-16
linear_J,46.259798701729665,14.400000000000002,0.0036025700218501044,0.008241070552789054,-0.004638500530938949,0.4371483047952883,0.003696371373995134,4.304321303649772e-05,5.0758139108375566e-05,8.86785579087248e-05,5.3199277463569166e-05,4.406557097170229e-05,0.4066203964773043,1.0393179217249582e-07,2.6653326797295216e-27,-1.5612511283791264e-16
linear_J,46.259798701729665,14.8,0.0035257838458668256,0.008720624125729548,-0.0051948402798627225,0.4043040721666084,0.0036195511705432665,4.304321303649772e-05,5.072411163997703e-05,8.846669142383494e-05,5.3199277463569166e-05,4.3901804099436164e-05,0.46056089200161315,1.0393179217249582e-07,1.3670691409926386e-26,3.382710778154774e-17
linear_J,46.259798701729665,15.2,0.0034319944798979485,0.009232780232281024,-0.005800785752383075,0.37171841997262073,0.003525746310725192,4.304321303649772e-05,5.070861779066238e-05,8.82577637253257e-05,5.3199277463569166e-05,4.374347553187121e-05,0.5193366000259324,1.0393179217249582e-07,6.433284538229847e-26,-8.326672684688674e-17
linear_J,46.259798701729665,15.600000000000001,0.0033213509758038273,0.009778883074596012,-0.006457532098792185,0.3396452284445624,0.0034151052643523853,4.304321303649772e-05,5.071107551202214e-05,8.805113455179919e-05,5.3199277463569166e-05,4.3590006566155756e-05,0.5830680619651415,1.0393179217249582e-07,2.796113742999517e-25,-3.8163916471489756e-17
linear_J,46.259798701729665,16.0,0.0031940308473204504,0.010360105402095698,-0.007166074554775248,0.3083009992035742,0.0032878049715492283,4.304321303649772e-05,5.073091119223161e-05,8.784624295562936e-05,5.3199277463569166e-05,4.344087905655564e-05,0.6518567967144266,1.0393179217249582e-07,1.1291344149624723e-24,-4.85722573273506e-17
linear_J,46.259798701729665,16.400000000000002,0.0030502394711087732,0.010977456341313807,-0.007927216870205034,0.27786395830417976,0.003144050240642466,4.304321303649772e-05,5.076755649713327e-05,8.76425992625123e-05,5.3199277463569166e-05,4.329562887006668e-05,0.7257859776222485,1.0393179217249582e-07,4.259332949442417e-24,-6.158268339717665e-17
linear_J,46.259798701729665,16.8,0.0028902088780428103,0.011631789662226444,-0.008741580784183633,0.24847499498968714,0.002984072537359543,4.304321303649772e-05,5.082044628035298e-05,8.743977785949654e-05,5.3199277463569166e-05,4.315384014647343e-05,0.804921235190825,1.0393179217249582e-07,1.508191859968003e-23,1.1796119636642288e-16
linear_J,46.259798701729665,17.2,0.002714196101296862,0.012323812346697549,-0.009609616245400687,0.22023997322745614,0.002808128331662974,4.304321303649772e-05,5.088901732963613e-05,8.723741070714636e-05,5.3199277463569166e-05,4.301514024484349e-05,0.8893115527569434,1.0393179217249582e-07,5.0350984804981494e-23,2.168404344971009e-17
linear_J,46.259798701729665,17.6,0.0025224812177724876,0.013054093336080597,-0.010531612118308109,0.1932329693706515,0.002616497138574758,4.304321303649772e-05,5.0972707765772896e-05,8.703518148926858e-05,5.3199277463569166e-05,4.287919527883978e-05,0.9789902269667166,1.0393179217249582e-07,1.5912513123187694e-22,0.0
linear_J,46.259798701729665,18.0,0.002315365193614083,0.013823072348071674,-0.011507707154457592,0.16750004161969662,0.0024094793635834263,4.304321303649772e-05,5.1070956932797174e-05,8.683282032761504e-05,5.3199277463569166e-05,4.2745706159657914e-05,1.0739758690675831,1.0393179217249582e-07,4.777901187677101e-22,-4.85722573273506e-17
linear_J,55.52635364218317,5.2,0.00012647421560280092,0.00016635751010835031,-3.9883294505549394e-05,0.7602555214996125,0.00013727224531010862,4.811218724698474e-06,5.986810982516744e-06,9.08560871131061e-06,4.584786432931552e-06,4.589984421242663e-06,0.0007891465638558953,1.4366743605886967e-07,8.330189082845176e-74,-9.248244531301353e-17
linear_J,55.52635364218317,5.6000000000000005,0.0005972664501828762,0.0007528555290358119,-0.00015558907885293571,0.7933347463726541,0.0006080858906335955,4.811218724698474e-06,6.0082217259171955e-06,9.110327204546131e-06,4.584786432931552e-06,4.607808370505642e-06,0.002115059152511218,1.4366743605886967e-07,1.3230604115910993e-68,-1.0364972768961422e-16
linear_J,55.52635364218317,6.0,0.0010141256529624387,0.0012730227103757707,-0.000258897057413332,0.7966280920967146,0.0010249641650421346,4.811218724698474e-06,6.027293354859964e-06,9.132219743851018e-06,4.584786432931552e-06,4.623596334437879e-06,0.004672660568403687,1.4366743605886967e-07,4.2536486526578224e-64,-1.3747683547116196e-16
linear_J,55.52635364218317,6.4,0.0013850518883646856,0.0017374523112790863,-0.00035240042291440066,0.7971740457987196,0.001395907579451248,4.811218724698474e-06,6.04447236185468e-06,9.151710519136292e-06,4.584786432931552e-06,4.637655468577786e-06,0.008092349927704343,1.4366743605886967e-07,3.7352788856454855e-60,-9.324138683375338e-18
linear_J,55.52635364218317,6.800000000000001,0.0017164944940715188,0.002155102932479558,-0.0004386084384080391,0.7964791232020657,0.0017273658861075144,4.811218724698474e-06,6.060173311173145e-06,9.16914420788838e-06,4.584786432931552e-06,4.650236206585751e-06,0.012168153657281001,1.4366743605886967e-07,1.1265746972002113e-56,-1.240327285323417e-16
linear_J,55.52635364218317,7.2,0.002013623873182324,0.0025336757328153214,-0.0005200518596329973,0.7947441131090852,0.0020245098875575716,4.811218724698474e-06,6.074795650623521e-06,9.184800432911469e-06,4.584786432931552e-06,4.661542770127779e-06,0.016815245229753598,1.4366743605886967e-07,1.394606357929648e-53,7.45931094670027e-17
linear_J,55.52635364218317,7.6000000000000005,0.0022805582546966408,0.0028799150691122266,-0.0005993568144155859,0.7918838576721133,0.0022914582089468122,4.811218724698474e-06,6.088735525544564e-06,9.19890569414407e-06,4.584786432931552e-06,4.671741817690893e-06,0.022042062111134554,1.4366743605886967e-07,8.156087346927414e-51,7.155734338404329e-17
linear_J,55.52635364218317,8.0,0.0025205513855791617,0.0031998391437927376,-0.0006792877582135759,0.7877119043526598,0.0025314649971111313,4.811218724698474e-06,6.102392807183499e-06,9.211643086565172e-06,4.584786432931552e-06,4.6809694551803295e-06,0.02793078652394837,1.4366743605886967e-07,2.5218201928829366e-48,-8.760353553682876e-17
linear_J,55.52635364218317,8.4,0.0027361482367196377,0.003498911448374442,-0.0007627632116548044,0.7819998525515196,0.0027470756294318494,4.811218724698474e-06,6.116173987380513e-06,9.223160197388235e-06,4.584786432931552e-06,4.689336895099773e-06,0.03462261344673709,1.4366743605886967e-07,4.515457140695887e-46,-1.3270634591222574e-16
linear_J,55.52635364218317,8.8,0.0029293149222987536,0.0037821644478417404,-0.0008528495255429869,0.7745075505562277,0.0029402566328306685,4.811218724698474e-06,6.1304918071991565e-06,9.233575543255908e-06,4.584786432931552e-06,4.696935031078267e-06,0.04230581110155164,1.4366743605886967e-07,5.04434015617918e-44,-1.734723475976807e-17
linear_J,55.52635364218317,9.2,0.0031015477155454385,0.004054286070557633,-0.0009527383550121948,0.7650046547205896,0.003112504696812876,4.811218724698474e-06,6.145762542653088e-06,9.242983844507445e-06,4.584786432931552e-06,4.703838150119825e-06,0.051205508647332164,1.4366743605886967e-07,3.738972604115703e-42,-8.586881206085195e-17
linear_J,55.52635364218317,9.600000000000001,0.0032539648602391558,0.004319678094748591,-0.0010657132345094356,0.7532887379258614,0.003264938480751665,4.811218724698474e-06,6.162401787856986e-06,9.251460370348954e-06,4.584786432931552e-06,4.710106959436941e-06,0.06157467663064574,1.4366743605886967e-07,1.935616801652016e-40,4.640385298237959e-17
linear_J,55.52635364218317,10.0,0.0033873839724253285,0.004582493913869667,-0.001195109941444339,0.7392009757335098,0.0033983760106148686,4.811218724698474e-06,6.180819464685072e-06,9.259064535879727e-06,4.584786432931552e-06,4.715791065801731e-06,0.07368605500573722,1.4366743605886967e-07,7.306589792677805e-39,-1.5655879370690684e-16
linear_J,55.52635364218317,10.4,0.003502387186627265,0.004846661640580396,-0.0013442744539531315,0.722639096012456,0.0035133998199881004,4.811218724698474e-06,6.201414635920166e-06,9.265842890790802e-06,4.584786432931552e-06,4.720931014443098e-06,0.08782492962050165,1.4366743605886967e-07,2.085778829832316e-37,-2.1684043449710089e-16
linear_J,55.52635364218317,10.8,0.003599375764133661,0.005115897170275885,-0.0015165214061422239,0.7035668709384082,0.0036104115533966367,4.811218724698474e-06,6.22457053811587e-06,9.271831608562894e-06,4.584786432931552e-06,4.725559970803246e-06,0.10428272237092716,1.4366743605886967e-07,4.644768934322384e-36,-1.6132928326584306e-16
linear_J,55.52635364218317,11.2,0.00367861558460314,0.0053937107013452,-0.0017150951167420603,0.682019446034747,0.0036896774534607786,4.811218724698474e-06,6.2506501330439335e-06,9.277058561906229e-06,4.584786432931552e-06,4.7297051105172965e-06,0.12335138041219532,1.4366743605886967e-07,8.286280921066552e-35,1.0364972768961422e-16
linear_J,55.52635364218317,11.600000000000001,0.00374027473598304,0.0056834092965258876,-0.0019431345605428474,0.6581040605802169,0.003751365947052346,4.811218724698474e-06,6.279992344482288e-06,9.281545052957529e-06,4.584786432931552e-06,4.733388769419406e-06,0.1453185483256133,1.4366743605886967e-07,1.2117631226636495e-33,-1.249000902703301e-16
linear_J,55.52635364218317,12.0,0.0037844542662368585,0.00598809734684469,-0.002203643080607831,0.6319961161337837,0.00379557839403121,4.811218724698474e-06,6.3129090694946655e-06,9.285307253762118e-06,4.584786432931552e-06,4.736629395077881e-06,0.17046349683707734,1.4366743605886967e-07,1.4817418450504934e-32,-1.5829351718288365e-16
linear_J,55.52635364218317,12.4,0.003811213040872008,0.006310676238968138,-0.00249946319809613,0.6039310046264046,0.0038223739425732317,4.811218724698474e-06,6.349682976747317e-06,9.288357402628119e-06,4.584786432931552e-06,4.73944233345821e-06,0.19905376949535383,1.4366743605886967e-07,1.5415016355369762e-31,2.220446049250313e-16
linear_J,55.52635364218317,12.8,0.0038205875491706953,0.006653844099929085,-0.0028332565507583896,0.5741925256727032,0.0038317893339585374,4.811218724698474e-06,6.390566063330105e-06,9.290704794194439e-06,4.584786432931552e-06,4.741840478172825e-06,0.23134249804514298,1.4366743605886967e-07,1.3851978844497059e-30,1.8648277366750676e-16
linear_J,55.52635364218317,13.2,0.0038126074118398634,0.007020096173912527,-0.0032074887620726633,0.5430990284731347,0.003823854409474892,4.811218724698474e-06,6.435778910351964e-06,9.292356594909849e-06,4.584786432931552e-06,4.743834804942189e-06,0.26756632943520176,1.4366743605886967e-07,1.0895775317434279e-29,2.168404344971009e-17
linear_J,55.52635364218317,13.600000000000001,0.003787307259804751,0.007411726151374143,-0.003624418891569392,0.5109885581920184,0.0037986039890793265,4.811218724698474e-06,6.48551054993618e-06,9.293318510662436e-06,4.584786432931552e-06,4.745434810035605e-06,0.3079439027497764,1.4366743605886967e-07,7.590750842994531e-29,5.898059818321144e-17
linear_J,55.52635364218317,14.0,0.0037447355765014567,0.007830828602258255,-0.0040860930257567984,0.4782042573912995,0.0037560867140893498,4.811218724698474e-06,6.539918863013305e-06,9.293595329237419e-06,4.584786432931552e-06,4.746648868346318e-06,0.35267481255954947,1.4366743605886967e-07,4.732714426251893e-28,-1.8127860323957634e-16
linear_J,55.52635364218317,14.400000000000002,0.0036849610238577357,0.008279302547100853,-0.004594341523243117,0.4450810926275537,0.003696371373995134,4.811218724698474e-06,6.599131412543535e-06,9.293191356912535e-06,4.584786432931552e-06,4.747484524213928e-06,0.40193899574722247,1.4366743605886967e-07,2.6653326797295216e-27,-1.5612511283791264e-16
linear_J,55.52635364218317,14.8,0.003608076705194474,0.008758856120041347,-0.005150779414846873,0.41193469281208395,0.0036195511705432665,4.811218724698474e-06,6.663246624127872e-06,9.292110765676479e-06,4.584786432931552e-06,4.747948726013447e-06,0.45589648121413767,1.4366743605886967e-07,1.3670691409926386e-26,3.382710778154774e-17
linear_J,55.52635364218317,15.2,0.0035142027567579004,0.009271012226592823,-0.005756809469834923,0.3790527583037608,0.003525746310725192,4.811218724698474e-06,6.732335242509713e-06,9.290357865170071e-06,4.584786432931552e-06,4.748048013792057e-06,0.51468744549275,1.4366743605886967e-07,6.433284538229847e-26,-8.326672684688674e-17
linear_J,55.52635364218317,15.600000000000001,0.003403487603650057,0.009817115068907811,-0.006413627465257754,0.3466891831011926,0.0034151052643523853,4.811218724698474e-06,6.806441977591504e-06,9.287937311420866e-06,4.584786432931552e-06,4.747788667782657e-06,0.5784325217250843,1.4366743605886967e-07,2.796113742999517e-25,-3.8163916471489756e-17
linear_J,55.52635364218317,16.0,0.0032761081655331425,0.010398337396407498,-0.007122229230874355,0.3150607679517111,0.0032878049715492283,4.811218724698474e-06,6.885587291338702e-06,9.284854262708357e-06,4.584786432931552e-06,4.7471768244039575e-06,0.6472333143598886,1.4366743605886967e-07,1.1291344149624723e-24,-4.85722573273506e-17
linear_J,55.52635364218317,16.400000000000002,0.00313226925265897,0.011015688335625606,-0.007883419082966636,0.2843462121680553,0.003144050240642466,4.811218724698474e-06,6.969769258735603e-06,9.281114491410194e-06,4.584786432931552e-06,4.7462185653292085e-06,0.7211730769818734,1.4366743605886967e-07,4.259332949442417e-24,-6.158268339717665e-17
linear_J,55.52635364218317,16.8,0.0029722023531671415,0.011670021656538243,-0.008697819303371102,0.25468696122786855,0.002984072537359543,4.811218724698474e-06,7.058965467821032e-06,9.276724459401632e-06,4.584786432931552e-06,4.74491998433681e-06,0.8003175157148588,1.4366743605886967e-07,1.508191859968003e-23,1.1796119636642288e-16
linear_J,55.52635364218317,17.2,0.0027961639780259007,0.012362044341009348,-0.009565880362983448,0.2261894473837162,0.002808128331662974,4.811218724698474e-06,7.153134912396553e-06,9.27169136347921e-06,4.584786432931552e-06,4.743287235919659e-06,0.884715685478523,1.4366743605886967e-07,5.0350984804981494e-23,2.168404344971009e-17
linear_J,55.52635364218317,17.6,0.002604433699994968,0.013092325330392396,-0.010487891630397428,0.19892827547976227,0.002616497138574758,4.811218724698474e-06,7.252219855091724e-06,9.26602315633009e-06,4.584786432931552e-06,4.741326569005363e-06,0.9744009509352406,1.4366743605886967e-07,1.5912513123187694e-22,0.0
linear_J,55.52635364218317,18.0,0.002397311997227869,0.013861304342383474,-0.011463992345155605,0.17294995752294745,0.0024094793635834263,4.811218724698474e-06,7.3561476308103835e-06,9.259728547748708e-06,4.584786432931552e-06,4.739044348608429e-06,1.0693919881689857,1.4366743605886967e-07,4.777901187677101e-22,-4.85722573273506e-17
linear_J,66.64914321560819,5.2,7.85952021227776e-05,0.00014651380601898856,-6.791860389621096e-05,0.5364354681537074,0.00013727224531010862,2.465492281406023e-05,3.402212037317831e-05,5.517228946657334e-05,2.968365521161727e-05,2.9546702883680466e-05,0.003974287196948239,1.9278846119519244e-07,8.330189082845176e-74,-9.248244531301353e-17
linear_J,66.64914321560819,5.6000000000000005,0.0005499429337951778,0.0007330118249464501,-0.00018306889115127234,0.7502511079345189,0.0006080858906335955,2.465492281406023e-05,3.348803402425382e-05,5.466654821012382e-05,2.968365521161727e-05,2.907716490950744e-05,0.005217392241083484,1.9278846119519244e-07,1.3230604115910993e-68,-1.0364972768961422e-16
linear_J,66.64914321560819,6.0,0.0009672943856401384,0.001253179006286409,-0.0002858846206462706,0.7718724785428357,0.0010249641650421346,2.465492281406023e-05,3.301485658779857e-05,5.421842508225764e-05,2.968365521161727e-05,2.8661150419799082e-05,0.007702145293186913,1.9278846119519244e-07,4.2536486526578224e-64,-1.3747683547116196e-16
linear_J,66.64914321560819,6.4,0.001338659344433113,0.0017176086071897245,-0.00037894926275661156,0.7793739148893579,0.001395907579451248,2.465492281406023e-05,3.259331220406558e-05,5.381909413850067e-05,2.968365521161727e-05,2.829048704428021e-05,0.01105729178832171,1.9278846119519244e-07,3.7352788856454855e-60,-9.324138683375338e-18
linear_J,66.64914321560819,6.800000000000001,0.0016704951729028528,0.002135259228390196,-0.00046476405548734334,0.7823383459451263,0.0017273658861075144,2.465492281406023e-05,3.2215790390477395e-05,5.346128660489388e-05,2.968365521161727e-05,2.795845828821426e-05,0.015075534542996157,1.9278846119519244e-07,1.1265746972002113e-56,-1.240327285323417e-16
linear_J,66.64914321560819,7.2,0.001967978938173187,0.0025138320287259597,-0.0005458530905527725,0.7828601575939752,0.0020245098875575716,2.465492281406023e-05,3.1876026570398786e-05,5.313898603707293e-05,2.968365521161727e-05,2.7659521694558386e-05,0.01967097532297226,1.9278846119519244e-07,1.394606357929648e-53,7.45931094670027e-17
linear_J,66.64914321560819,7.6000000000000005,0.002235234445457035,0.002860071365022865,-0.0006248369195658299,0.7815310040136587,0.0022914582089468122,2.465492281406023e-05,3.156884067578858e-05,5.284717996925194e-05,2.968365521161727e-05,2.738907868025464e-05,0.024851173995755822,1.9278846119519244e-07,8.156087346927414e-51,7.155734338404329e-17
linear_J,66.64914321560819,8.0,0.002475520147034227,0.003179995439703376,-0.0007044752926691489,0.7784665714065109,0.0025314649971111313,2.465492281406023e-05,3.128992726275648e-05,5.2581661868244595e-05,2.968365521161727e-05,2.7143290285332844e-05,0.03069758627062269,1.9278846119519244e-07,2.5218201928829366e-48,-8.760353553682876e-17
linear_J,66.64914321560819,8.4,0.00269138501829147,0.0034790677442850804,-0.0007876827259936103,0.773593737205174,0.0027470756294318494,2.465492281406023e-05,3.103568832618642e-05,5.233887488744703e-05,2.968365521161727e-05,2.691893102566793e-05,0.03735079945311008,1.9278846119519244e-07,4.515457140695887e-46,-1.3270634591222574e-16
linear_J,66.64914321560819,8.8,0.0028847986096004474,0.0037623207437523787,-0.0008775221341519313,0.7667604136066485,0.0029402566328306685,2.465492281406023e-05,3.0803100416143536e-05,5.211578916906793e-05,2.968365521161727e-05,2.671327334140982e-05,0.04499856859982519,1.9278846119519244e-07,5.04434015617918e-44,-1.734723475976807e-17
linear_J,66.64914321560819,9.2,0.0030572601650991627,0.004034442366468272,-0.000977182201369109,0.7577900208735591,0.003112504696812876,2.465492281406023e-05,3.058960889956719e-05,5.190980556773289e-05,2.968365521161727e-05,2.6523996204637727e-05,0.0538655857187775,1.9278846119519244e-07,3.738972604115703e-42,-8.586881206085195e-17
linear_J,66.64914321560819,9.600000000000001,0.0032098905143707612,0.0042998343906592296,-0.0010899438762884683,0.7465149172590893,0.003264938480751665,2.465492281406023e-05,3.0393043566889766e-05,5.1718679963198575e-05,2.968365521161727e-05,2.6349112649058475e-05,0.06420444605947986,1.9278846119519244e-07,1.935616801652016e-40,4.640385298237959e-17
linear_J,66.64914321560819,10.0,0.003343509536788636,0.004562650209780306,-0.0012191406729916698,0.7327998823187517,0.0033983760106148686,2.465492281406023e-05,3.0211551012016002e-05,5.15404635252216e-05,2.968365521161727e-05,2.618691207251755e-05,0.07628756520136393,1.9278846119519244e-07,7.306589792677805e-39,-1.5655879370690684e-16
linear_J,66.64914321560819,10.4,0.0034587013569658542,0.004826817936491035,-0.0013681165795251804,0.7165593155726598,0.0035133998199881004,2.465492281406023e-05,3.0043540207969066e-05,5.137345530529193e-05,2.968365521161727e-05,2.603591407097316e-05,0.09039994702471964,1.9278846119519244e-07,2.085778829832316e-37,-2.1684043449710089e-16
linear_J,66.64914321560819,10.8,0.0035558689920764386,0.005096053466186523,-0.0015401844741100845,0.6977691689599491,0.0036104115533966367,2.465492281406023e-05,2.9887638505976533e-05,5.1216164349658806e-05,2.968365521161727e-05,2.58948312898134e-05,0.10683276716854065,1.9278846119519244e-07,4.644768934322384e-36,-1.6132928326584306e-16
linear_J,66.64914321560819,11.2,0.0036352798747482096,0.005373866997255838,-0.0017385871225076288,0.6764737342037983,0.0036896774534607786,2.465492281406023e-05,2.974265589861247e-05,5.1067279176069866e-05,2.968365521161727e-05,2.576253934833077e-05,0.12587775691812148,1.9278846119519244e-07,8.286280921066552e-35,1.0364972768961422e-16
linear_J,66.64914321560819,11.600000000000001,0.0036971034683702664,0.005663565592436526,-0.0019664621240662594,0.6527872606097483,0.003751365947052346,2.465492281406023e-05,2.960755586789432e-05,5.092564296120798e-05,2.968365521161727e-05,2.5638052334541395e-05,0.14782237109251797,1.9278846119519244e-07,1.2117631226636495e-33,-1.249000902703301e-16
linear_J,66.64914321560819,12.0,0.0037414420397104964,0.005968253642755328,-0.0022268116030448315,0.6268905887155304,0.00379557839403121,2.465492281406023e-05,2.948143150649507e-05,5.079023317488844e-05,2.968365521161727e-05,2.552050270723213e-05,0.17294571328152208,1.9278846119519244e-07,1.4817418450504934e-32,-1.5829351718288365e-16
linear_J,66.64914321560819,12.4,0.003768355533883827,0.006290832534878776,-0.0025224770009949493,0.5990233427754794,0.0038223739425732317,2.465492281406023e-05,2.9363485875566475e-05,5.0660144695173126e-05,2.968365521161727e-05,2.540912470284792e-05,0.20151517965692417,1.9278846119519244e-07,1.5415016355369762e-31,2.220446049250313e-16
linear_J,66.64914321560819,12.8,0.0037778813953565082,0.006634000395839723,-0.002856119000483215,0.5694725911873132,0.0038317893339585374,2.465492281406023e-05,2.9253015788155423e-05,5.05345756659628e-05,2.968365521161727e-05,2.5303240544853216e-05,0.23378377195582364,1.9278846119519244e-07,1.3851978844497059e-30,1.8648277366750676e-16
linear_J,66.64914321560819,13.2,0.003770050088294008,0.007000252469823165,-0.003230202381529157,0.538559159765454,0.003823854409474892,2.465492281406023e-05,2.9149398366845602e-05,5.041281553161882e-05,2.968365521161727e-05,2.520224890680356e-05,0.2699880224724372,1.9278846119519244e-07,1.0895775317434279e-29,2.168404344971009e-17
linear_J,66.64914321560819,13.600000000000001,0.003744896986404178,0.007391882447284781,-0.003646985460880603,0.5066229087260133,0.0037986039890793265,2.465492281406023e-05,2.9052079861147106e-05,5.029423481454173e-05,2.968365521161727e-05,2.5105615198558397e-05,0.31034646926978987,1.9278846119519244e-07,7.590750842994531e-29,5.898059818321144e-17
linear_J,66.64914321560819,14.0,0.003702471224966919,0.007810984898168893,-0.0041085136732019745,0.4740082426525852,0.0037560867140893498,2.465492281406023e-05,2.896056630818933e-05,5.0178276301329885e-05,2.968365521161727e-05,2.501286333626422e-05,0.3550586180475625,1.9278846119519244e-07,4.732714426251893e-28,-1.8127860323957634e-16
linear_J,66.64914321560819,14.400000000000002,0.0036428420354785995,0.008259458843011491,-0.004616616807532892,0.44105093381037763,0.003696371373995134,2.465492281406023e-05,2.8874415702317968e-05,5.00644473787944e-05,2.968365521161727e-05,2.4923568727333475e-05,0.4043043276768205,1.9278846119519244e-07,2.6653326797295216e-27,-1.5612511283791264e-16
linear_J,66.64914321560819,14.8,0.003566103016324984,0.008739012415951986,-0.0051729093996270015,0.4080670499810144,0.0036195511705432665,2.465492281406023e-05,2.8793231404256048e-05,4.995231331855722e-05,2.968365521161727e-05,2.4837352256491296e-05,0.4582435587738354,1.9278846119519244e-07,1.3670691409926386e-26,3.382710778154774e-17
linear_J,66.64914321560819,15.2,0.0034723747313399334,0.009251168522503461,-0.005778793791163528,0.37534444680078893,0.003525746310725192,2.465492281406023e-05,2.8716656571114996e-05,4.9841491352644504e-05,2.968365521161727e-05,2.4753875101737133e-05,0.517016428310409,1.9278846119519244e-07,6.433284538229847e-26,-8.326672684688674e-17
linear_J,66.64914321560819,15.600000000000001,0.003361805972114773,0.00979727136481845,-0.0064354653927036765,0.34313696609311684,0.0034151052643523853,2.465492281406023e-05,2.8644369423513893e-05,4.9731645415773827e-05,2.968365521161727e-05,2.467283424256678e-05,0.5807435177010186,1.9278846119519244e-07,2.796113742999517e-25,-3.8163916471489756e-17
linear_J,66.64914321560819,16.0,0.003234573969520649,0.010378493692318136,-0.007143919722797487,0.3116612164937565,0.0032878049715492283,2.465492281406023e-05,2.8576079214470695e-05,4.9622481455465766e-05,2.968365521161727e-05,2.4593958549143e-05,0.6495263867027603,1.9278846119519244e-07,1.1291344149624723e-24,-4.85722573273506e-17
linear_J,66.64914321560819,16.400000000000002,0.003090883795060284,0.010995844631536245,-0.00790496083647596,0.2810956228133293,0.003144050240642466,2.465492281406023e-05,2.8511522768059905e-05,4.9513743230606805e-05,2.968365521161727e-05,2.4517005361910967e-05,0.7234482505284726,1.9278846119519244e-07,4.259332949442417e-24,-6.158268339717665e-17
linear_J,66.64914321560819,16.8,0.0029309671530449166,0.011650177952448881,-0.008719210799403965,0.2515813204749223,0.002984072537359543,2.465492281406023e-05,2.84504615006842e-05,4.940520853410136e-05,2.968365521161727e-05,2.4441757487663074e-05,0.8025747826043912,1.9278846119519244e-07,1.508191859968003e-23,1.1796119636642288e-16
linear_J,66.64914321560819,17.2,0.0027550807300080193,0.012342200636919987,-0.009587119906911967,0.22322443225939598,0.002808128331662974,2.465492281406023e-05,2.839267884091612e-05,4.929668578686504e-05,2.968365521161727e-05,2.4368020551214875e-05,0.8869550102439875,1.9278846119519244e-07,5.0350984804981494e-23,2.168404344971009e-17
linear_J,66.64914321560819,17.6,0.0025635042377791795,0.013072481626303034,-0.010508977388523855,0.19609928023315584,0.002616497138574758,2.465492281406023e-05,2.8337977981518492e-05,4.918801095945094e-05,2.968365521161727e-05,2.4295620652389228e-05,0.9766222750665727,1.9278846119519244e-07,1.5912513123187694e-22,0.0
linear_J,66.64914321560819,18.0,0.0023565382608579655,0.013841460638294112,-0.011484922377436146,0.1702521375770351,0.0024094793635834263,2.465492281406023e-05,2.8286179911352072e-05,4.90790447846869e-05,2.968365521161727e-05,2.4224402286481183e-05,1.0715952341975363,1.9278846119519244e-07,4.777901187677101e-22,-4.85722573273506e-17
linear_J,80.0,5.2,0.00010018908152514827,0.00015565929556632385,-5.547021404117558e-05,0.6436434211052906,0.00013727224531010862,1.5509433266724937e-05,2.157373051814293e-05,3.4771951312754045e-05,1.8793077130011638e-05,1.8698975368397644e-05,0.0025535734124574844,2.519702106962285e-07,8.330189082845176e-74,-9.248244531301353e-17
linear_J,80.0,5.6000000000000005,0.0005713717163879917,0.0007421573144937854,-0.00017078559810579375,0.7698795191120846,0.0006080858906335955,1.5509433266724937e-05,2.1204740978775227e-05,3.44228996070104e-05,1.8793077130011638e-05,1.8376348784173572e-05,0.003825750623190351,2.519702106962285e-07,1.3230604115910993e-68,-1.0364972768961422e-16
linear_J,80.0,6.0,0.000988576875725622,0.0012623244958337443,-0.00027374762010812237,0.783140055499504,0.0010249641650421346,1.5509433266724937e-05,2.0877856049650312e-05,3.411361744778087e-05,1.8793077130011638e-05,1.8090500167937108e-05,0.0063360204135831655,2.519702106962285e-07,4.2536486526578224e-64,-1.3747683547116196e-16
linear_J,80.0,6.4,0.0013598114616066859,0.0017267540967370598,-0.00036694263513037395,0.7874957205407749,0.001395907579451248,1.5509433266724937e-05,2.0586684577827974e-05,3.3838015375084015e-05,1.8793077130011638e-05,1.7835815023866187e-05,0.009713730751520835,2.519702106962285e-07,3.7352788856454855e-60,-9.324138683375338e-18
linear_J,80.0,6.800000000000001,0.0016915304587559188,0.0021444047179375314,-0.0004528742591816126,0.7888111999598738,0.0017273658861075144,1.5509433266724937e-05,2.0325994084746668e-05,3.359107960994411e-05,1.8793077130011638e-05,1.7607679618681403e-05,0.013752062419079919,2.519702106962285e-07,1.1265746972002113e-56,-1.240327285323417e-16
linear_J,80.0,7.2,0.001988908963315772,0.002522977518273295,-0.000534068554957523,0.7883181474708363,0.0020245098875575716,1.5509433266724937e-05,2.0091490975149284e-05,3.336866178370041e-05,1.8793077130011638e-05,1.7402287379639085e-05,0.018365501075289878,2.519702106962285e-07,1.394606357929648e-53,7.45931094670027e-17
linear_J,80.0,7.6000000000000005,0.0022560691354265305,0.0028692168545702,-0.0006131477191436696,0.7863013671598144,0.0022914582089468122,1.5509433266724937e-05,1.9879640253628317e-05,3.31673075894574e-05,1.8793077130011638e-05,1.7216480770388384e-05,0.023561918564759067,2.519702106962285e-07,8.156087346927414e-51,7.155734338404329e-17
linear_J,80.0,8.0,0.002496268043654326,0.003189140929250711,-0.000692872885596385,0.7827399600809816,0.0025314649971111313,1.5509433266724937e-05,1.9687520189992647e-05,3.2984120084285324e-05,1.8793077130011638e-05,1.704762468483599e-05,0.029423026944004615,2.519702106962285e-07,2.5218201928829366e-48,-8.760353553682876e-17
linear_J,80.0,8.4,0.002712053490240507,0.0034882132338324157,-0.0007761597435919088,0.7774907405132567,0.0027470756294318494,1.5509433266724937e-05,1.951270592448484e-05,3.2816651778464126e-05,1.8793077130011638e-05,1.689350599593491e-05,0.036089626337376404,2.519702106962285e-07,4.515457140695887e-46,-1.3270634591222574e-16
linear_J,80.0,8.8,0.0029053940232360853,0.003771466233299714,-0.0008660722100636287,0.7703619344601983,0.0029402566328306685,1.5509433266724937e-05,1.935317632784095e-05,3.266281982857043e-05,1.8793077130011638e-05,1.6752254105670555e-05,0.04374965017341158,2.519702106962285e-07,5.04434015617918e-44,-1.734723475976807e-17
linear_J,80.0,9.2,0.003077788024226591,0.004043587856015607,-0.000965799831789016,0.7611527519175316,0.003112504696812876,1.5509433266724937e-05,1.9207239319474212e-05,3.2520839429979994e-05,1.8793077130011638e-05,1.6622278079826094e-05,0.052627941265688476,2.519702106962285e-07,3.738972604115703e-42,-8.586881206085195e-17
linear_J,80.0,9.600000000000001,0.003230355575701227,0.004308979880206565,-0.0010786243045053379,0.7496798930391778,0.003264938480751665,1.5509433266724937e-05,1.9073471783759288e-05,3.238917139785962e-05,1.8793077130011638e-05,1.6502216775141022e-05,0.06297722336504874,2.519702106962285e-07,1.935616801652016e-40,4.640385298237959e-17
linear_J,80.0,10.0,0.0033639159063074686,0.004571795699327641,-0.0012078797930201723,0.7357975131745692,0.0033983760106148686,1.5509433266724937e-05,1.8950671040518507e-05,3.2266480749142846e-05,1.8793077130011638e-05,1.639089911335749e-05,0.07507002230874082,2.519702106962285e-07,7.306589792677805e-39,-1.5655879370690684e-16
linear_J,80.0,10.4,0.0034790525712111164,0.00483596342603837,-0.0013569108548272535,0.7194125068189696,0.0035133998199881004,1.5509433266724937e-05,1.8837815510042155e-05,3.215160379388169e-05,1.8793077130011638e-05,1.6287312279469033e-05,0.08919143715543333,2.519702106962285e-07,2.085778829832316e-37,-2.1684043449710089e-16
linear_J,80.0,10.8,0.003576168087411069,0.005105198955733858,-0.0015290308683227893,0.7004953417916314,0.0036104115533966367,1.5509433266724937e-05,1.8734032718681348e-05,3.20435218075706e-05,1.8793077130011638e-05,1.619057612008513e-05,0.10563272613103951,2.519702106962285e-07,4.644768934322384e-36,-1.6132928326584306e-16
linear_J,80.0,11.2,0.0036555294469857724,0.005383012486803174,-0.0017274830398174013,0.6790861912261127,0.0036896774534607786,1.5509433266724937e-05,1.8638573208384912e-05,3.194133980086026e-05,1.8793077130011638e-05,1.6099922408400678e-05,0.12468569249242607,2.519702106962285e-07,8.286280921066552e-35,1.0364972768961422e-16
linear_J,80.0,11.600000000000001,0.003717305724576403,0.005672711081983861,-0.001955405357407458,0.6552961486761258,0.003751365947052346,1.5509433266724937e-05,1.8550789209093033e-05,3.184426924923115e-05,1.8793077130011638e-05,1.6014677944637216e-05,0.14663785399950563,2.519702106962285e-07,1.2117631226636495e-33,-1.249000902703301e-16
linear_J,80.0,12.0,0.0037615988435842906,0.005977399132302663,-0.0022158002887183725,0.6293036085303569,0.00379557839403121,1.5509433266724937e-05,1.8470117180036105e-05,3.175161391203809e-05,1.8793077130011638e-05,1.5934250693504618e-05,0.17176836943598173,2.519702106962285e-07,1.4817418450504934e-32,-1.5829351718288365e-16
linear_J,80.0,12.4,0.0037884684458110995,0.006299978024426112,-0.002511509578615012,0.6013462953557215,0.0038223739425732317,1.5509433266724937e-05,1.8396063495629278e-05,3.166275807477606e-05,1.8793077130011638e-05,1.5858118338823373e-05,0.20034468347096807,2.519702106962285e-07,1.5415016355369762e-31,2.220446049250313e-16
linear_J,80.0,12.8,0.003797951707987468,0.006643145885387058,-0.0028451941773995904,0.5717098154267288,0.0038317893339585374,1.5509433266724937e-05,1.83281927045309e-05,3.157715670442164e-05,1.8793077130011638e-05,1.578581877247757e-05,0.23261984051037266,2.519702106962285e-07,1.3851978844497059e-30,1.8648277366750676e-16
linear_J,80.0,13.2,0.0037900788583153933,0.0070093979593705,-0.003219319101055107,0.5407138930168223,0.003823854409474892,1.5509433266724937e-05,1.826611789279564e-05,3.149432712644965e-05,1.8793077130011638e-05,1.5716942140131366e-05,0.26883041041330996,2.519702106962285e-07,1.0895775317434279e-29,2.168404344971009e-17
linear_J,80.0,13.600000000000001,0.0037648850630415676,0.007401027936832116,-0.003636142873790549,0.5086975883856834,0.0037986039890793265,1.5509433266724937e-05,1.820949277109296e-05,3.141384192238773e-05,1.8793077130011638e-05,1.5651124147178394e-05,0.30919496431411286,2.519702106962285e-07,7.590750842994531e-29,5.898059818321144e-17
linear_J,80.0,14.0,0.0037224192756430963,0.007820130387716229,-0.004097711112073132,0.4760047583720893,0.0037560867140893498,1.5509433266724937e-05,1.8158005179347292e-05,3.133532281535064e-05,1.8793077130011638e-05,1.558804039095926e-05,0.3539130370093402,2.519702106962285e-07,4.732714426251893e-28,-1.8127860323957634e-16
linear_J,80.0,14.400000000000002,0.003662750568975026,0.008268604332558827,-0.0046058537635838,0.4429708354229039,0.003696371373995134,1.5509433266724937e-05,1.8111371753226635e-05,3.12584353631189e-05,1.8793077130011638e-05,1.552740153375138e-05,0.4031645129378326,2.519702106962285e-07,2.6653326797295216e-27,-1.5612511283791264e-16
linear_J,80.0,14.8,0.0035859724037324847,0.00874815790549932,-0.005162185501766836,0.40991171426824025,0.0036195511705432665,1.5509433266724937e-05,1.8069333544090682e-05,3.118288431798131e-05,1.8793077130011638e-05,1.546894916872453e-05,0.45710937513952604,2.519702106962285e-07,1.3670691409926386e-26,3.382710778154774e-17
linear_J,80.0,15.2,0.003492205225034517,0.009260314012050797,-0.0057681087870162795,0.3771152058655871,0.003525746310725192,1.5509433266724937e-05,1.8031652423866618e-05,3.1108409542782073e-05,1.8793077130011638e-05,1.5412452260479088e-05,0.5158877602012938,2.519702106962285e-07,6.433284538229847e-26,-8.326672684688674e-17
linear_J,80.0,15.600000000000001,0.0033815977229544325,0.009806416854365785,-0.006424819131411352,0.34483520058082745,0.0034151052643523853,1.5509433266724937e-05,1.799810813118974e-05,3.103478239569994e-05,1.8793077130011638e-05,1.535770406485168e-05,0.5796202666387904,2.519702106962285e-07,2.796113742999517e-25,-3.8163916471489756e-17
linear_J,80.0,16.0,0.0032543270424374438,0.010387639181865471,-0.0071333121394280274,0.31328841765304877,0.0032878049715492283,1.5509433266724937e-05,1.7968495845011034e-05,3.096180251397651e-05,1.8793077130011638e-05,1.5304519450835096e-05,0.6484084690561436,2.519702106962285e-07,1.1291344149624723e-24,-4.85722573273506e-17
linear_J,80.0,16.400000000000002,0.0031105981831880403,0.01100499012108358,-0.00789439193789554,0.2826534280324972,0.003144050240642466,1.5509433266724937e-05,1.7942624187639034e-05,3.0889294940417164e-05,1.8793077130011638e-05,1.5252732561823526e-05,0.7223355954902638,2.519702106962285e-07,4.259332949442417e-24,-6.158268339717665e-17
linear_J,80.0,16.8,0.0029506427905112154,0.011659323441996217,-0.008708680651485001,0.2530715272794619,0.002984072537359543,1.5509433266724937e-05,1.7920313581720748e-05,3.081710754700093e-05,1.8793077130011638e-05,1.52021947648053e-05,0.8014673303747131,2.519702106962285e-07,1.508191859968003e-23,1.1796119636642288e-16
linear_J,80.0,17.2,0.0027747175035034988,0.012351346126467322,-0.009576628622963823,0.22464899575258776,0.002808128331662974,1.5509433266724937e-05,1.7901394892771982e-05,3.0745108718101e-05,1.8793077130011638e-05,1.5152772845232204e-05,0.8858527103983165,2.519702106962285e-07,5.0350984804981494e-23,2.168404344971009e-17
linear_J,80.0,17.6,0.002583101996998849,0.01308162711585037,-0.01049852511885152,0.197460298640452,0.002616497138574758,1.5509433266724937e-05,1.7885708309184345e-05,3.0673185262199796e-05,1.8793077130011638e-05,1.5104347412596719e-05,0.9755250850905477,2.519702106962285e-07,1.5912513123187694e-22,0.0
linear_J,80.0,18.0,0.0023760968279096795,0.013850606127841447,-0.011474509299931768,0.17155183000500088,0.0024094793635834263,1.5509433266724937e-05,1.7873102406973373e-05,3.0601240526005086e-05,1.8793077130011638e-05,1.5056811487630667e-05,1.0705031181718354,2.519702106962285e-07,4.777901187677101e-22,-4.85722573273506e-17
spectral_smooth,1.0,5.2,-0.06449703963288206,-0.02177078440825092,-0.04272625522463114,,0.00013727224531010862,0.02194195313708397,0.042692358741108105,0.048031046715998844,0.025817850174548778,0.025700791551264368,4.6912944533910155,9.910716691763355e-11,8.330189082845176e-74,-9.71445146547012e-17
spectral_smooth,1.0,5.6000000000000005,-0.06336112179674791,-0.02118428638932346,-0.04217683540742445,,0.0006080858906335955,0.02194195313708397,0.04202725455029743,0.04759919894672181,0.025817850174548778,0.025299457268468193,4.595974369123221,9.910716691763355e-11,1.3230604115910993e-68,-1.1102230246251565e-16
spectral_smooth,1.0,6.0,-0.06235510086818519,-0.0206641192079835,-0.04169098166020169,,0.0010249641650421346,0.02194195313708397,0.041438111896143215,0.047216549996153316,0.025817850174548778,0.024943871479759724,4.513500152819893,9.910716691763355e-11,4.2536486526578224e-64,-1.3877787807814457e-16
spectral_smooth,1.0,6.4,-0.061459505677757265,-0.020199689607080185,-0.04125981607067708,,0.001395907579451248,0.02194195313708397,0.040913460120124534,0.04687556291115713,0.025817850174548778,0.024627048669185372,4.4416017571783355,9.910716691763355e-11,3.7352788856454855e-60,-1.3877787807814457e-17
spectral_smooth,1.0,6.800000000000001,-0.06065852740319755,-0.019782038985879713,-0.040876488417317836,,0.0017273658861075144,0.02194195313708397,0.04044394015222097,0.04657003012623972,0.025817850174548778,0.02434324760649512,4.378561179759426,9.910716691763355e-11,1.1265746972002113e-56,-1.249000902703301e-16
spectral_smooth,1.0,7.2,-0.05993935425874891,-0.01940346618554395,-0.04053588807320496,,0.0020245098875575716,0.02194195313708397,0.04002191100922259,0.04629481312823607,0.025817850174548778,0.024087730433480264,4.3230813932308285,9.910716691763355e-11,1.394606357929648e-53,7.632783294297951e-17
spectral_smooth,1.0,7.6000000000000005,-0.059291620673575296,-0.019057226849247044,-0.04023439382432825,,0.0022914582089468122,0.02194195313708397,0.03964112574543821,0.04604563037555412,0.025817850174548778,0.02385656592626377,4.274192367291338,9.910716691763355e-11,8.156087346927414e-51,6.938893903907228e-17
spectral_smooth,1.0,8.0,-0.05870695674162596,-0.018737302774566533,-0.039969653967059426,,0.0025314649971111313,0.02194195313708397,0.039296468601653034,0.04581888819153679,0.025817850174548778,0.023646472009415415,4.2311816813880245,9.910716691763355e-11,2.5218201928829366e-48,-8.326672684688674e-17
spectral_smooth,1.0,8.4,-0.05817862022039022,-0.01843823046998483,-0.03974038975040539,,0.0027470756294318494,0.02194195313708397,0.03898374271273797,0.04561154736778031,0.025817850174548778,0.023454690846316843,4.193541718730835,9.910716691763355e-11,4.515457140695887e-46,-1.3183898417423734e-16
spectral_smooth,1.0,8.8,-0.057701194984872695,-0.01815497747051753,-0.039546217514355164,,0.0029402566328306685,0.02194195313708397,0.038699498480619376,0.04542101842802014,0.025817850174548778,0.023278890086957427,4.160928313600488,9.910716691763355e-11,5.04434015617918e-44,-1.3877787807814457e-17
spectral_smooth,1.0,9.2,-0.05727034280922122,-0.017882855847801638,-0.03938748696141958,,0.003112504696812876,0.02194195313708397,0.03844089436895004,0.04524507946301174,0.025817850174548778,0.023117084769937638,4.133127564052845,9.910716691763355e-11,3.738972604115703e-42,-8.326672684688674e-17
spectral_smooth,1.0,9.600000000000001,-0.0568825982178624,-0.01761746382361068,-0.03926513439425172,,0.003264938480751665,0.02194195313708397,0.03820558356153014,0.04508181155228992,0.025817850174548778,0.022967575400523615,4.110028687587784,9.910716691763355e-11,1.935616801652016e-40,4.163336342344337e-17
spectral_smooth,1.0,10.0,-0.056535198488329774,-0.017354648004489603,-0.03918055048384017,,0.0033983760106148686,0.02194195313708397,0.03799162136186052,0.04492954780978678,0.025817850174548778,0.022828898656698144,4.091601528428913,9.910716691763355e-11,7.306589792677805e-39,-1.5265566588595902e-16
spectral_smooth,1.0,10.4,-0.056225942662278816,-0.017090480277778874,-0.03913546238449994,,0.0035133998199881004,0.02194195313708397,0.03779738934518273,0.044786832954789066,0.025817850174548778,0.022699787951436807,4.077877779582483,9.910716691763355e-11,2.085778829832316e-37,-2.1510571102112408e-16
spectral_smooth,1.0,10.8,-0.055953074724385654,-0.016821244748083386,-0.03913182997630227,,0.0036104115533966367,0.02194195313708397,0.03762153314069816,0.04465239101037309,0.025817850174548778,0.022579141701336354,4.068935263816184,9.910716691763355e-11,4.644768934322384e-36,-1.5959455978986625e-16
spectral_smooth,1.0,11.2,-0.05571518705926137,-0.01654343121701407,-0.0391717558422473,,0.0036896774534607786,0.02194195313708397,0.037462911375638286,0.044525099285441475,0.025817850174548778,0.02246599763915721,4.064884791519499,9.910716691763355e-11,8.286280921066552e-35,1.0408340855860843e-16
spectral_smooth,1.0,11.600000000000001,-0.055511140997156705,-0.016253732621833383,-0.03925740837532332,,0.003751365947052346,0.02194195313708397,0.037320553807124957,0.044403967227908604,0.025817850174548778,0.02235951188535224,4.06585922220331,9.910716691763355e-11,1.2117631226636495e-33,-1.249000902703301e-16
spectral_smooth,1.0,12.0,-0.05534000178793852,-0.01594904457151458,-0.03939095721642394,,0.00379557839403121,0.02194195313708397,0.0371936270448856,0.044288119069282365,0.025817850174548778,0.022258941784208792,4.072004426405015,9.910716691763355e-11,1.4817418450504934e-32,-1.5959455978986625e-16
spectral_smooth,1.0,12.4,-0.055200985754337906,-0.015626465679391133,-0.03957452007494677,,0.0038223739425732317,0.02194195313708397,0.03708140655982739,0.0441767794357912,0.025817850174548778,0.02216363173324341,4.083471892005896,9.910716691763355e-11,1.5415016355369762e-31,2.220446049250313e-16
spectral_smooth,1.0,12.8,-0.05509341770638321,-0.015283297818430186,-0.03981011988795302,,0.0038317893339585374,0.02194195313708397,0.03698325390325796,0.04406926129564697,0.025817850174548778,0.022073001405568737,4.1004127530017875,9.910716691763355e-11,1.3851978844497059e-30,1.8735013540549517e-16
spectral_smooth,1.0,13.2,-0.055016696972960855,-0.014917045744446744,-0.04009965122851411,,0.003823854409474892,0.02194195313708397,0.0368985982453518,0.04396495575992909,0.025817850174548778,0.021986535896320623,4.122973045157826,9.910716691763355e-11,1.0895775317434279e-29,2.0816681711721685e-17
spectral_smooth,1.0,13.600000000000001,-0.05497027063869259,-0.014525415766985128,-0.04044485487170746,,0.0037986039890793265,0.02194195313708397,0.036826921490688,0.04386332336687119,0.025817850174548778,0.02190377742530889,4.151290014869166,9.910716691763355e-11,7.590750842994531e-29,5.551115123125783e-17
spectral_smooth,1.0,14.0,-0.054953612774294,-0.014106313316101016,-0.04084729945819299,,0.0037560867140893498,0.02194195313708397,0.0367677463512992,0.043763886564522944,0.025817850174548778,0.021824318306033215,4.185489326648591,9.910716691763355e-11,4.732714426251893e-28,-1.8041124150158794e-16
spectral_smooth,1.0,14.400000000000002,-0.054966208622431956,-0.013657839371258418,-0.04130836925117354,,0.003696371373995134,0.02194195313708397,0.036720626859342964,0.0436662231713862,0.025817850174548778,0.02174779495155831,4.225683031862204,9.910716691763355e-11,2.6653326797295216e-27,-1.5265566588595902e-16
spectral_smooth,1.0,14.8,-0.055007542852921754,-0.013178285798317924,-0.04182925705460383,,0.0036195511705432665,0.02194195313708397,0.036685140886381085,0.04356996064367894,0.025817850174548778,0.02167388273462116,4.271968177070638,9.910716691763355e-11,1.3670691409926386e-26,3.469446951953614e-17
spectral_smooth,1.0,15.2,-0.05507709113376974,-0.012666129691766448,-0.04241096144200329,,0.003525746310725192,0.02194195313708397,0.03666088430741088,0.04347477101516365,0.025817850174548778,0.021602291555896113,4.324425944804055,9.910716691763355e-11,6.433284538229847e-26,-8.326672684688674e-17
spectral_smooth,1.0,15.600000000000001,-0.05517431438031262,-0.01212002684945146,-0.04305428753086116,,0.0034151052643523853,0.02194195313708397,0.036647466507580995,0.043380366403868664,0.025817850174548778,0.021532762002961656,4.383121232890291,9.910716691763355e-11,2.796113742999517e-25,-4.163336342344337e-17
spectral_smooth,1.0,16.0,-0.05529865514539056,-0.011538804521951773,-0.04375985062343879,,0.0032878049715492283,0.02194195313708397,0.03664450697985577,0.04328649500170828,0.025817850174548778,0.021465062005012314,4.448102590606077,9.910716691763355e-11,1.1291344149624723e-24,-4.85722573273506e-17
spectral_smooth,1.0,16.400000000000002,-0.05544953570066535,-0.010921453582733665,-0.04452808211793169,,0.003144050240642466,0.02194195313708397,0.03665163280422379,0.04319293747961406,0.025817850174548778,0.021398983906125577,4.519402440956179,9.910716691763355e-11,4.259332949442417e-24,-6.245004513516506e-17
spectral_smooth,1.0,16.8,-0.055626357434399976,-0.010267120261821028,-0.04535923717257895,,0.002984072537359543,0.02194195313708397,0.03666847683467567,0.04309950375356453,0.025817850174548778,0.021334341893985666,4.597037528340162,9.910716691763355e-11,1.508191859968003e-23,1.1796119636642288e-16
spectral_smooth,1.0,17.2,-0.055828501255515806,-0.009575097577349923,-0.04625340367816588,,0.002808128331662974,0.02194195313708397,0.03669467645009483,0.0430060300667763,0.025817850174548778,0.021270969732193033,4.681009539777925,9.910716691763355e-11,5.0350984804981494e-23,2.0816681711721685e-17
spectral_smooth,1.0,17.6,-0.05605532874883745,-0.008844816587966875,-0.04721051216087058,,0.002616497138574758,0.02194195313708397,0.03672987275032824,0.04291237635099912,0.025817850174548778,0.021208718753276387,4.7713058557914145,9.910716691763355e-11,1.5912513123187694e-22,0.0
spectral_smooth,1.0,18.0,-0.05630618387323921,-0.008075837575975797,-0.048230346297263416,,0.0024094793635834263,0.02194195313708397,0.03677371009973862,0.04281842383587048,0.025817850174548778,0.02114745607675167,4.867900394037318,9.910716691763355e-11,4.777901187677101e-22,-4.85722573273506e-17
spectral_smooth,1.200315505050112,5.2,-0.06201547000234614,-0.02109223584684322,-0.04092323415550292,,0.00013727224531010862,0.02126340457567627,0.040889337671979886,0.04689878538571108,0.025213713880171264,0.025099004365341192,4.497943335681891,1.2510226188311435e-10,8.330189082845176e-74,-9.71445146547012e-17
spectral_smooth,1.200315505050112,5.6000000000000005,-0.06090327722027422,-0.02050573782791576,-0.04039753939235846,,0.0006080858906335955,0.02126340457567627,0.04024795853523144,0.04647552273823469,0.025213713880171264,0.024705725765987074,4.405927829020055,1.2510226188311435e-10,1.3230604115910993e-68,-1.0408340855860843e-16
spectral_smooth,1.200315505050112,6.0,-0.059918271318997296,-0.0199855706465758,-0.039932700672421495,,0.0010249641650421346,0.02126340457567627,0.03967983090836302,0.046100480986215386,0.025213713880171264,0.024357277448545142,4.3263629113517466,1.2510226188311435e-10,4.2536486526578224e-64,-1.3877787807814457e-16
spectral_smooth,1.200315505050112,6.4,-0.05904139001545716,-0.019521141045672485,-0.03952024896978468,,0.001395907579451248,0.02126340457567627,0.03917389301923213,0.04576627311912258,0.025213713880171264,0.02404681415832756,4.2570427258171,1.2510226188311435e-10,3.7352788856454855e-60,-1.3877787807814457e-17
spectral_smooth,1.200315505050112,6.800000000000001,-0.05825715791407515,-0.019103490424472014,-0.03915366748960314,,0.0017273658861075144,0.02126340457567627,0.03872111922450627,0.04546681513714071,0.025213713880171264,0.023768709972632585,4.196300431673137,1.2510226188311435e-10,1.1265746972002113e-56,-1.249000902703301e-16
spectral_smooth,1.200315505050112,7.2,-0.05755303521355032,-0.01872491762413625,-0.03882811758941407,,0.0020245098875575716,0.02126340457567627,0.038314140525431695,0.045197070897963064,0.025213713880171264,0.02351832222560317,4.142880059276632,1.2510226188311435e-10,1.394606357929648e-53,7.632783294297951e-17
spectral_smooth,1.200315505050112,7.6000000000000005,-0.05691887843398191,-0.018378678287839345,-0.03854020014614257,,0.0022914582089468122,0.02126340457567627,0.037946932067252526,0.0449528442553056,0.025213713880171264,0.02329179872081534,4.095844728927932,1.2510226188311435e-10,8.156087346927414e-51,6.938893903907228e-17
spectral_smooth,1.200315505050112,8.0,-0.056346499241614945,-0.018058754213158834,-0.03828774502845611,,0.0025314649971111313,0.02126340457567627,0.03761455966304972,0.04473061331352827,0.025213713880171264,0.02308592340624439,4.054508930510097,1.2510226188311435e-10,2.5218201928829366e-48,-8.326672684688674e-17
spectral_smooth,1.200315505050112,8.4,-0.055829304027458226,-0.01775968190857713,-0.0380696221188811,,0.0027470756294318494,0.02126340457567627,0.03731297508121367,0.044527399678952535,0.025213713880171264,0.02289799397017304,4.018386996514028,1.2510226188311435e-10,4.515457140695887e-46,-1.3183898417423734e-16
spectral_smooth,1.200315505050112,8.8,-0.05536199849753576,-0.01747642890910983,-0.03788556958842593,,0.0029402566328306685,0.02126340457567627,0.03703885055469014,0.04434066579926959,0.025213713880171264,0.0227257250683368,3.987152741900659,1.2510226188311435e-10,5.04434015617918e-44,-1.3877787807814457e-17
spectral_smooth,1.200315505050112,9.2,-0.05494034443945556,-0.01720430728639394,-0.03773603715306162,,0.003112504696812876,0.02126340457567627,0.03678944456059208,0.04416823442329864,0.025213713880171264,0.022567171789875863,3.9606070553756614,1.2510226188311435e-10,3.738972604115703e-42,-8.326672684688674e-17
spectral_smooth,1.200315505050112,9.600000000000001,-0.05456095863923832,-0.01693891526220298,-0.03762204337703534,,0.003264938480751665,0.02126340457567627,0.03656249254431376,0.044008225296834604,0.025213713880171264,0.022420668974153755,3.938651371684815,1.2510226188311435e-10,1.935616801652016e-40,4.163336342344337e-17
spectral_smooth,1.200315505050112,10.0,-0.054221146211642535,-0.016676099443081904,-0.03754504676856063,,0.0033983760106148686,0.02126340457567627,0.03635611764658098,0.04385900521103769,0.025213713880171264,0.022284782901900002,3.921265671286882,1.2510226188311435e-10,7.306589792677805e-39,-1.5265566588595902e-16
spectral_smooth,1.200315505050112,10.4,-0.05391876234136567,-0.016411931716371175,-0.03750683062499449,,0.0035133998199881004,0.02126340457567627,0.03616875758567728,0.04371914836700693,0.025213713880171264,0.022158272644782123,3.9084900982337873,1.2510226188311435e-10,2.085778829832316e-37,-2.1510571102112408e-16
spectral_smooth,1.200315505050112,10.8,-0.053652097705086,-0.016142696186675687,-0.03750940151841031,,0.0036104115533966367,0.02126340457567627,0.035999104682806204,0.04358740470677122,0.025213713880171264,0.022040058966869152,3.900409560976917,1.2510226188311435e-10,4.644768934322384e-36,-1.5959455978986625e-16
spectral_smooth,1.200315505050112,11.2,-0.05341978377173662,-0.01586488265560637,-0.037554901116130246,,0.0036896774534607786,0.02126340457567627,0.03584605664952123,0.04346267440377532,0.025213713880171264,0.02192919914904443,3.89714084960951,1.2510226188311435e-10,8.286280921066552e-35,1.0408340855860843e-16
spectral_smooth,1.200315505050112,11.600000000000001,-0.05322071486166313,-0.015575184060425684,-0.03764553080123745,,0.003751365947052346,0.02126340457567627,0.03570867623303908,0.04334398712867183,0.025213713880171264,0.021824866477310075,3.898821908230863,1.2510226188311435e-10,1.2117631226636495e-33,-1.249000902703301e-16
spectral_smooth,1.200315505050112,12.0,-0.05305398436079822,-0.015270496010106882,-0.03778348835069134,,0.00379557839403121,0.02126340457567627,0.035586158179153005,0.043230485032226484,0.025213713880171264,0.021726333420609346,3.9056029684866913,1.2510226188311435e-10,1.4817418450504934e-32,-1.5959455978986625e-16
spectral_smooth,1.200315505050112,12.4,-0.05291883288727378,-0.014947917117983434,-0.03797091576929035,,0.0038223739425732317,0.02126340457567627,0.035477802254170965,0.043121408636907964,0.025213713880171264,0.021632957742299046,3.9176392956224495,1.2510226188311435e-10,1.5415016355369762e-31,2.220446049250313e-16
spectral_smooth,1.200315505050112,12.8,-0.052814606530743435,-0.014604749257022487,-0.03820985727372095,,0.0038317893339585374,0.02126340457567627,0.03538299128902589,0.0430160850192591,0.025213713880171264,0.02154417095702854,3.935085330942583,1.2510226188311435e-10,1.3851978844497059e-30,1.8735013540549517e-16
spectral_smooth,1.200315505050112,13.2,-0.05274072355226056,-0.014238497183039045,-0.038502226369221515,,0.003823854409474892,0.02126340457567627,0.035301173386059204,0.04291391781006612,0.025213713880171264,0.021459468673498534,3.9580900398239622,1.2510226188311435e-10,1.0895775317434279e-29,2.0816681711721685e-17
spectral_smooth,1.200315505050112,13.600000000000001,-0.052696648159550497,-0.013846867205577429,-0.03884978095397307,,0.0037986039890793265,0.02126340457567627,0.03523184757295361,0.042814378649383686,0.025213713880171264,0.02137840246260989,3.9867932954383174,1.2510226188311435e-10,7.590750842994531e-29,5.551115123125783e-17
spectral_smooth,1.200315505050112,14.0,-0.052681870168163725,-0.013427764754693317,-0.03925410541347041,,0.0037560867140893498,0.02126340457567627,0.03517455230657662,0.04271699981695985,0.025213713880171264,0.021300572966920436,4.021323146737707,1.2510226188311435e-10,4.732714426251893e-28,-1.8041124150158794e-16
spectral_smooth,1.200315505050112,14.400000000000002,-0.052695889529248086,-0.012979290809850719,-0.03971659871939737,,0.003696371373995134,0.02126340457567627,0.03512885632756679,0.042621367821940766,0.025213713880171264,0.021225624026466758,4.061793835897033,1.2510226188311435e-10,2.6653326797295216e-27,-1.5265566588595902e-16
spectral_smooth,1.200315505050112,14.8,-0.0527382048534778,-0.012499737236910224,-0.040238467616567575,,0.0036195511705432665,0.02126340457567627,0.03509435144834483,0.04252711778381524,0.025213713880171264,0.021153237641945998,4.108304445689934,1.2510226188311435e-10,1.3670691409926386e-26,3.469446951953614e-17
spectral_smooth,1.200315505050112,15.2,-0.05280830519080054,-0.011987581130358749,-0.04082072406044179,,0.003525746310725192,0.02126340457567627,0.03507064692584938,0.042433928473104454,0.025213713880171264,0.021083129632073483,4.160938071375487,1.2510226188311435e-10,6.433284538229847e-26,-8.326672684688674e-17
spectral_smooth,1.200315505050112,15.600000000000001,-0.05290566443927236,-0.01144147828804376,-0.0414641861512286,,0.0034151052643523853,0.02126340457567627,0.03505736512794844,0.04234151790813595,0.025213713880171264,0.02101504586997861,4.219761424661602,1.2510226188311435e-10,2.796113742999517e-25,-4.163336342344337e-17
spectral_smooth,1.200315505050112,16.0,-0.05302973785510989,-0.010860255960544074,-0.04216948189456582,,0.0032878049715492283,0.02126340457567627,0.0350541382509828,0.04224963942549452,0.025213713880171264,0.020948759005552424,4.284824789209982,1.2510226188311435e-10,1.1291344149624723e-24,-4.85722573273506e-17
spectral_smooth,1.200315505050112,16.400000000000002,-0.05317996022174509,-0.010242905021325965,-0.04293705520041913,,0.003144050240642466,0.02126340457567627,0.03506060588671123,0.04215807815802721,0.025213713880171264,0.02088406559807398,4.356162257976827,1.2510226188311435e-10,4.259332949442417e-24,-6.245004513516506e-17
spectral_smooth,1.200315505050112,16.8,-0.053355745309569824,-0.009588571700413329,-0.043767173609156496,,0.002984072537359543,0.02126340457567627,0.035076413271253215,0.04206664786680894,0.025213713880171264,0.020820783597255067,4.433792192465729,1.2510226188311435e-10,1.508191859968003e-23,1.1796119636642288e-16
spectral_smooth,1.200315505050112,17.2,-0.0535564863214712,-0.008896549015942223,-0.044659937305528974,,0.002808128331662974,0.02126340457567627,0.03510121007745792,0.04197518808316211,0.025213713880171264,0.020758750121848454,4.517717852738608,1.2510226188311435e-10,5.0350984804981494e-23,2.0816681711721685e-17
spectral_smooth,1.200315505050112,17.6,-0.05378155707343202,-0.008166268026559176,-0.04561528904687284,,0.002616497138574758,0.02126340457567627,0.035134649636330506,0.04188356152435878,0.025213713880171264,0.020697819493775287,4.607928154838189,1.2510226188311435e-10,1.5912513123187694e-22,0.0
spectral_smooth,1.200315505050112,18.0,-0.05403031370550099,-0.007397289014568098,-0.04663302469093289,,0.0024094793635834263,0.02126340457567627,0.035176388493408095,0.04179165175253423,0.025213713880171264,0.0206378614928134,4.704398519174222,1.2510226188311435e-10,4.777901187677101e-22,-4.85722573273506e-17
spectral_smooth,1.4407573116637051,5.2,-0.0588243119131992,-0.0202064058778631,-0.0386179060353361,,0.00013727224531010862,0.020377574606696147,0.03858400955181307,0.04536915869566015,0.024396559856963613,0.024285115753386374,4.2503753319540545,2.589191083757214e-10,8.330189082845176e-74,-9.71445146547012e-17
spectral_smooth,1.4407573116637051,5.6000000000000005,-0.057743847896619016,-0.019619907858935637,-0.03812394003768338,,0.0006080858906335955,0.020377574606696147,0.03797435918055636,0.0449578488303966,0.024396559856963613,0.023903032466293554,4.162749501249332,2.589191083757214e-10,1.3230604115910993e-68,-1.0408340855860843e-16
spectral_smooth,1.4407573116637051,6.0,-0.05678694687422314,-0.019099740677595678,-0.037687206196627465,,0.0010249641650421346,0.020377574606696147,0.03743433643256899,0.04459339829126189,0.024396559856963613,0.023564503367649186,4.087049630956008,2.589191083757214e-10,4.2536486526578224e-64,-1.3877787807814457e-16
spectral_smooth,1.4407573116637051,6.4,-0.055935093661964363,-0.018635311076692362,-0.037299782585272,,0.001395907579451248,0.020377574606696147,0.036953426634719455,0.044268628799345344,0.024396559856963613,0.023262878117502713,4.0211549941005185,2.589191083757214e-10,3.7352788856454855e-60,-1.3877787807814457e-17
spectral_smooth,1.4407573116637051,6.800000000000001,-0.05517325917598792,-0.01821766045549189,-0.03695559872049603,,0.0017273658861075144,0.020377574606696147,0.036523050455399164,0.043977628349205565,0.024396559856963613,0.02299269102296936,3.9634666434538954,2.589191083757214e-10,1.1265746972002113e-56,-1.249000902703301e-16
spectral_smooth,1.4407573116637051,7.2,-0.05448926790170311,-0.017839087655156127,-0.03665018024654698,,0.0020245098875575716,0.020377574606696147,0.03613620318256461,0.04371550326878909,0.024396559856963613,0.02274943168663676,3.912783130976311,2.589191083757214e-10,1.394606357929648e-53,7.632783294297951e-17
spectral_smooth,1.4407573116637051,7.6000000000000005,-0.05387327407232112,-0.017492848318859222,-0.0363804257534619,,0.0022914582089468122,0.020377574606696147,0.03578715767457186,0.04347817623147373,0.024396559856963613,0.0225293577086967,3.868211632173285,2.589191083757214e-10,8.156087346927414e-51,6.938893903907228e-17
spectral_smooth,1.4407573116637051,8.0,-0.05331733302826058,-0.01717292424417871,-0.03614440878408187,,0.0025314649971111313,0.020377574606696147,0.03547122341867548,0.043262225190612444,0.024396559856963613,0.02232934475473931,3.829102431460421,2.589191083757214e-10,2.5218201928829366e-48,-8.326672684688674e-17
spectral_smooth,1.4407573116637051,8.4,-0.05281505092122574,-0.016873851939597007,-0.03594119898162873,,0.0027470756294318494,0.020377574606696147,0.035184551943961306,0.04306475631860751,0.024396559856963613,0.022146767634154158,3.7949990879199804,2.589191083757214e-10,4.515457140695887e-46,-1.3183898417423734e-16
spectral_smooth,1.4407573116637051,8.8,-0.05236129749247442,-0.016590598940129708,-0.035770698552344715,,0.0029402566328306685,0.020377574606696147,0.03492397951860893,0.04288330423774805,0.024396559856963613,0.021979406278797596,3.7655993886450365,2.589191083757214e-10,5.04434015617918e-44,-1.3877787807814457e-17
spectral_smooth,1.4407573116637051,9.2,-0.051951969482887106,-0.016318477317413815,-0.03563349216547329,,0.003112504696812876,0.020377574606696147,0.03468689957300375,0.042715753744489916,0.024396559856963613,0.02182537138338218,3.7407239699974792,2.589191083757214e-10,3.738972604115703e-42,-8.326672684688674e-17
spectral_smooth,1.4407573116637051,9.600000000000001,-0.0515837949612416,-0.016053085293222857,-0.035530709668018745,,0.003264938480751665,0.020377574606696147,0.034471158835297167,0.0425602782817393,0.024396559856963613,0.02168304544494001,3.720290605272946,2.589191083757214e-10,1.935616801652016e-40,4.163336342344337e-17
spectral_smooth,1.4407573116637051,10.0,-0.05125417107790964,-0.01579026947410178,-0.03546390160380786,,0.0033983760106148686,0.020377574606696147,0.0342749724818282,0.04241529138605805,0.024396559856963613,0.021551035824123432,3.7042928551218033,2.589191083757214e-10,7.306589792677805e-39,-1.5265566588595902e-16
spectral_smooth,1.4407573116637051,10.4,-0.0509610294312392,-0.015526101747391052,-0.03543492768384815,,0.0035133998199881004,0.020377574606696147,0.03409685464453094,0.04227940815982958,0.024396559856963613,0.021428137190039432,3.692782208263575,2.589191083757214e-10,2.085778829832316e-37,-2.1510571102112408e-16
spectral_smooth,1.4407573116637051,10.8,-0.050702724465189475,-0.015256866217695564,-0.03544585824749391,,0.0036104115533966367,0.020377574606696147,0.0339355614118898,0.0421514144854681,0.024396559856963613,0.021313301302256938,3.6858531045428684,2.589191083757214e-10,4.644768934322384e-36,-1.5959455978986625e-16
spectral_smooth,1.4407573116637051,11.2,-0.05047794121303084,-0.014979052686626249,-0.03549888852640459,,0.0036896774534607786,0.020377574606696147,0.033790044059795576,0.04203024222611898,0.024396559856963613,0.02120561254756218,3.6836303944853364,2.589191083757214e-10,8.286280921066552e-35,1.0408340855860843e-16
spectral_smooth,1.4407573116637051,11.600000000000001,-0.050285619361661205,-0.014689354091445561,-0.03559626527021564,,0.003751365947052346,0.020377574606696147,0.03365941070201728,0.04191494906796402,0.024396559856963613,0.02110426800833682,3.6862588898788538,2.589191083757214e-10,1.2117631226636495e-33,-1.249000902703301e-16
spectral_smooth,1.4407573116637051,12.0,-0.05012489110862095,-0.014384666041126759,-0.03574022506749419,,0.00379557839403121,0.020377574606696147,0.033542894895955855,0.04180470197593067,0.024396559856963613,0.02100856111596835,3.6938947237588087,2.589191083757214e-10,1.4817418450504934e-32,-1.5959455978986625e-16
spectral_smooth,1.4407573116637051,12.4,-0.04999503067130645,-0.01406208714900331,-0.03593294352230314,,0.0038223739425732317,0.020377574606696147,0.03343983000718376,0.04169876347723455,0.024396559856963613,0.020917868154953383,3.7066982808513083,2.589191083757214e-10,1.5415016355369762e-31,2.220446049250313e-16
spectral_smooth,1.4407573116637051,12.8,-0.04989541361981009,-0.013718919288042364,-0.03617649433176773,,0.0038317893339585374,0.020377574606696147,0.03334962834707267,0.04159648017227083,0.024396559856963613,0.020831637046181736,3.7248284901146036,2.589191083757214e-10,1.3851978844497059e-30,1.8735013540549517e-16
spectral_smooth,1.4407573116637051,13.2,-0.04982548446367585,-0.013352667214058922,-0.03647281724961693,,0.003823854409474892,0.020377574606696147,0.03327176426645462,0.041497273013157344,0.024396559856963613,0.020749377962924545,3.7484382947651698,2.589191083757214e-10,1.0895775317434279e-29,2.0816681711721685e-17
spectral_smooth,1.4407573116637051,13.600000000000001,-0.04978473114276455,-0.012961037236597306,-0.03682369390616724,,0.0037986039890793265,0.020377574606696147,0.03320576052514779,0.041400628997140476,0.024396559856963613,0.02067065542925635,3.777671135003469,2.589191083757214e-10,7.590750842994531e-29,5.551115123125783e-17
spectral_smooth,1.4407573116637051,14.0,-0.04977266526226343,-0.012541934785713194,-0.03723073047655023,,0.0037560867140893498,0.020377574606696147,0.03315117736965645,0.04130609400318888,0.024396559856963613,0.020595081624867673,3.812658296124403,2.589191083757214e-10,4.732714426251893e-28,-1.8041124150158794e-16
spectral_smooth,1.4407573116637051,14.400000000000002,-0.04978880707729416,-0.012093460840870596,-0.037695346236423566,,0.003696371373995134,0.020377574606696147,0.03310760384459299,0.041213266561642634,0.024396559856963613,0.020522310677678006,3.853516990592847,2.589191083757214e-10,2.6653326797295216e-27,-1.5265566588595902e-16
spectral_smooth,1.4407573116637051,14.8,-0.04983267437735972,-0.011613907267930101,-0.03821876710942962,,0.0036195511705432665,0.020377574606696147,0.03307465094120687,0.04112179239350683,0.024396559856963613,0.020452033770289143,3.900349057347895,2.589191083757214e-10,1.3670691409926386e-26,3.469446951953614e-17
spectral_smooth,1.4407573116637051,15.2,-0.04990377454759404,-0.011101751161378626,-0.03880202338621541,,0.003525746310725192,0.020377574606696147,0.033051946251623,0.04103135959149736,0.024396559856963613,0.02038397492112252,3.9532401752095585,2.589191083757214e-10,6.433284538229847e-26,-8.326672684688674e-17
spectral_smooth,1.4407573116637051,15.600000000000001,-0.05000159919456104,-0.010555648319063637,-0.039445950875497404,,0.0034151052643523853,0.020377574606696147,0.03303912985221724,0.04094169434200062,0.024396559856963613,0.020317887328334984,4.012259499851431,2.589191083757214e-10,2.796113742999517e-25,-4.163336342344337e-17
spectral_smooth,1.4407573116637051,16.0,-0.05012562082080074,-0.009974425991563951,-0.04015119482923679,,0.0032878049715492283,0.020377574606696147,0.033035851185653775,0.040852557107771116,0.024396559856963613,0.02025355018603494,4.077459645370954,2.589191083757214e-10,1.1291344149624723e-24,-4.85722573273506e-17
spectral_smooth,1.4407573116637051,16.400000000000002,-0.05027529111596063,-0.009357075052345842,-0.04091821606361479,,0.003144050240642466,0.020377574606696147,0.03304176674990689,0.040763739207025,0.024396559856963613,0.020190765899242756,4.148876942046514,2.589191083757214e-10,4.259332949442417e-24,-6.245004513516506e-17
spectral_smooth,1.4407573116637051,16.8,-0.05045004050455043,-0.008702741731433206,-0.041747298773117225,,0.002984072537359543,0.020377574606696147,0.033056538435213945,0.04067505973677218,0.024396559856963613,0.02012935763746275,4.226531911427396,2.589191083757214e-10,1.508191859968003e-23,1.1796119636642288e-16
spectral_smooth,1.4407573116637051,17.2,-0.050649278652337204,-0.0080107190469621,-0.042638559605375104,,0.002808128331662974,0.020377574606696147,0.03307983237730405,0.040586362797652695,0.024396559856963613,0.020069167177430597,4.310429908484965,2.589191083757214e-10,5.0350984804981494e-23,2.0816681711721685e-17
spectral_smooth,1.4407573116637051,17.6,-0.05087239568636581,-0.007280438057579053,-0.04359195762878676,,0.002616497138574758,0.020377574606696147,0.03311131821824442,0.040497514984873924,0.024396559856963613,0.020010052994163603,4.4005618882058295,2.589191083757214e-10,1.5912513123187694e-22,0.0
spectral_smooth,1.4407573116637051,18.0,-0.051118763928618416,-0.006511459045587975,-0.04460730488303044,,0.0024094793635834263,0.020377574606696147,0.033150668685505646,0.04040840311558731,0.024396559856963613,0.01995188856632913,4.496905260778533,2.589191083757214e-10,4.777901187677101e-22,-4.85722573273506e-17
spectral_smooth,1.7293633402042616,5.2,-0.0548347985003555,-0.01907743333115558,-0.03575736516919992,,0.00013727224531010862,0.01924860205998863,0.035723468685676885,0.04334260141568921,0.02331259802859246,0.023205603301525695,3.9426102348268297,4.3023540285958006e-10,8.330189082845176e-74,-9.71445146547012e-17
spectral_smooth,1.7293633402042616,5.6000000000000005,-0.05379534011807974,-0.01849093531222812,-0.03530440480585162,,0.0006080858906335955,0.01924860205998863,0.0351548239487246,0.04294760372793497,0.02331259802859246,0.022838771945626696,3.8606357540178067,4.3023540285958006e-10,1.3230604115910993e-68,-1.0408340855860843e-16
spectral_smooth,1.7293633402042616,6.0,-0.05287476168321659,-0.01797076813088816,-0.03490399355232843,,0.0010249641650421346,0.01924860205998863,0.034651123788269955,0.042597607157265356,0.02331259802859246,0.022513756270984207,3.789912157414312,4.3023540285958006e-10,4.2536486526578224e-64,-1.3877787807814457e-16
spectral_smooth,1.7293633402042616,6.4,-0.05205525535874722,-0.017506338529984844,-0.03454891682876238,,0.001395907579451248,0.01924860205998863,0.03420256087820983,0.04228571824740731,0.02331259802859246,0.02222417146394087,3.728428222407251,4.3023540285958006e-10,3.7352788856454855e-60,-1.3877787807814457e-17
spectral_smooth,1.7293633402042616,6.800000000000001,-0.051322369287578384,-0.017088687908784372,-0.03423368137879401,,0.0017273658861075144,0.01924860205998863,0.033801133113697146,0.042006259661962614,0.02331259802859246,0.021964770097445543,3.6746723718321124,4.3023540285958006e-10,1.1265746972002113e-56,-1.249000902703301e-16
spectral_smooth,1.7293633402042616,7.2,-0.05066439932642458,-0.01671011510844861,-0.03395428421797597,,0.0020245098875575716,0.01924860205998863,0.0334403071539936,0.04175453208592352,0.02331259802859246,0.021731221938315722,3.6275133538593836,4.3023540285958006e-10,1.394606357929648e-53,7.632783294297951e-17
spectral_smooth,1.7293633402042616,7.6000000000000005,-0.0500718852005787,-0.016363875772151704,-0.033708009428427,,0.0022914582089468122,0.01924860205998863,0.03311474134953696,0.0415266202523596,0.02331259802859246,0.021519934127594502,3.586115097739433,4.3023540285958006e-10,8.156087346927414e-51,6.938893903907228e-17
spectral_smooth,1.7293633402042616,8.0,-0.04953719805995027,-0.016043951697471193,-0.03349324636247908,,0.0025314649971111313,0.01924860205998863,0.032820060997072686,0.041319238263933994,0.02331259802859246,0.021327907232996678,3.5498740324662976,4.3023540285958006e-10,2.5218201928829366e-48,-8.326672684688674e-17
spectral_smooth,1.7293633402042616,8.4,-0.049054203257161144,-0.015744879392889488,-0.033309323864271656,,0.0027470756294318494,0.01924860205998863,0.03255267682660423,0.04112960756607364,0.02331259802859246,0.021152621072254244,3.518371426818707,4.3023540285958006e-10,4.515457140695887e-46,-1.3183898417423734e-16
spectral_smooth,1.7293633402042616,8.8,-0.04861798368871262,-0.01546162639342219,-0.03315635729529043,,0.0029402566328306685,0.01924860205998863,0.03230963826155464,0.040955361126070004,0.02331259802859246,0.020991944441283845,3.491336029454295,4.3023540285958006e-10,5.04434015617918e-44,-1.3877787807814457e-17
spectral_smooth,1.7293633402042616,9.2,-0.04822461176685228,-0.015189504770706297,-0.03303510699614598,,0.003112504696812876,0.01924860205998863,0.03208851440367644,0.040794468250734475,0.02331259802859246,0.020844063718166363,3.4686140123396663,4.3023540285958006e-10,3.738972604115703e-42,-8.326672684688674e-17
spectral_smooth,1.7293633402042616,9.600000000000001,-0.047870960714532396,-0.014924112746515339,-0.03294684796801706,,0.003264938480751665,0.01924860205998863,0.03188729713529548,0.04064517548635736,0.02331259802859246,0.020707426250869288,3.450144304577907,4.3023540285958006e-10,1.935616801652016e-40,4.163336342344337e-17
spectral_smooth,1.7293633402042616,10.0,-0.04755454800791259,-0.014661296927394263,-0.032893251080518326,,0.0033983760106148686,0.01924860205998863,0.03170432195853867,0.04050595997840697,0.02331259802859246,0.020580695286664483,3.4359380773257753,4.3023540285958006e-10,7.306589792677805e-39,-1.5265566588595902e-16
spectral_smooth,1.7293633402042616,10.4,-0.04727340540064434,-0.014397129200683534,-0.03287627619996081,,0.0035133998199881004,0.01924860205998863,0.031538203160643596,0.04037549245872087,0.02331259802859246,0.020462713910561713,3.426061554618038,4.3023540285958006e-10,2.085778829832316e-37,-2.1510571102112408e-16
spectral_smooth,1.7293633402042616,10.8,-0.04702597114170365,-0.014127893670988045,-0.0328980774707156,,0.0036104115533966367,0.01924860205998863,0.031387780635111495,0.04025260766835681,0.02331259802859246,0.020352476028317208,3.4206215773584865,4.3023540285958006e-10,4.644768934322384e-36,-1.5959455978986625e-16
spectral_smooth,1.7293633402042616,11.2,-0.04681100085413148,-0.01385008013991873,-0.03296092071421275,,0.0036896774534607786,0.01924860205998863,0.03125207624760373,0.040136280530554354,0.02331259802859246,0.02024910287492192,3.4197535012419777,4.3023540285958006e-10,8.286280921066552e-35,1.0408340855860843e-16
spectral_smooth,1.7293633402042616,11.600000000000001,-0.04662749417104195,-0.013560381544738043,-0.03306711262630391,,0.003751365947052346,0.01924860205998863,0.031130258058105542,0.040025606782495234,0.02331259802859246,0.020151823874369902,3.423611103533305,4.3023540285958006e-10,1.2117631226636495e-33,-1.249000902703301e-16
spectral_smooth,1.7293633402042616,12.0,-0.046474634699342765,-0.01325569349441924,-0.033218941204923524,,0.00379557839403121,0.01924860205998863,0.031021611033385188,0.03991978707855927,0.02331259802859246,0.020059960941953135,3.432358232945846,4.3023540285958006e-10,1.4817418450504934e-32,-1.5959455978986625e-16
spectral_smooth,1.7293633402042616,12.4,-0.04635174125088132,-0.012933114602295792,-0.033418626648585525,,0.0038223739425732317,0.01924860205998863,0.030925513133466143,0.03981811381069148,0.02331259802859246,0.019972915524069268,3.4461619761673896,4.3023540285958006e-10,1.5415016355369762e-31,2.220446049250313e-16
spectral_smooth,1.7293633402042616,12.8,-0.04625822857842843,-0.012589946741334845,-0.03366828183709358,,0.0038317893339585374,0.01924860205998863,0.030841415852398524,0.039719960069176996,0.02331259802859246,0.019890157826828528,3.465187142626037,4.3023540285958006e-10,1.3851978844497059e-30,1.8735013540549517e-16
spectral_smooth,1.7293633402042616,13.2,-0.04619357610139274,-0.012223694667351404,-0.03396988143404134,,0.003823854409474892,0.01924860205998863,0.030768828450879027,0.03962477030227921,0.02331259802859246,0.019811217804770555,3.4895918908840686,4.3023540285958006e-10,1.0895775317434279e-29,2.0816681711721685e-17
spectral_smooth,1.7293633402042616,13.600000000000001,-0.04615730331686313,-0.011832064689889787,-0.03432523862697334,,0.0037986039890793265,0.01924860205998863,0.030707305245953886,0.039532052335837294,0.02331259802859246,0.01973567757335666,3.5195243383582886,4.3023540285958006e-10,7.590750842994531e-29,5.551115123125783e-17
spectral_smooth,1.7293633402042616,14.0,-0.046148950773875264,-0.011412962239005675,-0.03473598853486959,,0.0037560867140893498,0.01924860205998863,0.030656435427975803,0.03944137049180023,0.02331259802859246,0.019663164980159527,3.5551200123369995,4.3023540285958006e-10,4.732714426251893e-28,-1.8041124150158794e-16
spectral_smooth,1.7293633402042616,14.400000000000002,-0.04616806564797893,-0.010964488294163077,-0.03520357735381585,,0.003696371373995134,0.01924860205998863,0.030615834961985278,0.03935233960376979,0.02331259802859246,0.01959334812482975,3.596500015202162,4.3023540285958006e-10,2.6653326797295216e-27,-1.5265566588595902e-16
spectral_smooth,1.7293633402042616,14.8,-0.04621419109277192,-0.010484934721222583,-0.035729256371549334,,0.0036195511705432665,0.01924860205998863,0.03058514020332659,0.03926461977249451,0.02331259802859246,0.01952593066076757,3.6437697906767075,4.3023540285958006e-10,1.3670691409926386e-26,3.469446951953614e-17
spectral_smooth,1.7293633402042616,15.2,-0.04628685866744592,-0.009972778614671107,-0.03631408005277481,,0.003525746310725192,0.01924860205998863,0.030564002918182398,0.03917791173837062,0.02331259802859246,0.0194606477448444,3.6970183909003174,4.3023540285958006e-10,6.433284538229847e-26,-8.326672684688674e-17
spectral_smooth,1.7293633402042616,15.600000000000001,-0.04638558324651321,-0.009426675772356119,-0.03695890747415709,,0.0034151052643523853,0.01924860205998863,0.030552086450876925,0.03909195277399537,0.02331259802859246,0.01939726252768555,3.7563181562128634,4.3023540285958006e-10,2.796113742999517e-25,-4.163336342344337e-17
spectral_smooth,1.7293633402042616,16.0,-0.04650985991127643,-0.008845453444856433,-0.03766440646642,,0.0032878049715492283,0.01924860205998863,0.03054906282283698,0.03900651301967043,0.02331259802859246,0.0193355630976018,3.8217247306723525,4.3023540285958006e-10,1.1291344149624723e-24,-4.85722573273506e-17
spectral_smooth,1.7293633402042616,16.400000000000002,-0.04665916240365453,-0.008228102505638324,-0.03843105989801621,,0.003144050240642466,0.01924860205998863,0.030554610584308306,0.0389213921999689,0.02331259802859246,0.019275359807508417,3.893277346543318,4.3023540285958006e-10,4.259332949442417e-24,-6.245004513516506e-17
spectral_smooth,1.7293633402042616,16.8,-0.04683294279301137,-0.007573769184725687,-0.03925917360828568,,0.002984072537359543,0.01924860205998863,0.0305684132703824,0.038836416671191934,0.02331259802859246,0.019216482927062736,3.970999320261459,4.3023540285958006e-10,1.508191859968003e-23,1.1796119636642288e-16
spectral_smooth,1.7293633402042616,17.2,-0.047030632066789424,-0.006881746500254582,-0.04014888556653484,,0.002808128331662974,0.01924860205998863,0.03059015833846379,0.03875143675860046,0.02331259802859246,0.019158780572525336,4.054898710724732,4.3023540285958006e-10,5.0350984804981494e-23,2.0816681711721685e-17
spectral_smooth,1.7293633402042616,17.6,-0.047251641407184075,-0.006151465510871534,-0.04110017589631254,,0.002616497138574758,0.01924860205998863,0.030619536485770205,0.03866632434935711,0.02331259802859246,0.019102116875075903,4.144969098215752,4.3023540285958006e-10,1.5912513123187694e-22,0.0
spectral_smooth,1.7293633402042616,18.0,-0.04749536395984294,-0.005382486498880457,-0.04211287746096248,,0.0024094793635834263,0.01924860205998863,0.03065624126343769,0.03858097071263736,0.02331259802859246,0.01904637035493206,4.2411904488678065,4.3023540285958006e-10,4.777901187677101e-22,-4.85722573273506e-17
spectral_smooth,2.075781631112427,5.2,-0.05000834771403079,-0.017678554601441687,-0.0323297931125891,,0.00013727224531010862,0.017849723330274736,0.03229589662906607,0.04072054885137119,0.02190845299531957,0.021807366035633408,3.5729515151327886,9.4254337668076e-10,8.330189082845176e-74,-9.71445146547012e-17
spectral_smooth,2.075781631112427,5.6000000000000005,-0.04901977888789144,-0.017092056582514226,-0.031927722305377215,,0.0006080858906335955,0.017849723330274736,0.0317781414482502,0.04034724976889772,0.02190845299531957,0.021460790881335526,3.4979875266540468,9.4254337668076e-10,1.3230604115910993e-68,-1.0408340855860843e-16
spectral_smooth,2.075781631112427,6.0,-0.04814427851322778,-0.016571889401174267,-0.03157238911205351,,0.0010249641650421346,0.017849723330274736,0.03131951934799504,0.040016479935679534,0.02190845299531957,0.021153722458060763,3.433437067891589,9.4254337668076e-10,4.2536486526578224e-64,-1.3877787807814457e-16
spectral_smooth,2.075781631112427,6.4,-0.04736491684867894,-0.01610745980027095,-0.03125745704840799,,0.001395907579451248,0.017849723330274736,0.030911101097855442,0.039721724724141046,0.02190845299531957,0.020880128580485515,3.3774247642200326,9.4254337668076e-10,3.7352788856454855e-60,-1.3877787807814457e-17
spectral_smooth,2.075781631112427,6.800000000000001,-0.04666795876707297,-0.01568980917907048,-0.03097814958800249,,0.0017273658861075144,0.017849723330274736,0.030545601322905624,0.03945761889052558,0.02190845299531957,0.020635051673887725,3.328547446727756,9.4254337668076e-10,1.1265746972002113e-56,-1.249000902703301e-16
spectral_smooth,2.075781631112427,7.2,-0.04604228561778273,-0.015311236378734716,-0.030731049239048014,,0.0020245098875575716,0.017849723330274736,0.03021707217506564,0.039219721565030036,0.02190845299531957,0.0204144007441799,3.2857609847205613,9.4254337668076e-10,1.394606357929648e-53,7.632783294297951e-17
spectral_smooth,2.075781631112427,7.6000000000000005,-0.045478916179270246,-0.014964997042437811,-0.030513919136832435,,0.0022914582089468122,0.017849723330274736,0.029920651057942393,0.03900433293835072,0.02190845299531957,0.020214781489603168,3.2482997695047935,9.4254337668076e-10,8.156087346927414e-51,6.938893903907228e-17
spectral_smooth,2.075781631112427,8.0,-0.04497061431357796,-0.0146450729677573,-0.03032554134582066,,0.0025314649971111313,0.017849723330274736,0.02965235598041427,0.03880834807944727,0.02190845299531957,0.020033360301534804,3.215617546679032,9.4254337668076e-10,2.5218201928829366e-48,-8.326672684688674e-17
spectral_smooth,2.075781631112427,8.4,-0.044511567959727216,-0.014346000663175595,-0.03016556729655162,,0.0027470756294318494,0.017849723330274736,0.029408920258884197,0.038629141606742065,0.02190845299531957,0.019867756390320665,3.187342451835824,9.4254337668076e-10,4.515457140695887e-46,-1.3183898417423734e-16
spectral_smooth,2.075781631112427,8.8,-0.04409712556753309,-0.014062747663708297,-0.030034377903824794,,0.0029402566328306685,0.017849723330274736,0.029187658870089006,0.03846447712198992,0.02190845299531957,0.019715956494349453,3.1632417411064373,9.4254337668076e-10,5.04434015617918e-44,-1.3877787807814457e-17
spectral_smooth,2.075781631112427,9.2,-0.043723578674278396,-0.013790626040992404,-0.029932952633285992,,0.003112504696812876,0.017849723330274736,0.02898636004081645,0.03831243614632599,0.02190845299531957,0.019576247421506904,3.143193372469821,9.4254337668076e-10,3.738972604115703e-42,-8.326672684688674e-17
spectral_smooth,2.075781631112427,9.600000000000001,-0.043387981822367194,-0.013525234016801446,-0.029862747805565748,,0.003264938480751665,0.017849723330274736,0.02880319697284417,0.03817136225358033,0.02190845299531957,0.01944716255735111,3.1271626348982564,9.4254337668076e-10,1.935616801652016e-40,4.85722573273506e-17
spectral_smooth,2.075781631112427,10.0,-0.043088003037783484,-0.01326241819768037,-0.029825584840103114,,0.0033983760106148686,0.017849723330274736,0.02863665571812346,0.03803981697823011,0.02190845299531957,0.01932743927738576,3.115182665987115,9.4254337668076e-10,7.306589792677805e-39,-1.5265566588595902e-16
spectral_smooth,2.075781631112427,10.4,-0.042821799611442,-0.012998250470969641,-0.02982354914047236,,0.0035133998199881004,0.017849723330274736,0.02848547610115515,0.03791654482209184,0.02190845299531957,0.01921598487093235,3.1073380916527134,9.4254337668076e-10,2.085778829832316e-37,-2.1510571102112408e-16
spectral_smooth,2.075781631112427,10.8,-0.04258791503598197,-0.012729014941274153,-0.02985890009470782,,0.0036104115533966367,0.017849723330274736,0.02834860325910371,0.03780044528890491,0.02190845299531957,0.01911184912088383,3.103751258927024,9.4254337668076e-10,4.644768934322384e-36,-1.5959455978986625e-16
spectral_smooth,2.075781631112427,11.2,-0.04238519375536831,-0.012451201410204837,-0.029933992345163474,,0.0036896774534607786,0.017849723330274736,0.028225147878554457,0.03769055035425415,0.02190845299531957,0.01901420210430051,3.1045706756788904,9.4254337668076e-10,8.286280921066552e-35,1.0408340855860843e-16
spectral_smooth,2.075781631112427,11.600000000000001,-0.042212710975240486,-0.01216150281502415,-0.030051208160216336,,0.003751365947052346,0.017849723330274736,0.02811435359201797,0.03758600615070684,0.02190845299531957,0.018922316104594435,3.1099613575304623,9.4254337668076e-10,1.2117631226636495e-33,-1.249000902703301e-16
spectral_smooth,2.075781631112427,12.0,-0.04206971522669534,-0.011856814764705348,-0.03021290046198999,,0.00379557839403121,0.017849723330274736,0.028015570290451652,0.037486057935224804,0.02190845299531957,0.01883555077678371,3.1200968359048766,9.4254337668076e-10,1.4817418450504934e-32,-1.5959455978986625e-16
spectral_smooth,2.075781631112427,12.4,-0.041955581722793844,-0.0115342358725819,-0.030421345850211945,,0.0038223739425732317,0.017849723330274736,0.027928232335092562,0.03739003762594146,0.02190845299531957,0.01875334089974695,3.135152616251694,9.4254337668076e-10,1.5415016355369762e-31,2.220446049250313e-16
spectral_smooth,2.075781631112427,12.8,-0.04186977482695531,-0.011191068011620953,-0.030678706815334356,,0.0038317893339585374,0.017849723330274736,0.027851840830639296,0.03729735336324483,0.02190845299531957,0.01867518619704754,3.155300900374224,9.4254337668076e-10,1.3851978844497059e-30,1.8735013540549517e-16
spectral_smooth,2.075781631112427,13.2,-0.041811818185709115,-0.01082481593763751,-0.030987002248071605,,0.003823854409474892,0.017849723330274736,0.027785949264909293,0.03720748067779462,0.02190845299531957,0.0186006428212737,3.180706406152899,9.4254337668076e-10,1.0895775317434279e-29,2.0816681711721685e-17
spectral_smooth,2.075781631112427,13.600000000000001,-0.041781271277494814,-0.010433185960175895,-0.03134808531731892,,0.0037986039890793265,0.017849723330274736,0.027730151936299463,0.03711995494507342,0.02190845299531957,0.018529316184082423,3.211523134380244,9.4254337668076e-10,7.590750842994531e-29,5.551115123125783e-17
spectral_smooth,2.075781631112427,14.0,-0.04177771130211827,-0.010014083509291782,-0.03176362779282649,,0.0037560867140893498,0.017849723330274736,0.027684074685932702,0.03703436487965859,0.02190845299531957,0.018460854881450165,3.2478919472061616,9.4254337668076e-10,4.732714426251893e-28,-1.8041124150158794e-16
spectral_smooth,2.075781631112427,14.400000000000002,-0.04180071948690556,-0.009565609564449185,-0.03223510992245637,,0.003696371373995134,0.017849723330274736,0.0276473675306258,0.03695034687824358,0.02190845299531957,0.01839494551574167,3.289938836443201,9.4254337668076e-10,2.6653326797295216e-27,-1.5265566588595902e-16
spectral_smooth,2.075781631112427,14.8,-0.04184987101873605,-0.00908605599150869,-0.03276381502722736,,0.0036195511705432665,0.017849723330274736,0.027619698859004616,0.03686758006284216,0.02190845299531957,0.018331308256691728,3.3377737729356327,9.4254337668076e-10,1.3670691409926386e-26,3.469446951953614e-17
spectral_smooth,2.075781631112427,15.2,-0.041924727928151884,-0.008573899884957215,-0.03335082804319467,,0.003525746310725192,0.017849723330274736,0.027600750908602256,0.03678578190785455,0.02190845299531957,0.018269693014967798,3.3914900404047117,9.4254337668076e-10,6.433284538229847e-26,-8.326672684688674e-17
spectral_smooth,2.075781631112427,15.600000000000001,-0.04202483435433324,-0.008027797042642226,-0.033997037311691014,,0.0034151052643523853,0.017849723330274736,0.02759021628841085,0.03670470435924443,0.02190845299531957,0.018209876126707155,3.451163968621936,9.4254337668076e-10,2.796113742999517e-25,-4.163336342344337e-17
spectral_smooth,2.075781631112427,16.0,-0.042149713709364045,-0.00744657471514254,-0.034703138994221505,,0.0032878049715492283,0.017849723330274736,0.02758779535063849,0.03662413037284681,0.02190845299531957,0.018151657466866627,3.5168549913917913,9.4254337668076e-10,1.1291344149624723e-24,-4.85722573273506e-17
spectral_smooth,2.075781631112427,16.400000000000002,-0.04229886733806543,-0.006829223775924431,-0.035469643562140996,,0.003144050240642466,0.017849723330274736,0.027593194248433095,0.03654387081321893,0.02190845299531957,0.018094857924581532,3.588605964603883,9.4254337668076e-10,4.259332949442417e-24,-6.245004513516506e-17
spectral_smooth,2.075781631112427,16.8,-0.04247177433705046,-0.0061748904550117945,-0.036296883882038666,,0.002984072537359543,0.017849723330274736,0.027606123544135386,0.03646376166552535,0.02190845299531957,0.018039317185915914,3.666443688531318,9.4254337668076e-10,1.508191859968003e-23,1.1796119636642288e-16
spectral_smooth,2.075781631112427,17.2,-0.04266789225456841,-0.005482867770540689,-0.03718502448402772,,0.002808128331662974,0.017849723330274736,0.027626297255956667,0.03638366152152171,0.02190845299531957,0.01798489177909765,3.75037958660359,9.4254337668076e-10,5.0350984804981494e-23,2.0816681711721685e-17
spectral_smooth,2.075781631112427,17.6,-0.042886658442261805,-0.004752586781157642,-0.03813407166110416,,0.002616497138574758,0.017849723330274736,0.027653432250561827,0.03630344930737445,0.02190845299531957,0.01793145334510844,3.8404105000942663,9.4254337668076e-10,1.5912513123187694e-22,0.0
spectral_smooth,2.075781631112427,18.0,-0.04312749187213555,-0.003983607769166564,-0.039143884102968984,,0.0024094793635834263,0.017849723330274736,0.02768724790544419,0.0362230222262837,0.02190845299531957,0.017878887102754676,3.936519564570046,9.4254337668076e-10,4.777901187677101e-22,-4.85722573273506e-17
spectral_smooth,2.4915928769224576,5.2,-0.044385702575959474,-0.01600046184680587,-0.028385240729153605,,0.00013727224531010862,0.016171630575638918,0.028351344245630572,0.03742246635988578,0.020140367483720986,0.020046887202786377,3.146225262277012,1.6877782504920447e-09,8.330189082845176e-74,-9.71445146547012e-17
spectral_smooth,2.4915928769224576,5.6000000000000005,-0.0434574084233782,-0.015413963827878407,-0.02804344459549979,,0.0006080858906335955,0.016171630575638918,0.02789386373837277,0.03707714263527175,0.020140367483720986,0.019726391893703923,3.079593813619236,1.6877782504920447e-09,1.3230604115910993e-68,-1.0408340855860843e-16
spectral_smooth,2.4915928769224576,6.0,-0.04263529966310964,-0.014893796646538449,-0.02774150301657119,,0.0010249641650421346,0.016171630575638918,0.027488633252512717,0.03677116118647051,0.020140367483720986,0.01944243051461648,3.022380245766093,1.6877782504920447e-09,4.2536486526578224e-64,-1.3877787807814457e-16
spectral_smooth,2.4915928769224576,6.4,-0.041903486735677564,-0.014429367045635133,-0.02747411969004243,,0.001395907579451248,0.016171630575638918,0.027127763739489885,0.03649849574804965,0.020140367483720986,0.01918942486754594,2.972870829092292,1.6877782504920447e-09,3.7352788856454855e-60,-6.938893903907228e-18
spectral_smooth,2.4915928769224576,6.800000000000001,-0.04124908364050672,-0.014011716424434661,-0.02723736721607206,,0.0017273658861075144,0.016171630575638918,0.026804818950975196,0.0362541833737854,0.020140367483720986,0.018962790530921245,2.929791374907716,1.6877782504920447e-09,1.1265746972002113e-56,-1.249000902703301e-16
spectral_smooth,2.4915928769224576,7.2,-0.04066166549233646,-0.013633143624098898,-0.027028521868237565,,0.0020245098875575716,0.016171630575638918,0.02651454480425519,0.03603411629846909,0.020140367483720986,0.018758744487855628,2.8922014038251302,1.6877782504920447e-09,1.394606357929648e-53,7.632783294297951e-17
spectral_smooth,2.4915928769224576,7.6000000000000005,-0.04013281884932873,-0.013286904287801993,-0.02684591456152674,,0.0022914582089468122,0.016171630575638918,0.0262526464826367,0.035834872366442595,0.020140367483720986,0.018574148023815344,2.8594191441500687,1.6877782504920447e-09,8.156087346927414e-51,6.938893903907228e-17
spectral_smooth,2.4915928769224576,8.0,-0.03965577317222657,-0.012966980213121482,-0.02668879295910509,,0.0025314649971111313,0.016171630575638918,0.026015607593698697,0.03565357980358599,0.020140367483720986,0.01840638096105049,2.8309665485745277,1.6877782504920447e-09,2.5218201928829366e-48,-8.326672684688674e-17
spectral_smooth,2.4915928769224576,8.4,-0.03922509901866622,-0.012667907908539777,-0.026557191110126444,,0.0027470756294318494,0.016171630575638918,0.02580054407245902,0.035487810525907645,0.020140367483720986,0.01825324189964977,2.806527538495261,1.6877782504920447e-09,4.515457140695887e-46,-1.3183898417423734e-16
spectral_smooth,2.4915928769224576,8.8,-0.03883645997573271,-0.012384654909072479,-0.026451805066660228,,0.0029402566328306685,0.016171630575638918,0.02560508603292444,0.035335496351309725,0.020140367483720986,0.01811286934083801,2.7859152215418463,1.6877782504920447e-09,5.04434015617918e-44,-1.3877787807814457e-17
spectral_smooth,2.4915928769224576,9.2,-0.038486407786120724,-0.012112533286356586,-0.02637387449976414,,0.003112504696812876,0.016171630575638918,0.025427281907294597,0.03519486324933534,0.020140367483720986,0.017983679299616875,2.76904542048029,1.6877782504920447e-09,3.738972604115703e-42,-8.326672684688674e-17
spectral_smooth,2.4915928769224576,9.600000000000001,-0.038172212466043576,-0.011847141262165628,-0.026325071203877948,,0.003264938480751665,0.016171630575638918,0.02526552037115637,0.03506437964767069,0.020140367483720986,0.017864315832440754,2.7559148418686865,1.6877782504920447e-09,1.935616801652016e-40,4.85722573273506e-17
spectral_smooth,2.4915928769224576,10.0,-0.037891721103920584,-0.011584325443044552,-0.026307395660876032,,0.0033983760106148686,0.016171630575638918,0.025118466538896378,0.03494271563022409,0.020140367483720986,0.01775361164817681,2.7465828205180487,1.6877782504920447e-09,7.306589792677805e-39,-1.5265566588595902e-16
spectral_smooth,2.4915928769224576,10.4,-0.03764324044732642,-0.011320157716333823,-0.026323082730992597,,0.0035133998199881004,0.016171630575638918,0.024985009691675386,0.03482871055219937,0.020140367483720986,0.017650556590221397,2.7411559434486232,1.6877782504920447e-09,2.085778829832316e-37,-2.1510571102112408e-16
spectral_smooth,2.4915928769224576,10.8,-0.0374254394165065,-0.011050922186638334,-0.026374517229868166,,0.0036104115533966367,0.016171630575638918,0.02486422039426406,0.034721347157098674,0.020140367483720986,0.0175542722739519,2.739775076566801,1.6877782504920447e-09,4.644768934322384e-36,-1.5959455978986625e-16
spectral_smooth,2.4915928769224576,11.2,-0.037237268427291914,-0.01077310865556902,-0.026464159771722895,,0.0036896774534607786,0.016171630575638918,0.02475531530511388,0.03461973072286163,0.020140367483720986,0.01746399155263831,2.7426044473112987,1.6877782504920447e-09,8.286280921066552e-35,1.0408340855860843e-16
spectral_smooth,2.4915928769224576,11.600000000000001,-0.037077892951126734,-0.010483410060388332,-0.026594482890738402,,0.003751365947052346,0.016171630575638918,0.024657628322540037,0.03452307210871016,0.020140367483720986,0.017379041786142083,2.74982251373236,1.6877782504920447e-09,1.2117631226636495e-33,-1.249000902703301e-16
spectral_smooth,2.4915928769224576,12.0,-0.03694663914983187,-0.01017872201006953,-0.026767917139762343,,0.00379557839403121,0.016171630575638918,0.024570586968224006,0.0344306738398059,0.020140367483720986,0.017298831118542763,2.7616143973934806,1.6877782504920447e-09,1.4817418450504934e-32,-1.5959455978986625e-16
spectral_smooth,2.4915928769224576,12.4,-0.03684294974233987,-0.009856143117946081,-0.02698680662439379,,0.0038223739425732317,0.016171630575638918,0.024493693109274406,0.03434191857026987,0.020140367483720986,0.017222837148758222,2.778165687584105,1.6877782504920447e-09,1.5415016355369762e-31,2.220446049250313e-16
spectral_smooth,2.4915928769224576,12.8,-0.03676634851937999,-0.009512975256985134,-0.027253373262394853,,0.0038317893339585374,0.016171630575638918,0.024426507277699794,0.03425625942031593,0.020140367483720986,0.017150597514723486,2.799657445434682,1.6877782504920447e-09,1.3851978844497059e-30,1.8735013540549517e-16
spectral_smooth,2.4915928769224576,13.2,-0.03671641213851262,-0.009146723183001693,-0.02756968895551093,,0.003823854409474892,0.016171630575638918,0.024368635972348618,0.03417321180131963,0.020140367483720986,0.017081702016517035,2.8262622529980757,1.6877782504920447e-09,1.0895775317434279e-29,2.0816681711721685e-17
spectral_smooth,2.4915928769224576,13.600000000000001,-0.03669274801752781,-0.008755093205540077,-0.027937654811987733,,0.0037986039890793265,0.016171630575638918,0.024319721430968277,0.034092346432317754,0.020140367483720986,0.0170157859844874,2.8581411665336267,1.6877782504920447e-09,7.590750842994531e-29,5.551115123125783e-17
spectral_smooth,2.4915928769224576,14.0,-0.03669497730599447,-0.008335990754655964,-0.028358986551338505,,0.0037560867140893498,0.016171630575638918,0.02427943344444472,0.03401328331948928,0.020140367483720986,0.016952524660674755,2.895441446238536,1.6877782504920447e-09,4.732714426251893e-28,-1.8041124150158794e-16
spectral_smooth,2.4915928769224576,14.400000000000002,-0.036722722057003554,-0.007887516809813366,-0.028835205247190188,,0.003696371373995134,0.016171630575638918,0.024247462855359614,0.033935686521818456,0.020140367483720986,0.016891628410007038,2.9382949470093895,1.6877782504920447e-09,2.6653326797295216e-27,-1.5265566588595902e-16
spectral_smooth,2.4915928769224576,14.8,-0.036775595846655906,-0.007407963236872872,-0.029367632609783034,,0.0036195511705432665,0.016171630575638918,0.02422351644156029,0.033859259565368206,0.020140367483720986,0.016832838615186946,2.9868170666328497,1.6877782504920447e-09,1.3670691409926386e-26,3.469446951953614e-17
spectral_smooth,2.4915928769224576,15.2,-0.036853197199494814,-0.006895807130321396,-0.029957390069173417,,0.003525746310725192,0.016171630575638918,0.024207312934581005,0.03378374139842633,0.020140367483720986,0.01677592413838614,3.041106159090509,1.6877782504920447e-09,6.433284538229847e-26,-8.326672684688674e-17
spectral_smooth,2.4915928769224576,15.600000000000001,-0.036955105275350175,-0.006349704288006408,-0.030605400987343767,,0.0034151052643523853,0.016171630575638918,0.024198579964063605,0.033708902802523734,0.020140367483720986,0.016720678255731713,3.1012433313498025,1.6877782504920447e-09,2.796113742999517e-25,-4.163336342344337e-17
spectral_smooth,2.4915928769224576,16.0,-0.03708087735822063,-0.005768481960506722,-0.03131239539771391,,0.0032878049715492283,0.016171630575638918,0.024197051754130894,0.03363454319169897,0.020140367483720986,0.0166669159885558,3.167292552024558,1.6877782504920447e-09,1.1291344149624723e-24,-4.85722573273506e-17
spectral_smooth,2.4915928769224576,16.400000000000002,-0.03723004776193384,-0.005151131021288613,-0.032078916740645225,,0.003144050240642466,0.016171630575638918,0.024202467426937324,0.033560487745707766,0.020140367483720986,0.016614471769587056,3.239301009560185,1.6877782504920447e-09,4.259332949442417e-24,-6.245004513516506e-17
spectral_smooth,2.4915928769224576,16.8,-0.03740212783154212,-0.004496797700375976,-0.032905330131166144,,0.002984072537359543,0.016171630575638918,0.024214569793262863,0.03348658483313639,0.020140367483720986,0.016563197393536254,3.317299666095043,1.6877782504920447e-09,1.508191859968003e-23,1.1796119636642288e-16
spectral_smooth,2.4915928769224576,17.2,-0.03759660677469817,-0.003804775015904871,-0.0337918317587933,,0.002808128331662974,0.016171630575638918,0.02423310453072225,0.03341270368831997,0.020140367483720986,0.016512960210513846,3.4013039608555213,1.6877782504920447e-09,5.0350984804981494e-23,2.0816681711721685e-17
spectral_smooth,2.4915928769224576,17.6,-0.03781295310459498,-0.0030744940265218235,-0.03473845907807316,,0.002616497138574758,0.016171630575638918,0.024257819667530822,0.033338732312149934,0.020140367483720986,0.016463641527913523,3.491314623867099,1.6877782504920447e-09,1.5912513123187694e-22,0.0
spectral_smooth,2.4915928769224576,18.0,-0.03805061651637781,-0.0023055150145307457,-0.035745101501847065,,0.0024094793635834263,0.016171630575638918,0.02428846530432227,0.033264575571702676,0.020140367483720986,0.01641513519218506,3.5873185669320997,1.6877782504920447e-09,4.777901187677101e-22,-4.85722573273506e-17
spectral_smooth,2.990697562442441,5.2,-0.03810916764829303,-0.014059243482422878,-0.02404992416587015,,0.00013727224531010862,0.014230412211255927,0.02401602768234712,0.03340847439352871,0.01798645600410375,0.017902419433724812,2.675362483556686,2.7472266683759017e-09,8.330189082845176e-74,-9.020562075079397e-17
spectral_smooth,2.990697562442441,5.6000000000000005,-0.037248605327101725,-0.013472745463495417,-0.023775859863606308,,0.0006080858906335955,0.014230412211255927,0.02362627900647929,0.03309792128495184,0.01798645600410375,0.017614301744289913,2.6181707267801917,2.7472266683759017e-09,1.3230604115910993e-68,-1.0408340855860843e-16
spectral_smooth,2.990697562442441,6.0,-0.036486493716334056,-0.012952578282155458,-0.0235339154341786,,0.0010249641650421346,0.014230412211255927,0.023281045670120126,0.0328227492868751,0.01798645600410375,0.017359027280046964,2.5692678481204507,2.7472266683759017e-09,4.2536486526578224e-64,-1.3877787807814457e-16
spectral_smooth,2.990697562442441,6.4,-0.0358081120912932,-0.012488148681252143,-0.023319963410041056,,0.001395907579451248,0.014230412211255927,0.02297360745948851,0.03257753906798169,0.01798645600410375,0.017131581437333104,2.5271236641486703,2.7472266683759017e-09,3.7352788856454855e-60,-6.938893903907228e-18
spectral_smooth,2.990697562442441,6.800000000000001,-0.03520152857701209,-0.012070498060051671,-0.023131030516960416,,0.0017273658861075144,0.014230412211255927,0.02269848225186355,0.032357827621705776,0.01798645600410375,0.01692784302433008,2.4906103761085663,2.7472266683759017e-09,1.1265746972002113e-56,-1.249000902703301e-16
spectral_smooth,2.990697562442441,7.2,-0.03465709781398835,-0.011691925259715907,-0.02296517255427244,,0.0020245098875575716,0.014230412211255927,0.022451195490290066,0.03215992109467296,0.01798645600410375,0.016744411327386556,2.4589051062566316,2.7472266683759017e-09,1.394606357929648e-53,7.632783294297951e-17
spectral_smooth,2.990697562442441,7.6000000000000005,-0.03416704429722661,-0.011345685923419002,-0.02282135837380761,,0.0022914582089468122,0.014230412211255927,0.02222809029491757,0.031980742293682696,0.01798645600410375,0.016578464881588977,2.4314211784783795,2.7472266683759017e-09,8.156087346927414e-51,6.938893903907228e-17
spectral_smooth,2.990697562442441,8.0,-0.03372512058800181,-0.011025761848738491,-0.02269935873926332,,0.0025314649971111313,0.014230412211255927,0.022026173373856928,0.03181770907299436,0.01798645600410375,0.0164276484101539,2.4077578970355633,2.7472266683759017e-09,2.5218201928829366e-48,-8.326672684688674e-17
spectral_smooth,2.990697562442441,8.4,-0.0333263270889379,-0.010726689544156787,-0.022599637544781115,,0.0027470756294318494,0.014230412211255927,0.02184299050711369,0.031668638380227786,0.01798645600410375,0.016289983141175007,2.387662439527597,2.7472266683759017e-09,4.515457140695887e-46,-1.3183898417423734e-16
spectral_smooth,2.990697562442441,8.8,-0.03296668139817871,-0.010443436544689488,-0.02252324485348922,,0.0029402566328306685,0.014230412211255927,0.021676525819753434,0.0315316708955697,0.01798645600410375,0.01616379589540843,2.3709999006294846,2.7472266683759017e-09,5.04434015617918e-44,-1.3877787807814457e-17
spectral_smooth,2.990697562442441,9.2,-0.032643027543578784,-0.010171314921973595,-0.02247171262160519,,0.003112504696812876,0.014230412211255927,0.021525120029135647,0.031405211890038136,0.01798645600410375,0.016047662996442433,2.357729033051536,2.7472266683759017e-09,3.738972604115703e-42,-8.326672684688674e-17
spectral_smooth,2.990697562442441,9.600000000000001,-0.03235287756884769,-0.009905922897782637,-0.022446954671065056,,0.003264938480751665,0.014230412211255927,0.021387403838343477,0.03128788472351681,0.01798645600410375,0.015940365790491084,2.347882163958408,2.7472266683759017e-09,1.935616801652016e-40,4.85722573273506e-17
spectral_smooth,2.990697562442441,10.0,-0.032094279687536864,-0.009643107078661561,-0.022451172608875303,,0.0033983760106148686,0.014230412211255927,0.02126224348689565,0.031178494137036255,0.01798645600410375,0.015840855230543863,2.341548331674146,2.7472266683759017e-09,7.306589792677805e-39,-1.5265566588595902e-16
spectral_smooth,2.990697562442441,10.4,-0.03186570852266485,-0.009378939351950832,-0.022486769170714016,,0.0035133998199881004,0.014230412211255927,0.021148696131396805,0.031075997114664917,0.01798645600410375,0.015748223536554935,2.338859026224775,2.7472266683759017e-09,2.085778829832316e-37,-2.1510571102112408e-16
spectral_smooth,2.990697562442441,10.8,-0.03166597389120823,-0.009109703822255344,-0.02255627006895289,,0.0036104115533966367,0.014230412211255927,0.02104597323334878,0.030979479593363512,0.01798645600410375,0.01566168138944291,2.3399761163606163,2.7472266683759017e-09,4.644768934322384e-36,-1.5959455978986625e-16
spectral_smooth,2.990697562442441,11.2,-0.03149414526955363,-0.008831890291186029,-0.022662254978367602,,0.0036896774534607786,0.014230412211255927,0.020953410511758586,0.030888137696716413,0.01798645600410375,0.015580539466247557,2.345081661150921,2.7472266683759017e-09,8.286280921066552e-35,1.0408340855860843e-16
spectral_smooth,2.990697562442441,11.600000000000001,-0.03134948956963968,-0.008542191696005341,-0.022807297873634336,,0.003751365947052346,0.014230412211255927,0.02087044330543597,0.030801262477987368,0.01798645600410375,0.0155041933944976,2.3543693709496867,2.7472266683759017e-09,1.2117631226636495e-33,-1.249000902703301e-16
spectral_smooth,2.990697562442441,12.0,-0.03123142022629244,-0.00823750364568654,-0.0229939165806059,,0.00379557839403121,0.014230412211255927,0.020796586409067563,0.030718227396621292,0.01798645600410375,0.015432111412184145,2.3680375217746445,2.7472266683759017e-09,1.4817418450504934e-32,-1.5959455978986625e-16
spectral_smooth,2.990697562442441,12.4,-0.031139455885631773,-0.00791492475356309,-0.023224531132068682,,0.0038223739425732317,0.014230412211255927,0.0207314176169493,0.03063847793517578,0.01798645600410375,0.015363824179643212,2.3862831515420546,2.7472266683759017e-09,1.5415016355369762e-31,2.220446049250313e-16
spectral_smooth,2.990697562442441,12.8,-0.031073187219391007,-0.007571756892602144,-0.023501430326788864,,0.0038317893339585374,0.014230412211255927,0.020674564342093804,0.030561522903170022,0.01798645600410375,0.015298916312329961,2.4092973834023406,2.7472266683759017e-09,1.3851978844497059e-30,1.8735013540549517e-16
spectral_smooth,2.990697562442441,13.2,-0.031032250587487265,-0.007205504818618702,-0.023826745768868562,,0.003823854409474892,0.014230412211255927,0.02062569278570625,0.03048692708047215,0.01798645600410375,0.015237019297680707,2.4372617346036645,2.7472266683759017e-09,1.0895775317434279e-29,2.0816681711721685e-17
spectral_smooth,2.990697562442441,13.600000000000001,-0.03101630744148115,-0.006813874841157086,-0.024202432600324064,,0.0037986039890793265,0.014230412211255927,0.02058449921930461,0.030414304933460267,0.01798645600410375,0.015177805531760534,2.4703452809232673,2.7472266683759017e-09,7.590750842994531e-29,5.898059818321144e-17
spectral_smooth,2.990697562442441,14.0,-0.031025028510815345,-0.006394772390272974,-0.02463025612054237,,0.0037560867140893498,0.014230412211255927,0.020550703013648586,0.030343315198377963,0.01798645600410375,0.0151209832673411,2.508702557699044,2.7472266683759017e-09,4.732714426251893e-28,-1.8041124150158794e-16
spectral_smooth,2.990697562442441,14.400000000000002,-0.031058081945656624,-0.005946298445430376,-0.025111783500226248,,0.003696371373995134,0.014230412211255927,0.020524041108395674,0.030273656172747937,0.01798645600410375,0.015066292308367254,2.5524720892270025,2.7472266683759017e-09,2.6653326797295216e-27,-1.5612511283791264e-16
spectral_smooth,2.990697562442441,14.8,-0.03111512470708011,-0.0054667448724898815,-0.02564837983459023,,0.0036195511705432665,0.014230412211255927,0.020504263666367484,0.03020506159098533,0.01798645600410375,0.015013500319426262,2.6017754488136844,2.7472266683759017e-09,1.3670691409926386e-26,3.469446951953614e-17
spectral_smooth,2.990697562442441,15.2,-0.031195796598820824,-0.004954588765938406,-0.02624120783288242,,0.003525746310725192,0.014230412211255927,0.020491130698290005,0.030137296987187596,0.01798645600410375,0.01496239964508583,2.656716762011521,2.7472266683759017e-09,6.433284538229847e-26,-8.326672684688674e-17
spectral_smooth,2.990697562442441,15.600000000000001,-0.03129971642609275,-0.0044084859236234175,-0.026891230502469332,,0.0034151052643523853,0.014230412211255927,0.02048440947918917,0.030070156468533955,0.01798645600410375,0.014912804554529363,2.7173825753983656,2.7472266683759017e-09,2.796113742999517e-25,-4.163336342344337e-17
spectral_smooth,2.990697562442441,16.0,-0.031426479847090794,-0.003827263596123731,-0.027599216250967062,,0.0032878049715492283,0.014230412211255927,0.020483872607384046,0.03000345983836285,0.01798645600410375,0.0148645488430903,2.7838420225724794,2.7472266683759017e-09,1.1291344149624723e-24,-4.85722573273506e-17
spectral_smooth,2.990697562442441,16.400000000000002,-0.031575658552696506,-0.0032099126569056224,-0.028365745895790884,,0.003144050240642466,0.014230412211255927,0.020489296582082983,0.029937050019989975,0.01798645600410375,0.014817483735064852,2.856147227730952,2.7472266683759017e-09,4.259332949442417e-24,-6.245004513516506e-17
spectral_smooth,2.990697562442441,16.8,-0.03174680047057382,-0.0025555793359929857,-0.029191221134580836,,0.002984072537359543,0.014230412211255927,0.020500460796677555,0.02987079074156794,0.01798645600410375,0.014771476042322115,2.9343338952199467,2.7472266683759017e-09,1.508191859968003e-23,1.1796119636642288e-16
spectral_smooth,2.990697562442441,17.2,-0.031939430742163266,-0.0018635566515218804,-0.030075874090641386,,0.002808128331662974,0.014230412211255927,0.020517146862570335,0.029804564449442073,0.01798645600410375,0.014726406541313426,3.018422040759033,2.7472266683759017e-09,5.0350984804981494e-23,2.0816681711721685e-17
spectral_smooth,2.990697562442441,17.6,-0.03215305326593221,-0.001133275662138833,-0.031019777603793375,,0.002616497138574758,0.014230412211255927,0.02053913819325104,0.02973827042302813,0.01798645600410375,0.014682168537556535,3.10841682664149,2.7472266683759017e-09,1.5912513123187694e-22,0.0
spectral_smooth,2.990697562442441,18.0,-0.03238715263847952,-0.00036429665014775514,-0.032022855988331766,,0.0024094793635834263,0.014230412211255927,0.020566219790806972,0.029671823068607404,0.01798645600410375,0.014638666591879212,3.2043094691117755,2.7472266683759017e-09,4.777901187677101e-22,-4.85722573273506e-17
spectral_smooth,3.5897806551152374,5.2,-0.031424648709023784,-0.011900747441044024,-0.01952390126797976,,0.00013727224531010862,0.012071916169877073,0.019490004784456727,0.028703345524885206,0.015459696356353584,0.015386910830741944,2.181250654510361,4.081619930929037e-09,8.330189082845176e-74,-9.020562075079397e-17
spectral_smooth,3.5897806551152374,5.6000000000000005,-0.03063591638415719,-0.011314249422116562,-0.01932166696204063,,0.0006080858906335955,0.012071916169877073,0.01917208610491361,0.028434255941797666,0.015459696356353584,0.015137367594431414,2.1342068644561443,4.081619930929037e-09,1.3230604115910993e-68,-1.0408340855860843e-16
spectral_smooth,3.5897806551152374,6.0,-0.02993743168328533,-0.010794082240776603,-0.019143349442508728,,0.0010249641650421346,0.012071916169877073,0.018890479678450256,0.028195823761075912,0.015459696356353584,0.014916270476325514,2.094236314930483,4.081619930929037e-09,4.2536486526578224e-64,-1.3877787807814457e-16
spectral_smooth,3.5897806551152374,6.4,-0.02931571313897996,-0.010329652639873288,-0.01898606049910667,,0.001395907579451248,0.012071916169877073,0.018639704548554126,0.027983353363054533,0.015459696356353584,0.014719276313607272,2.060006872408687,4.081619930929037e-09,3.7352788856454855e-60,-6.938893903907228e-18
spectral_smooth,3.5897806551152374,6.800000000000001,-0.028759840294759864,-0.009912002018672816,-0.018847838276087048,,0.0017273658861075144,0.012071916169877073,0.018415290010990182,0.02779297783971259,0.015459696356353584,0.014542815771675596,2.0305485631774225,4.081619930929037e-09,1.1265746972002113e-56,-1.249000902703301e-16
spectral_smooth,3.5897806551152374,7.2,-0.028260993892027797,-0.009533429218337053,-0.018727564673690744,,0.0020245098875575716,0.012071916169877073,0.01821358760970837,0.027621496822508494,0.015459696356353584,0.014383943567506092,2.0051652065126446,4.081619930929037e-09,1.394606357929648e-53,7.632783294297951e-17
spectral_smooth,3.5897806551152374,7.6000000000000005,-0.02781207421350773,-0.009187189882040148,-0.018624884331467584,,0.0022914582089468122,0.012071916169877073,0.018031616252577543,0.027466244353768585,0.015459696356353584,0.014240216150469175,1.9833725105420235,4.081619930929037e-09,8.156087346927414e-51,6.938893903907228e-17
spectral_smooth,3.5897806551152374,8.0,-0.02740738767365891,-0.008867265807359637,-0.018540121866299275,,0.0025314649971111313,0.012071916169877073,0.017866936500892883,0.02732498351031108,0.015459696356353584,0.014109593778430714,1.964853009221923,4.081619930929037e-09,2.5218201928829366e-48,-8.673617379884035e-17
spectral_smooth,3.5897806551152374,8.4,-0.02704238949757609,-0.008568193502777932,-0.01847419599479816,,0.0027470756294318494,0.012071916169877073,0.017717548957130735,0.027195823255257753,0.015459696356353584,0.013990362839371146,1.9494219030843152,4.081619930929037e-09,4.515457140695887e-46,-1.3183898417423734e-16
spectral_smooth,3.5897806551152374,8.8,-0.026713471575824488,-0.008284940503310634,-0.018428531072513854,,0.0029402566328306685,0.012071916169877073,0.017581812038778066,0.027077153129903976,0.015459696356353584,0.013881074429299423,1.9370001584253698,4.081619930929037e-09,5.04434015617918e-44,-1.734723475976807e-17
spectral_smooth,3.5897806551152374,9.2,-0.0264177866902206,-0.008012818880594741,-0.01840496780962586,,0.003112504696812876,0.012071916169877073,0.01745837521715632,0.02696759199649145,0.015459696356353584,0.013780495766926906,1.927592638360355,4.081619930929037e-09,3.738972604115703e-42,-8.673617379884035e-17
spectral_smooth,3.5897806551152374,9.600000000000001,-0.02615310229445883,-0.007747426856403783,-0.018405675438055047,,0.003264938480751665,0.012071916169877073,0.01734612460533347,0.026865947731548098,0.015459696356353584,0.013687571662935225,1.921269906893044,4.081619930929037e-09,1.935616801652016e-40,4.85722573273506e-17
spectral_smooth,3.5897806551152374,10.0,-0.025917678621960594,-0.007484611037282707,-0.018433067584677887,,0.0033983760106148686,0.012071916169877073,0.017244138462698233,0.02677118540514037,0.015459696356353584,0.013601393839748163,1.9181528688406158,4.081619930929037e-09,7.306589792677805e-39,-1.5612511283791264e-16
spectral_smooth,3.5897806551152374,10.4,-0.025710167072090562,-0.007220443310571978,-0.018489723761518584,,0.0035133998199881004,0.012071916169877073,0.017151650722201373,0.02668240201919976,0.015459696356353584,0.013521176380028508,1.9183997156765888,4.081619930929037e-09,2.085778829832316e-37,-2.1510571102112408e-16
spectral_smooth,3.5897806551152374,10.8,-0.025529525673055498,-0.006951207780876489,-0.018578317892179008,,0.0036104115533966367,0.012071916169877073,0.0170680210565749,0.0265988063137299,0.015459696356353584,0.01344623596840294,1.9221948242260165,4.081619930929037e-09,4.644768934322384e-36,-1.5959455978986625e-16
spectral_smooth,3.5897806551152374,11.2,-0.025374949025354532,-0.006673394249807174,-0.018701554775547358,,0.0036896774534607786,0.012071916169877073,0.01699271030893834,0.02651970249400285,0.015459696356353584,0.013375975893614358,1.929739354785157,4.081619930929037e-09,8.286280921066552e-35,1.0408340855860843e-16
spectral_smooth,3.5897806551152374,11.600000000000001,-0.025245810569351823,-0.006383695654626487,-0.018862114914725336,,0.003751365947052346,0.012071916169877073,0.01692526034652697,0.026444476999904706,0.015459696356353584,0.013309873012698892,1.9412433505641413,4.081619930929037e-09,1.2117631226636495e-33,-1.249000902703301e-16
spectral_smooth,3.5897806551152374,12.0,-0.025141615350127378,-0.006079007604307685,-0.019062607745819693,,0.00379557839403121,0.012071916169877073,0.016865277574281357,0.026372587645273497,0.015459696356353584,0.013247467059177773,1.9569191712845333,4.081619930929037e-09,1.4817418450504934e-32,-1.5959455978986625e-16
spectral_smooth,3.5897806551152374,12.4,-0.025061961710282465,-0.005756428712184236,-0.01930553299809823,,0.0038223739425732317,0.012071916169877073,0.016812419482978846,0.026303554613423315,0.015459696356353584,0.013188351815712523,1.976976112004857,4.081619930929037e-09,1.5415016355369762e-31,2.220446049250313e-16
spectral_smooth,3.5897806551152374,12.8,-0.025006510551287886,-0.005413260851223289,-0.019593249700064597,,0.0038317893339585374,0.012071916169877073,0.016766383715369537,0.026236952915856614,0.015459696356353584,0.01313216777789595,2.0016160704066417,4.081619930929037e-09,1.3851978844497059e-30,1.8735013540549517e-16
spectral_smooth,3.5897806551152374,13.2,-0.024974960981475003,-0.0050470087772398475,-0.019927952204235155,,0.003823854409474892,0.012071916169877073,0.016726899221072844,0.02617240601308193,0.015459696356353584,0.013078596017430603,2.0310301354026055,4.081619930929037e-09,1.0895775317434279e-29,2.0816681711721685e-17
spectral_smooth,3.5897806551152374,13.600000000000001,-0.02496703132287076,-0.0046553787997782314,-0.020311652523092527,,0.0037986039890793265,0.012071916169877073,0.01669371914207307,0.026109580366274567,0.015459696356353584,0.013027353015728056,2.06539597877821,4.081619930929037e-09,7.590750842994531e-29,5.898059818321144e-17
spectral_smooth,3.5897806551152374,14.0,-0.024982444585070263,-0.004236276348894119,-0.020746168236176143,,0.0037560867140893498,0.012071916169877073,0.01666661512928236,0.02604818074151757,0.015459696356353584,0.01297818628741157,2.1048759403954294,4.081619930929037e-09,4.732714426251893e-28,-1.8041124150158794e-16
spectral_smooth,3.5897806551152374,14.400000000000002,-0.02502091763529879,-0.0037878024040515212,-0.021233115231247268,,0.003696371373995134,0.012071916169877073,0.016645372839416694,0.025987946128595316,0.015459696356353584,0.012930870650716741,2.1496157064861956,4.081619930929037e-09,2.6653326797295216e-27,-1.5612511283791264e-16
spectral_smooth,3.5897806551152374,14.8,-0.025082153401604912,-0.003308248831111027,-0.021773904570493885,,0.0036195511705432665,0.012071916169877073,0.01662978840227114,0.025928646166880304,0.015459696356353584,0.012885205030934307,2.1997434896920307,4.081619930929037e-09,1.3670691409926386e-26,3.469446951953614e-17
spectral_smooth,3.5897806551152374,15.2,-0.025165835541969328,-0.0027960927245595513,-0.022369742817409777,,0.003525746310725192,0.012071916169877073,0.016619665682817364,0.025870077994111233,0.015459696356353584,0.012841009705779205,2.2553696286130798,4.081619930929037e-09,6.433284538229847e-26,-8.326672684688674e-17
spectral_smooth,3.5897806551152374,15.600000000000001,-0.025271625096993766,-0.002249989882244563,-0.023021635214749203,,0.0034151052643523853,0.012071916169877073,0.01661481419146904,0.025812063451593696,0.015459696356353584,0.012798123919383054,2.3165865335405904,4.081619930929037e-09,2.796113742999517e-25,-3.8163916471489756e-17
spectral_smooth,3.5897806551152374,16.0,-0.025399158718563908,-0.0016687675547448766,-0.02373039116381903,,0.0032878049715492283,0.012071916169877073,0.016615047520236015,0.02575444659291315,0.015459696356353584,0.012756403805619822,2.3834689135990588,4.081619930929037e-09,1.1291344149624723e-24,-4.85722573273506e-17
spectral_smooth,3.5897806551152374,16.400000000000002,-0.02554804813227607,-0.001051416615526768,-0.0244966315167493,,0.003144050240642466,0.012071916169877073,0.0166201822030414,0.025697091453653082,0.015459696356353584,0.01271572057254613,2.4560742285988737,4.081619930929037e-09,4.259332949442417e-24,-6.245004513516506e-17
spectral_smooth,3.5897806551152374,16.8,-0.025717880548289995,-0.00039708329461413117,-0.025320797253675864,,0.002984072537359543,0.012071916169877073,0.016630036915772584,0.0256398800476283,0.015459696356353584,0.012675958908524828,2.534443316406956,4.081619930929037e-09,1.508191859968003e-23,1.1796119636642288e-16
spectral_smooth,3.5897806551152374,17.2,-0.02590821978440222,0.0002949393898569741,-0.026203159174259194,,0.002808128331662974,0.012071916169877073,0.016644431946188143,0.025582710561352074,0.015459696356353584,0.012637015577606072,2.618601153531402,4.081619930929037e-09,5.0350984804981494e-23,2.0816681711721685e-17
spectral_smooth,3.5897806551152374,17.6,-0.02611860790731868,0.0010252203792400216,-0.027143828286558702,,0.002616497138574758,0.012071916169877073,0.016663188876016366,0.025525495723294243,0.015459696356353584,0.012598798177351827,2.708557712864734,4.081619930929037e-09,1.5912513123187694e-22,0.0
spectral_smooth,3.5897806551152374,18.0,-0.026348567234120657,0.0017941993912310994,-0.028142766625351756,,0.0024094793635834263,0.012071916169877073,0.016686130427826962,0.025468161328283372,0.015459696356353584,0.01256122403680565,2.804308888139447,4.081619930929037e-09,4.777901187677101e-22,-4.85722573273506e-17
spectral_smooth,4.308869380063768,5.2,-0.024653735372290486,-0.009599001450790234,-0.015054733921500252,,0.00013727224531010862,0.009770170179623283,0.01502083743797722,0.02341445056895683,0.012617641685094074,0.012557668057161015,1.6900695738959912,6.206331559788225e-09,8.330189082845176e-74,-9.020562075079397e-17
spectral_smooth,4.308869380063768,5.6000000000000005,-0.023936612722927797,-0.009012503431862773,-0.014924109291065024,,0.0006080858906335955,0.009770170179623283,0.014774528433938006,0.023192609349067504,0.012617641685094074,0.012352049425846218,1.6533484903897662,6.206331559788225e-09,1.3230604115910993e-68,-1.0408340855860843e-16
spectral_smooth,4.308869380063768,6.0,-0.02330155892538388,-0.008492336250522814,-0.014809222674861067,,0.0010249641650421346,0.009770170179623283,0.014556352910802595,0.022996042728528253,0.012617641685094074,0.012169869915372576,1.6224612049948202,6.206331559788225e-09,4.2536486526578224e-64,-1.3877787807814457e-16
spectral_smooth,4.308869380063768,6.4,-0.02273632735323805,-0.008027906649619498,-0.014708420703618552,,0.001395907579451248,0.009770170179623283,0.014362064753066006,0.02282087972457886,0.012617641685094074,0.012007550911528199,1.5962781117621598,6.206331559788225e-09,3.7352788856454855e-60,-6.938893903907228e-18
spectral_smooth,4.308869380063768,6.800000000000001,-0.02223100496467878,-0.007610256028419027,-0.014620748936259753,,0.0017273658861075144,0.009770170179623283,0.014188200671162887,0.02266393262788831,0.012617641685094074,0.011862151449863523,1.573990423455667,6.206331559788225e-09,1.1265746972002113e-56,-1.249000902703301e-16
spectral_smooth,4.308869380063768,7.2,-0.02177759484802827,-0.007231683228083263,-0.014545911619945007,,0.0020245098875575716,0.009770170179623283,0.014031934555962633,0.022522563314883302,0.012617641685094074,0.011731244806734408,1.5550312068289904,6.206331559788225e-09,1.394606357929648e-53,7.632783294297951e-17
spectral_smooth,4.308869380063768,7.6000000000000005,-0.021369669452277473,-0.006885443891786358,-0.014484225560491115,,0.0022914582089468122,0.009770170179623283,0.013890957481601074,0.022394574323435567,0.012617641685094074,0.011612817712613846,1.539020501993669,6.206331559788225e-09,8.156087346927414e-51,6.938893903907228e-17
spectral_smooth,4.308869380063768,8.0,-0.021002085481916954,-0.006565519817105847,-0.014436565664811107,,0.0025314649971111313,0.009770170179623283,0.013763380299404715,0.02227812197829358,0.012617641685094074,0.011505189664413874,1.5257255641949339,6.206331559788225e-09,2.5218201928829366e-48,-8.673617379884035e-17
spectral_smooth,4.308869380063768,8.4,-0.020670749442360914,-0.0062664475125241426,-0.014404301929836771,,0.0027470756294318494,0.009770170179623283,0.013647654892169347,0.022171647837045828,0.012617641685094074,0.011406948917699092,1.5150307586089646,6.206331559788225e-09,4.515457140695887e-46,-1.3183898417423734e-16
spectral_smooth,4.308869380063768,8.8,-0.02037242398731287,-0.005983194513056844,-0.014389229474256027,,0.0029402566328306685,0.009770170179623283,0.013542510440520239,0.02207382483988047,0.012617641685094074,0.011316901872137353,1.506913794164885,6.206331559788225e-09,5.04434015617918e-44,-1.734723475976807e-17
spectral_smooth,4.308869380063768,9.2,-0.02010456714917147,-0.005711072890340951,-0.01439349425883052,,0.003112504696812876,0.009770170179623283,0.013446901666360978,0.021983515040391723,0.012617641685094074,0.011234033033023826,1.5014263051258883,6.206331559788225e-09,3.738972604115703e-42,-8.673617379884035e-17
spectral_smooth,4.308869380063768,9.600000000000001,-0.019865198340990264,-0.005445680866149993,-0.014419517474840271,,0.003264938480751665,0.009770170179623283,0.013359966642118692,0.021899736362555395,0.012617641685094074,0.011157473256893667,1.4986775898397562,6.206331559788225e-09,1.935616801652016e-40,4.85722573273506e-17
spectral_smooth,4.308869380063768,10.0,-0.019652786452638238,-0.005182865047028917,-0.01446992140560932,,0.0033983760106148686,0.009770170179623283,0.013280992283629667,0.02182163635294317,0.012617641685094074,0.011086474465511422,1.4988207910312212,6.206331559788225e-09,7.306589792677805e-39,-1.5612511283791264e-16
spectral_smooth,4.308869380063768,10.4,-0.01946615642075794,-0.004918697320318188,-0.014547459100439752,,0.0035133998199881004,0.009770170179623283,0.013209386061122541,0.02174847134045291,0.012617641685094074,0.011020389409864472,1.5020410765854963,6.206331559788225e-09,2.085778829832316e-37,-2.1510571102112408e-16
spectral_smooth,4.308869380063768,10.8,-0.019304411406282085,-0.0046494617906227,-0.014654949615659385,,0.0036104115533966367,0.009770170179623283,0.013144652780055277,0.021679589774792233,0.012617641685094074,0.010958655383994376,1.5085455337013338,6.206331559788225e-09,4.644768934322384e-36,-1.5959455978986625e-16
spectral_smooth,4.308869380063768,11.2,-0.019166868248691515,-0.0043716482595533845,-0.01479521998913813,,0.0036896774534607786,0.009770170179623283,0.013086375522529115,0.021614418798618397,0.012617641685094074,0.010900781037837535,1.5185545726598255,6.206331559788225e-09,8.286280921066552e-35,1.0408340855860843e-16
spectral_smooth,4.308869380063768,11.600000000000001,-0.019053004252891248,-0.004081949664372697,-0.01497105458851855,,0.003751365947052346,0.009770170179623283,0.013034200020320186,0.021552453329066187,0.012617641685094074,0.010846335631318304,1.5322946800964472,6.206331559788225e-09,1.2117631226636495e-33,-1.249000902703301e-16
spectral_smooth,4.308869380063768,12.0,-0.018962413653753396,-0.003777261614053895,-0.015185152039699501,,0.00379557839403121,0.009770170179623283,0.012987821868161165,0.021493247094660165,0.012617641685094074,0.010794940220522886,1.549992384087066,6.206331559788225e-09,1.4817418450504934e-32,-1.5959455978986625e-16
spectral_smooth,4.308869380063768,12.4,-0.018894772329571652,-0.0034546827219304466,-0.015440089607641205,,0.0038223739425732317,0.009770170179623283,0.012946976092521822,0.021436405204056454,0.012617641685094074,0.010746260380827,1.5718693052958177,6.206331559788225e-09,1.5415016355369762e-31,2.220446049250313e-16
spectral_smooth,4.308869380063768,12.8,-0.018849809520949612,-0.0031115148609695,-0.015738294659980112,,0.0038317893339585374,0.009770170179623283,0.012911428675285053,0.021381577922584178,0.012617641685094074,0.010700000159346095,1.5981381758493354,6.206331559788225e-09,1.3851978844497059e-30,1.8735013540549517e-16
spectral_smooth,4.308869380063768,13.2,-0.01882728546940282,-0.002745262786986058,-0.016082022682416763,,0.003823854409474892,0.009770170179623283,0.012880969699254452,0.021328455408283757,0.012617641685094074,0.010655897016275362,1.6289997135976313,6.206331559788225e-09,1.0895775317434279e-29,2.0816681711721685e-17
spectral_smooth,4.308869380063768,13.600000000000001,-0.018826974028018972,-0.002353632809524442,-0.01647334121849453,,0.0037986039890793265,0.009770170179623283,0.012855407837475075,0.02127676321666941,0.012617641685094074,0.01061371756640436,1.6646402454488975,6.206331559788225e-09,7.590750842994531e-29,5.898059818321144e-17
spectral_smooth,4.308869380063768,14.0,-0.01884864941932307,-0.0019345303586403295,-0.016914119060682742,,0.0037560867140893498,0.009770170179623283,0.012834565953788957,0.02122625842711965,0.012617641685094074,0.010573253972004835,1.7052299800585622,6.206331559788225e-09,4.732714426251893e-28,-1.8041124150158794e-16
spectral_smooth,4.308869380063768,14.400000000000002,-0.01889207642548596,-0.0014860564137977317,-0.017406020011688228,,0.003696371373995134,0.009770170179623283,0.012818277619857654,0.021176726276963122,0.012617641685094074,0.010534320869196583,1.7509218373757516,6.206331559788225e-09,2.6653326797295216e-27,-1.5612511283791264e-16
spectral_smooth,4.308869380063768,14.8,-0.018957003394664218,-0.0010065028408572374,-0.01795050055380698,,0.0036195511705432665,0.009770170179623283,0.012806384385584235,0.021127977214528144,0.012617641685094074,0.010496752733915107,1.801850750251355,6.206331559788225e-09,1.3670691409926386e-26,3.469446951953614e-17
spectral_smooth,4.308869380063768,15.2,-0.019043157535412025,-0.0004943467343057617,-0.018548810801106264,,0.003525746310725192,0.009770170179623283,0.01279873366651385,0.02107984430160357,0.012617641685094074,0.010460401612344513,1.8581333612573747,6.206331559788225e-09,6.433284538229847e-26,-8.326672684688674e-17
spectral_smooth,4.308869380063768,15.600000000000001,-0.019150242049525423,5.175610800922659e-05,-0.01920199815753465,,0.0034151052643523853,0.009770170179623283,0.012795177134254487,0.02103218091038654,0.012617641685094074,0.010425135155360461,1.919868045830329,6.206331559788225e-09,2.796113742999517e-25,-3.8163916471489756e-17
spectral_smooth,4.308869380063768,16.0,-0.01927793472297512,0.000632978435508913,-0.019910913158484034,,0.0032878049715492283,0.009770170179623283,0.012795569514901017,0.02098485867118081,0.012617641685094074,0.010390834908078773,1.9871352006264726,6.206331559788225e-09,1.1291344149624723e-24,-4.85722573273506e-17
spectral_smooth,4.308869380063768,16.400000000000002,-0.019425887655390772,0.0012503293747270217,-0.020676217030117794,,0.003144050240642466,0.009770170179623283,0.012799767716409893,0.020937765635697138,0.012617641685094074,0.010357394814733172,2.0599977434097854,6.206331559788225e-09,4.259332949442417e-24,-6.245004513516506e-17
spectral_smooth,4.308869380063768,16.8,-0.019593727861578925,0.0019046626956396584,-0.021498390557218583,,0.002984072537359543,0.009770170179623283,0.012807630219315302,0.02089080462742806,0.012617641685094074,0.010324719906351207,2.1385017777716224,6.206331559788225e-09,1.508191859968003e-23,1.1796119636642288e-16
spectral_smooth,4.308869380063768,17.2,-0.019781058524456274,0.0025966853801107637,-0.022377743904567038,,0.002808128331662974,0.009770170179623283,0.012819016676495987,0.020843891755699402,0.012617641685094074,0.01029272514447488,2.222677382432804,6.206331559788225e-09,5.0350984804981494e-23,2.0816681711721685e-17
spectral_smooth,4.308869380063768,17.6,-0.019987460718231764,0.003326966369493811,-0.023314427087725575,,0.002616497138574758,0.009770170179623283,0.01283378767718324,0.020796955074000294,0.012617641685094074,0.010261334398801225,2.31253949076407,6.206331559788225e-09,1.5912513123187694e-22,0.0
spectral_smooth,4.308869380063768,18.0,-0.020212495454412005,0.004095945381484889,-0.024308440835896894,,0.0024094793635834263,0.009770170179623283,0.0128518046383721,0.020749933366332872,0.012617641685094074,0.010230479540343503,2.408088831470329,6.206331559788225e-09,4.777901187677101e-22,-4.85722573273506e-17
spectral_smooth,5.172002726126203,5.2,-0.01810526585059946,-0.0072279494810227884,-0.010877316369576673,,0.00013727224531010862,0.007399118209855837,0.01084341988605364,0.017731555503908484,0.00956228252646854,0.009516219863743909,1.2267306654388748,8.862293676692445e-09,8.330189082845176e-74,-9.367506770274758e-17
spectral_smooth,5.172002726126203,5.6000000000000005,-0.01745511053272325,-0.006641451462095327,-0.010813659070627923,,0.0006080858906335955,0.007399118209855837,0.010664078213500905,0.017561046134749802,0.00956228252646854,0.009358294619181527,1.1999632546002088,8.862293676692445e-09,1.3230604115910993e-68,-1.0408340855860843e-16
spectral_smooth,5.172002726126203,6.0,-0.01687937417849278,-0.006121284280755368,-0.01075808989773741,,0.0010249641650421346,0.007399118209855837,0.010505220133678939,0.017409963295127177,0.00956228252646854,0.009218371869481455,1.177830394452997,8.862293676692445e-09,4.2536486526578224e-64,-1.3877787807814457e-16
spectral_smooth,5.172002726126203,6.4,-0.016366963980947113,-0.0056568546798520525,-0.010710109301095061,,0.001395907579451248,0.007399118209855837,0.010363753350542515,0.017275331870785587,0.00956228252646854,0.00909370313175558,1.1593992844821943,8.862293676692445e-09,3.7352788856454855e-60,-1.0408340855860843e-17
spectral_smooth,5.172002726126203,6.800000000000001,-0.01590890758383584,-0.005239204058651581,-0.01066970352518426,,0.0017273658861075144,0.007399118209855837,0.010237155260087394,0.01715470199480687,0.00956228252646854,0.008982029702369493,1.144017471028008,8.862293676692445e-09,1.1265746972002113e-56,-1.249000902703301e-16
spectral_smooth,5.172002726126203,7.2,-0.01549797518872209,-0.004860631258315817,-0.010637343930406273,,0.0020245098875575716,0.007399118209855837,0.0101233668664239,0.017046046303868106,0.00956228252646854,0.008881487877035354,1.131243160517236,8.862293676692445e-09,1.394606357929648e-53,7.45931094670027e-17
spectral_smooth,5.172002726126203,7.6000000000000005,-0.01512836539492518,-0.004514391922018912,-0.010613973472906268,,0.0022914582089468122,0.007399118209855837,0.010020705394016227,0.016947676222576563,0.00956228252646854,0.008790531543657538,1.120797241001402,8.862293676692445e-09,8.156087346927414e-51,7.112366251504909e-17
spectral_smooth,5.172002726126203,8.0,-0.014795446583540872,-0.004194467847338401,-0.010600978736202471,,0.0025314649971111313,0.007399118209855837,0.009927793370796079,0.016858175189951516,0.00956228252646854,0.008707870209850744,1.112528721711977,8.862293676692445e-09,2.5218201928829366e-48,-8.673617379884035e-17
spectral_smooth,5.172002726126203,8.4,-0.014495543898352892,-0.0038953955427566966,-0.010600148355596195,,0.0027470756294318494,0.007399118209855837,0.009843501317928771,0.016776345962248734,0.00956228252646854,0.008632419839296163,1.1063885920210088,8.862293676692445e-09,4.515457140695887e-46,-1.3183898417423734e-16
spectral_smooth,5.172002726126203,8.8,-0.014225762962893629,-0.0036121425432893983,-0.01061362041960423,,0.0029402566328306685,0.007399118209855837,0.009766901385868443,0.01670116921322713,0.00956228252646854,0.008563263973034111,1.1024091163159844,8.862293676692445e-09,5.04434015617918e-44,-1.734723475976807e-17
spectral_smooth,5.172002726126203,9.2,-0.013983843235136684,-0.0033400209205735054,-0.010643822314563178,,0.003112504696812876,0.007399118209855837,0.009697229722093637,0.01663177103283415,0.00956228252646854,0.008499622972467187,1.100686806679943,8.862293676692445e-09,3.738972604115703e-42,-8.673617379884035e-17
spectral_smooth,5.172002726126203,9.600000000000001,-0.013768035539185486,-0.0030746288963825474,-0.010693406642802938,,0.003264938480751665,0.007399118209855837,0.00963385581008136,0.01656739736175787,0.00956228252646854,0.008440829624211051,1.101368048617612,8.862293676692445e-09,1.935616801652016e-40,4.683753385137379e-17
spectral_smooth,5.172002726126203,10.0,-0.013576999604117346,-0.0028118130772614713,-0.010765186526855874,,0.0033983760106148686,0.007399118209855837,0.00957625740487622,0.01650739380187992,0.00956228252646854,0.008386309712677712,1.104636783458202,8.862293676692445e-09,7.306589792677805e-39,-1.5612511283791264e-16
spectral_smooth,5.172002726126203,10.4,-0.013409718384626124,-0.0025476453505507424,-0.010862073034075381,,0.0035133998199881004,0.007399118209855837,0.00952399999475817,0.016451189583130486,0.00956228252646854,0.008335566471371935,1.11070389331668,8.862293676692445e-09,2.085778829832316e-37,-2.1684043449710089e-16
spectral_smooth,5.172002726126203,10.8,-0.013265426606868802,-0.002278409820855254,-0.010987016786013548,,0.0036104115533966367,0.007399118209855837,0.00947671995040944,0.016398284742942585,0.00956228252646854,0.008288168068192152,1.119798065831496,8.862293676692445e-09,4.644768934322384e-36,-1.6132928326584306e-16
spectral_smooth,5.172002726126203,11.2,-0.013143551454192604,-0.0020005962897859386,-0.011142955164406665,,0.0036896774534607786,0.007399118209855837,0.009434110697797649,0.016348239792338085,0.00956228252646854,0.008243737471447733,1.1321579833137552,8.862293676692445e-09,8.286280921066552e-35,1.0408340855860843e-16
spectral_smooth,5.172002726126203,11.600000000000001,-0.013043663645801729,-0.0017108976946052512,-0.011332765951196477,,0.003751365947052346,0.007399118209855837,0.009395911382998112,0.016300667312241755,0.00956228252646854,0.008201944191521024,1.1480257131765896,8.862293676692445e-09,1.2117631226636495e-33,-1.249000902703301e-16
spectral_smooth,5.172002726126203,12.0,-0.012965437413757719,-0.0014062096442864491,-0.01155922776947127,,0.00379557839403121,0.007399118209855837,0.009361897597932933,0.016255225054351164,0.00956228252646854,0.00816249750716499,1.167641190649514,8.862293676692445e-09,1.4817418450504934e-32,-1.5785983631388945e-16
spectral_smooth,5.172002726126203,12.4,-0.012908618081353018,-0.0010836307521630006,-0.011824987329190018,,0.0038223739425732317,0.007399118209855837,0.009331873814070635,0.016211610221050513,0.00956228252646854,0.008125140872974173,1.1912376905977355,8.862293676692445e-09,1.5415016355369762e-31,2.220446049250313e-16
spectral_smooth,5.172002726126203,12.8,-0.01287299610861753,-0.0007404628912020539,-0.012132533217415475,,0.0038317893339585374,0.007399118209855837,0.009305667232720416,0.016169554675276254,0.00956228252646854,0.008089647271735096,1.2190381880790635,8.862293676692445e-09,1.3851978844497059e-30,1.8735013540549517e-16
spectral_smooth,5.172002726126203,13.2,-0.012858386610309414,-0.00037421081721861205,-0.012484175793090801,,0.003823854409474892,0.007399118209855837,0.00928312280992849,0.016128820889395355,0.00956228252646854,0.008055815326951522,1.2512525097425544,8.862293676692445e-09,1.0895775317434279e-29,2.0816681711721685e-17
spectral_smooth,5.172002726126203,13.600000000000001,-0.012864613474981357,1.741916024300405e-05,-0.01288203263522436,,0.0037986039890793265,0.007399118209855837,0.009264099254204905,0.016089198486342063,0.00956228252646854,0.008023466030547363,1.2880751814618256,8.862293676692445e-09,7.590750842994531e-29,5.898059818321144e-17
spectral_smooth,5.172002726126203,14.0,-0.012891497324198642,0.0004365216111271164,-0.013328018935325758,,0.0037560867140893498,0.007399118209855837,0.009248465828431973,0.016050501259811143,0.00956228252646854,0.007992439971397975,1.329683882024525,8.862293676692445e-09,4.732714426251893e-28,-1.8041124150158794e-16
spectral_smooth,5.172002726126203,14.400000000000002,-0.012938846650736469,0.0008849955559697142,-0.013823842206706183,,0.003696371373995134,0.007399118209855837,0.009236099814875609,0.016012564585787873,0.00956228252646854,0.00796259497407499,1.3762384181986065,8.862293676692445e-09,2.6653326797295216e-27,-1.5612511283791264e-16
spectral_smooth,5.172002726126203,14.8,-0.013006451564566535,0.0013645491289102085,-0.014371000693476743,,0.0036195511705432665,0.007399118209855837,0.009226884525253998,0.01597524315706526,0.00956228252646854,0.00793380407563781,1.4278801428009837,8.862293676692445e-09,1.3670691409926386e-26,3.469446951953614e-17
spectral_smooth,5.172002726126203,15.2,-0.01309407965632814,0.0018767052354616842,-0.014970784891789823,,0.003525746310725192,0.007399118209855837,0.00922070775719741,0.01593840898714593,0.00956228252646854,0.007905953782700372,1.4847317442088397,8.862293676692445e-09,6.433284538229847e-26,-8.326672684688674e-17
spectral_smooth,5.172002726126203,15.600000000000001,-0.013201473560221,0.0024228080777766725,-0.015624281637997672,,0.0034151052643523853,0.007399118209855837,0.00921746061471751,0.01590194964117833,0.00956228252646854,0.007878942562282094,1.5468973427883783,8.862293676692445e-09,2.796113742999517e-25,-3.8163916471489756e-17
spectral_smooth,5.172002726126203,16.0,-0.013328349862340494,0.003004030405276359,-0.016332380267616853,,0.0032878049715492283,0.007399118209855837,0.009217036624033836,0.015865766660187325,0.00956228252646854,0.007852679528828177,1.614462836728708,8.862293676692445e-09,1.1291344149624723e-24,-4.85722573273506e-17
spectral_smooth,5.172002726126203,16.400000000000002,-0.013474399056886688,0.0036213813444944676,-0.017095780401381155,,0.003144050240642466,0.007399118209855837,0.009219331087673255,0.015829774151471764,0.00956228252646854,0.007827083296800628,1.687496446574125,8.862293676692445e-09,4.259332949442417e-24,-6.245004513516506e-17
spectral_smooth,5.172002726126203,16.8,-0.013639286301957765,0.004275714665407104,-0.01791500096736487,,0.002984072537359543,0.007399118209855837,0.009224240629461589,0.01579389752314294,0.00956228252646854,0.007802080973811705,1.7660494142043017,8.862293676692445e-09,1.508191859968003e-23,1.1796119636642288e-16
spectral_smooth,5.172002726126203,17.2,-0.01382265276941641,0.00496773734987821,-0.01879039011929462,,0.002808128331662974,0.007399118209855837,0.009231662891223569,0.015758072344732567,0.00956228252646854,0.007777607273714243,1.8501568180348211,8.862293676692445e-09,5.0350984804981494e-23,2.0816681711721685e-17
spectral_smooth,5.172002726126203,17.6,-0.01402411742012527,0.005698018339261257,-0.019722135759386528,,0.002616497138574758,0.007399118209855837,0.009241496348844191,0.015722243318884548,0.00956228252646854,0.007753603732623426,1.9398384717383048,8.862293676692445e-09,1.5912513123187694e-22,0.0
spectral_smooth,5.172002726126203,18.0,-0.014243279067370773,0.006466997351252335,-0.020710276418623108,,0.0024094793635834263,0.007399118209855837,0.009253640221098314,0.015686363351568314,0.00956228252646854,0.007730018013710647,2.035099878799798,8.862293676692445e-09,4.777901187677101e-22,-4.85722573273506e-17
spectral_smooth,6.208035064330728,5.2,-0.011959172827645637,-0.00483297945465494,-0.007126193372990697,,0.00013727224531010862,0.005004148183487989,0.007092296889467664,0.011943436550041205,0.006447813837221826,0.006416151713808934,0.8055612498885878,1.2690318795804956e-08,8.330189082845176e-74,-9.367506770274758e-17
spectral_smooth,6.208035064330728,5.6000000000000005,-0.011369014785631237,-0.004246481435727478,-0.007122533349903759,,0.0006080858906335955,0.005004148183487989,0.0069729524927767406,0.011826112443454958,0.006447813837221826,0.0063075984123019116,0.7880833606283666,1.2690318795804956e-08,1.3230604115910993e-68,-1.0408340855860843e-16
spectral_smooth,6.208035064330728,6.0,-0.01084642098766031,-0.0037263142543875194,-0.007120106733272791,,0.0010249641650421346,0.005004148183487989,0.006867236969214319,0.011722155560096049,0.006447813837221826,0.006211419603428857,0.7741159109004044,1.2690318795804956e-08,4.2536486526578224e-64,-1.3704315460216776e-16
spectral_smooth,6.208035064330728,6.4,-0.010381331598367405,-0.003261884653484204,-0.007119446944883201,,0.001395907579451248,0.005004148183487989,0.006773090994330655,0.011629518939902415,0.006447813837221826,0.0061257261258308385,0.7629116421990108,1.2690318795804956e-08,3.7352788856454855e-60,-1.0408340855860843e-17
spectral_smooth,6.208035064330728,6.800000000000001,-0.00996561593128964,-0.0028442340322837323,-0.0071213818990059075,,0.0017273658861075144,0.005004148183487989,0.0066888336339090415,0.01154651710940698,0.006447813837221826,0.006048965510286447,0.7539651609635868,1.2690318795804956e-08,1.1265746972002113e-56,-1.249000902703301e-16
spectral_smooth,6.208035064330728,7.2,-0.009592729961537094,-0.0024656612319479687,-0.0071270687295891255,,0.0020245098875575716,0.005004148183487989,0.006613091665606752,0.011471755395455247,0.006447813837221826,0.005979856834845287,0.7469521678470787,1.2690318795804956e-08,1.394606357929648e-53,7.45931094670027e-17
spectral_smooth,6.208035064330728,7.6000000000000005,-0.009257431370574665,-0.0021194218956510635,-0.007138009474923601,,0.0022914582089468122,0.005004148183487989,0.00654474139603356,0.011404072326630875,0.006447813837221826,0.005917337519295182,0.7416880776982951,1.2690318795804956e-08,8.156087346927414e-51,7.112366251504909e-17
spectral_smooth,6.208035064330728,8.0,-0.008955544680220529,-0.0017994978209705526,-0.007156046859249976,,0.0025314649971111313,0.005004148183487989,0.006482861493843584,0.01134249368689006,0.006447813837221826,0.005860520726691312,0.7380984086871295,1.2690318795804956e-08,2.5218201928829366e-48,-8.673617379884035e-17
spectral_smooth,6.208035064330728,8.4,-0.00868376748085975,-0.001500425516388848,-0.007183341964470902,,0.0027470756294318494,0.005004148183487989,0.006426694926803478,0.011286196249993137,0.006447813837221826,0.005808661567234698,0.7361964049755289,1.2690318795804956e-08,4.515457140695887e-46,-1.3183898417423734e-16
spectral_smooth,6.208035064330728,8.8,-0.00843950977251573,-0.0012171725169215497,-0.00722233725559418,,0.0029402566328306685,0.005004148183487989,0.006375618221858392,0.0112344792835573,0.006447813837221826,0.005761130370041563,0.7360652314335265,1.2690318795804956e-08,5.04434015617918e-44,-1.734723475976807e-17
spectral_smooth,6.208035064330728,9.2,-0.008220760048616882,-0.0009450508942056568,-0.007275709154411225,,0.003112504696812876,0.005004148183487989,0.006329116561941683,0.011186742173129614,0.006447813837221826,0.005717391536344442,0.7378432077694449,1.2690318795804956e-08,3.738972604115703e-42,-8.673617379884035e-17
spectral_smooth,6.208035064330728,9.600000000000001,-0.008025973238407091,-0.0006796588700146988,-0.007346314368392393,,0.003264938480751665,0.005004148183487989,0.006286763535670814,0.011142466817005856,0.006447813837221826,0.0056769867649259466,0.7417112167352257,1.2690318795804956e-08,1.935616801652016e-40,4.683753385137379e-17
spectral_smooth,6.208035064330728,10.0,-0.00785397678718791,-0.0004168430508936227,-0.007437133736294288,,0.0033983760106148686,0.005004148183487989,0.006248204614314634,0.011101203719411276,0.006447813837221826,0.005639521691938747,0.747881804138365,1.2690318795804956e-08,7.306589792677805e-39,-1.5612511283791264e-16
spectral_smooth,6.208035064330728,10.4,-0.0077038919984770415,-0.00015267532418289376,-0.007551216674294148,,0.0035133998199881004,0.005004148183487989,0.0062131436349769364,0.011062560943746651,0.006447813837221826,0.005604655196901525,0.7565896993927118,1.2690318795804956e-08,2.085778829832316e-37,-2.1684043449710089e-16
spectral_smooth,6.208035064330728,10.8,-0.007575068355695935,0.00011656020551259472,-0.00769162856120853,,0.0036104115533966367,0.005004148183487989,0.006181331725604422,0.011026195277105452,0.006447813837221826,0.005572090794507709,0.7680835949586994,1.2690318795804956e-08,4.644768934322384e-36,-1.6132928326584306e-16
spectral_smooth,6.208035064330728,11.2,-0.007467028955977284,0.00039437373658191,-0.007861402692559194,,0.0036896774534607786,0.005004148183487989,0.006152558225950178,0.01099180510696892,0.006447813837221826,0.005541569663380136,0.7826190751792952,1.2690318795804956e-08,8.286280921066552e-35,1.0408340855860843e-16
spectral_smooth,6.208035064330728,11.600000000000001,-0.007379425484784541,0.0006840723317625974,-0.008063497816547138,,0.003751365947052346,0.005004148183487989,0.006126643248348773,0.010959124627496711,0.006447813837221826,0.005512864964714641,0.8004526063808983,1.2690318795804956e-08,1.2117631226636495e-33,-1.249000902703301e-16
spectral_smooth,6.208035064330728,12.0,-0.007312001380149646,0.0009887603820813995,-0.008300761762231046,,0.00379557839403121,0.005004148183487989,0.0061034315906927095,0.010927919082653049,0.006447813837221826,0.005485777182102025,0.8218365063724262,1.2690318795804956e-08,1.4817418450504934e-32,-1.5785983631388945e-16
spectral_smooth,6.208035064330728,12.4,-0.0072645620079951345,0.001311339274204848,-0.008575901282199982,,0.0038223739425732317,0.005004148183487989,0.0060827877670806,0.010897980822225383,0.006447813837221826,0.005460130273951515,0.8470148114925398,1.2690318795804956e-08,1.5415016355369762e-31,2.220446049250313e-16
spectral_smooth,6.208035064330728,12.8,-0.007236950812876897,0.0016545071351657947,-0.008891457948042691,,0.0038317893339585374,0.005004148183487989,0.006064591963347632,0.010869125999302134,0.006447813837221826,0.005435768476076589,0.8762199578107863,1.2690318795804956e-08,1.3851978844497059e-30,1.8648277366750676e-16
spectral_smooth,6.208035064330728,13.2,-0.007229030532069358,0.0020207592091492366,-0.009249789741218595,,0.003823854409474892,0.005004148183487989,0.006048736758056283,0.010841191777739248,0.006447813837221826,0.005412553627443257,0.9096701922343653,1.2690318795804956e-08,1.0895775317434279e-29,2.168404344971009e-17
spectral_smooth,6.208035064330728,13.600000000000001,-0.007240668670953687,0.0024123891866108527,-0.00965305785756454,,0.0037986039890793265,0.005004148183487989,0.006035124476545084,0.010814033948516471,0.006447813837221826,0.005390362919360802,0.9475676299725506,1.2690318795804956e-08,7.590750842994531e-29,5.898059818321144e-17
spectral_smooth,6.208035064330728,14.0,-0.007271726537188772,0.002831491637494965,-0.010103218174683737,,0.0037560867140893498,0.005004148183487989,0.006023665067789952,0.010787524876952866,0.006447813837221826,0.005369086989453924,0.9900968772005525,1.2690318795804956e-08,4.732714426251893e-28,-1.8127860323957634e-16
spectral_smooth,6.208035064330728,14.400000000000002,-0.007322051221640313,0.003279965582337563,-0.010602016803977876,,0.003696371373995134,0.005004148183487989,0.006014274412147302,0.010761551720277882,0.006447813837221826,0.005348628298066471,1.0374241416315546,1.2690318795804956e-08,2.6653326797295216e-27,-1.5612511283791264e-16
spectral_smooth,6.208035064330728,14.8,-0.007391469996238742,0.003759519155278057,-0.0111509891515168,,0.0036195511705432665,0.005004148183487989,0.006006872983294054,0.010736014868382814,0.006447813837221826,0.0053288997374278954,1.0896967586970985,1.2690318795804956e-08,1.3670691409926386e-26,3.382710778154774e-17
spectral_smooth,6.208035064330728,15.2,-0.00747978667317678,0.004271675261829533,-0.011751461935006313,,0.003525746310725192,0.005004148183487989,0.0060013848004139,0.01071082657073014,0.006447813837221826,0.005309823433811104,1.1470430667780687,1.2690318795804956e-08,6.433284538229847e-26,-8.326672684688674e-17
spectral_smooth,6.208035064330728,15.600000000000001,-0.007586779536488897,0.004817778104144521,-0.012404557640633418,,0.0034151052643523853,0.005004148183487989,0.005997736617353255,0.010685909720149359,0.006447813837221826,0.005291329710668002,1.2095725710880565,1.2690318795804956e-08,2.796113742999517e-25,-3.8163916471489756e-17
spectral_smooth,6.208035064330728,16.0,-0.0077122005163541285,0.0053990004316442075,-0.013111200947998336,,0.0032878049715492283,0.005004148183487989,0.00599585730441532,0.010661196770183285,0.006447813837221826,0.005273356186835265,1.2773763421020572,1.2690318795804956e-08,1.1291344149624723e-24,-4.85722573273506e-17
spectral_smooth,6.208035064330728,16.400000000000002,-0.007855775328819425,0.006016351370862316,-0.013872126699681742,,0.003144050240642466,0.005004148183487989,0.005995677385973841,0.010636628767210547,0.006447813837221826,0.005255846988730649,1.3505276006336477,1.2690318795804956e-08,4.259332949442417e-24,-6.245004513516506e-17
spectral_smooth,6.208035064330728,16.8,-0.008017204349505536,0.006670684691774953,-0.014687889041280489,,0.002984072537359543,0.005004148183487989,0.005997128703377208,0.010612154482091766,0.006447813837221826,0.0052387520592944705,1.4290824476293884,1.2690318795804956e-08,1.508191859968003e-23,1.1796119636642288e-16
spectral_smooth,6.208035064330728,17.2,-0.008196164029723951,0.007362707376246058,-0.01555887140597001,,0.002808128331662974,0.005004148183487989,0.006000144177898958,0.010587729628819938,0.006447813837221826,0.0052220265494898055,1.5130807023630122,1.2690318795804956e-08,5.0350984804981494e-23,2.0816681711721685e-17
spectral_smooth,6.208035064330728,17.6,-0.008392308697807715,0.008092988365629106,-0.01648529706343682,,0.002616497138574758,0.005004148183487989,0.006004657652894485,0.0105633161597897,0.006447813837221826,0.005205630280627058,1.6025468179026077,1.2690318795804956e-08,1.5912513123187694e-22,0.0
spectral_smooth,6.208035064330728,18.0,-0.008605272617930149,0.008861967377620183,-0.017467239995550332,,0.0024094793635834263,0.005004148183487989,0.006010603798025538,0.010538881628978092,0.006447813837221826,0.005189527267753155,1.6974908474571433,1.2690318795804956e-08,4.777901187677101e-22,-4.85722573273506e-17
spectral_smooth,7.4516007436109435,5.2,-0.006501808743957338,-0.002589526862527669,-0.003912281881429669,,0.00013727224531010862,0.002760695591360718,0.0038783853979066363,0.00660123059071533,0.0035685711319533965,0.0035506308179771495,0.4410267816531144,1.746558486726002e-08,8.330189082845176e-74,-9.194034422677078e-17
spectral_smooth,7.4516007436109435,5.6000000000000005,-0.005964111476061518,-0.0020030288436002075,-0.00396108263246131,,0.0006080858906335955,0.002760695591360718,0.0038115017753342917,0.006534671142851317,0.0035685711319533965,0.003489123033949259,0.4318766354532776,1.746558486726002e-08,1.3230604115910993e-68,-1.0408340855860843e-16
spectral_smooth,7.4516007436109435,6.0,-0.005487985609028134,-0.0014828616622602486,-0.004005123946767886,,0.0010249641650421346,0.002760695591360718,0.0037522541827094136,0.006475695235031743,0.0035685711319533965,0.0034346268689553947,0.4252267557144594,1.746558486726002e-08,4.2536486526578224e-64,-1.3704315460216776e-16
spectral_smooth,7.4516007436109435,6.4,-0.0050642751265642105,-0.001018432061356933,-0.004045843065207277,,0.001395907579451248,0.002760695591360718,0.0036994871146547315,0.0064231417073240295,0.0035685711319533965,0.003386071943999555,0.4204973074794298,1.746558486726002e-08,3.7352788856454855e-60,-9.540979117872439e-18
spectral_smooth,7.4516007436109435,6.800000000000001,-0.004685586173302114,-0.0006007814401564615,-0.004084804733145653,,0.0017273658861075144,0.002760695591360718,0.003652256468048787,0.006376054526110603,0.0035685711319533965,0.0033425786760806243,0.41731549449333677,1.746558486726002e-08,1.1265746972002113e-56,-1.240327285323417e-16
spectral_smooth,7.4516007436109435,7.2,-0.004345975560241855,-0.00022220863982069794,-0.004123766920421157,,0.0020245098875575716,0.002760695591360718,0.003609789856438783,0.006333642689405509,0.0035685711319533965,0.0033034213690263017,0.4154629231507365,1.746558486726002e-08,1.394606357929648e-53,7.45931094670027e-17
spectral_smooth,7.4516007436109435,7.6000000000000005,-0.0040406913598236005,0.00012403069647620724,-0.004164722056299808,,0.0022914582089468122,0.002760695591360718,0.0035714539774097664,0.006295247553513111,0.0035685711319533965,0.003267998067823491,0.41484022278160965,1.746558486726002e-08,8.156087346927414e-51,7.112366251504909e-17
spectral_smooth,7.4516007436109435,8.0,-0.0037659587992590615,0.0004439547711567182,-0.00420991357041578,,0.0025314649971111313,0.002760695591360718,0.0035367282050093873,0.006260316766508043,0.0035685711319533965,0.003235806421500156,0.41544192240211897,1.746558486726002e-08,2.5218201928829366e-48,-8.760353553682876e-17
spectral_smooth,7.4516007436109435,8.4,-0.00351880329189308,0.0007430270757384227,-0.004261830367631503,,0.0027470756294318494,0.002760695591360718,0.003505183329964079,0.0062283836904627275,0.0035685711319533965,0.003206424532127011,0.41733747633769286,1.746558486726002e-08,4.515457140695887e-46,-1.3270634591222574e-16
spectral_smooth,7.4516007436109435,8.8,-0.003296903398129769,0.001026280075205721,-0.00432318347333549,,0.0029402566328306685,0.002760695591360718,0.0034764644395997024,0.006199051228818781,0.0035685711319533965,0.0031794958074422112,0.4206560737516658,1.746558486726002e-08,5.04434015617918e-44,-1.734723475976807e-17
spectral_smooth,7.4516007436109435,9.2,-0.0030984679873302667,0.001298401697921614,-0.004396869685251881,,0.003112504696812876,0.002760695591360718,0.003450277092782339,0.0061719791238217326,0.0035685711319533965,0.003154716975177133,0.4255739065912575,1.746558486726002e-08,3.738972604115703e-42,-8.586881206085195e-17
spectral_smooth,7.4516007436109435,9.600000000000001,-0.002922133225468637,0.001563793722112572,-0.004485926947581209,,0.003264938480751665,0.002760695591360718,0.0034263761148596306,0.0061468739593170335,0.0035685711319533965,0.003131828574260546,0.4323031768194483,1.746558486726002e-08,1.935616801652016e-40,4.640385298237959e-17
spectral_smooth,7.4516007436109435,10.0,-0.0027668760644799506,0.001826609541233648,-0.004593485605713599,,0.0033983760106148686,0.002760695591360718,0.003404556483733945,0.0061234812612067455,0.0035685711319533965,0.003110607380463033,0.4410824651590234,1.746558486726002e-08,7.306589792677805e-39,-1.5655879370690684e-16
spectral_smooth,7.4516007436109435,10.4,-0.002631941666270121,0.002090777267944377,-0.004722718934214498,,0.0035133998199881004,0.002760695591360718,0.003384645894897287,0.006101579220543857,0.0035685711319533965,0.0030908603427734715,0.4521682658450616,1.746558486726002e-08,2.085778829832316e-37,-2.1684043449710089e-16
spectral_smooth,7.4516007436109435,10.8,-0.002516782721224131,0.0023600127976398655,-0.004876795518863997,,0.0036104115533966367,0.002760695591360718,0.0033664986832598887,0.006080973671614112,0.0035685711319533965,0.003072419701845932,0.4658275815378824,1.746558486726002e-08,4.644768934322384e-36,-1.6132928326584306e-16
spectral_smooth,7.4516007436109435,11.2,-0.0024210089859965644,0.0026378263287091808,-0.005058835314705745,,0.0036896774534607786,0.002760695591360718,0.003349990848096729,0.006061494042155223,0.0035685711319533965,0.0030551390363082755,0.48233151067852825,1.746558486726002e-08,8.286280921066552e-35,1.0364972768961422e-16
spectral_smooth,7.4516007436109435,11.600000000000001,-0.002344345623777999,0.002927524923889868,-0.005271870547667867,,0.003751365947052346,0.002760695591360718,0.0033350159794695022,0.006042990058851457,0.0035685711319533965,0.0030388900403631246,0.5019497709401499,1.746558486726002e-08,1.2117631226636495e-33,-1.249000902703301e-16
spectral_smooth,7.4516007436109435,12.0,-0.0022865991216345916,0.0032322129742086703,-0.005518812095843262,,0.00379557839403121,0.002760695591360718,0.0033214819243049254,0.006025329042109616,0.0035685711319533965,0.003023559880465504,0.5249461014659206,1.746558486726002e-08,1.4817418450504934e-32,-1.5829351718288365e-16
spectral_smooth,7.4516007436109435,12.4,-0.0022476297098587006,0.0035547918663321187,-0.005802421576190819,,0.0038223739425732317,0.002760695591360718,0.0033093080610714365,0.006008393663094685,0.0035685711319533965,0.003009049012904378,0.5515744812776939,1.746558486726002e-08,1.5415016355369762e-31,2.220446049250313e-16
spectral_smooth,7.4516007436109435,12.8,-0.0022273293335163813,0.0038979597272930655,-0.006125289060809447,,0.0038317893339585374,0.002760695591360718,0.0032984230761143873,0.005992080065742885,0.0035685711319533965,0.002995269370236029,0.5820760957114676,1.746558486726002e-08,1.3851978844497059e-30,1.8648277366750676e-16
spectral_smooth,7.4516007436109435,13.2,-0.002225604335746645,0.004264211801276507,-0.006489816137023152,,0.003823854409474892,0.002760695591360718,0.003288763153860841,0.005976296279107296,0.0035685711319533965,0.002982142844582756,0.6166769788441598,1.746558486726002e-08,1.0895775317434279e-29,2.168404344971009e-17
spectral_smooth,7.4516007436109435,13.600000000000001,-0.0022423621107531266,0.0046558417787381234,-0.00689820388949125,,0.0037986039890793265,0.002760695591360718,0.0032802705084717942,0.005960960862599455,0.0035685711319533965,0.0029696000112581764,0.6555862582231093,1.746558486726002e-08,7.590750842994531e-29,5.898059818321144e-17
spectral_smooth,7.4516007436109435,14.0,-0.002277501074304411,0.005074944229622236,-0.007352445303926647,,0.0037560867140893498,0.002760695591360718,0.0032728921970328617,0.005946001739765473,0.0035685711319533965,0.0029575790481075094,0.6989949287525059,1.746558486726002e-08,4.732714426251893e-28,-1.8127860323957634e-16
spectral_smooth,7.4516007436109435,14.400000000000002,-0.002330903381967786,0.005523418174464834,-0.00785432155643262,,0.003696371373995134,0.002760695591360718,0.003266579164602046,0.005931355186173513,0.0035685711319533965,0.0029460248151913773,0.7470750849872562,1.746558486726002e-08,2.6653326797295216e-27,-1.5612511283791264e-16
spectral_smooth,7.4516007436109435,14.8,-0.0024024299007015526,0.006002971747405328,-0.00840540164810688,,0.0036195511705432665,0.002760695591360718,0.003261285479884135,0.0059169649445511415,0.0035685711319533965,0.002934888066626982,0.7999795448957872,1.746558486726002e-08,1.3670691409926386e-26,3.382710778154774e-17
spectral_smooth,7.4516007436109435,15.2,-0.002491917007926281,0.006515127853956804,-0.009007044861883085,,0.003525746310725192,0.002760695591360718,0.0032569677272906716,0.005902781446074479,0.0035685711319533965,0.002924124772010341,0.8578418029385926,1.746558486726002e-08,6.433284538229847e-26,-8.326672684688674e-17
spectral_smooth,7.4516007436109435,15.600000000000001,-0.002599174853963826,0.007061230696271792,-0.009660405550235618,,0.0034151052643523853,0.002760695591360718,0.0032535845269554553,0.005888761121114398,0.0035685711319533965,0.002913695529241498,0.9207762556884862,1.746558486726002e-08,2.796113742999517e-25,-3.8163916471489756e-17
spectral_smooth,7.4516007436109435,16.0,-0.0027239867789342065,0.007642453023771478,-0.010366439802705685,,0.0032878049715492283,0.002760695591360718,0.0032510961591226684,0.005874865786119431,0.0035685711319533965,0.002903565054037755,0.9888786488719967,1.746558486726002e-08,1.1291344149624723e-24,-4.85722573273506e-17
spectral_smooth,7.4516007436109435,16.400000000000002,-0.0028661096240692463,0.008259803962989587,-0.011125913587058833,,0.003144050240642466,0.002760695591360718,0.0032494642733509327,0.005861062095910903,0.0035685711319533965,0.002893701734159015,1.0622267003949712,1.746558486726002e-08,4.259332949442417e-24,-6.158268339717665e-17
spectral_smooth,7.4516007436109435,16.8,-0.0030252747203549646,0.008914137283902224,-0.011939412004257188,,0.002984072537359543,0.002760695591360718,0.003248651666353908,0.00584732105267182,0.0035685711319533965,0.0028840772385454677,1.1408808594501103,1.746558486726002e-08,1.508191859968003e-23,1.1796119636642288e-16
spectral_smooth,7.4516007436109435,17.2,-0.0032011893747831976,0.009606159968373329,-0.012807349343156527,,0.002808128331662974,0.002760695591360718,0.0032486221150854755,0.005833617564469453,0.0035685711319533965,0.002874666173304624,1.2248851670576681,1.746558486726002e-08,5.0350984804981494e-23,2.168404344971009e-17
spectral_smooth,7.4516007436109435,17.6,-0.0033935387068262934,0.010336440957756377,-0.01372997966458267,,0.002616497138574758,0.002760695591360718,0.0032493402540403338,0.005819930047369713,0.0035685711319533965,0.002865445777877421,1.3142681882891967,1.746558486726002e-08,1.5912513123187694e-22,0.0
spectral_smooth,7.4516007436109435,18.0,-0.0036019877154425117,0.011105419969747454,-0.014707407685189966,,0.0024094793635834263,0.002760695591360718,0.0032507714876651717,0.005806240066160452,0.0035685711319533965,0.0028563956558350684,1.4090439909092884,1.746558486726002e-08,4.777901187677101e-22,-4.85722573273506e-17
spectral_smooth,8.944271909999157,5.2,-0.0024607441869748947,-0.0009047084701591657,-0.001556035716815729,,0.00013727224531010862,0.0010758771989922145,0.0015221392332926964,0.0025916596836773344,0.0014027200371195434,0.001395522103626875,0.17300181149232607,2.4740106518983396e-08,8.330189082845176e-74,-9.237402509576498e-17
spectral_smooth,8.944271909999157,5.6000000000000005,-0.0019631010934184623,-0.0003182104512317041,-0.0016448906421867582,,0.0006080858906335955,0.0010758771989922145,0.0014953097850597397,0.0025649267078623303,0.0014027200371195434,0.001370844033313616,0.17017139370495624,2.4740106518983396e-08,1.3230604115910993e-68,-1.0364972768961422e-16
spectral_smooth,8.944271909999157,6.0,-0.0015224557136013228,0.00020195673010825477,-0.0017244124437095776,,0.0010249641650421346,0.0010758771989922145,0.0014715426796511055,0.0025412396392784386,0.0014027200371195434,0.0013489791767234802,0.1690752988691535,2.4740106518983396e-08,4.2536486526578224e-64,-1.3747683547116196e-16
spectral_smooth,8.944271909999157,6.4,-0.0011303434793931144,0.0006663863310115703,-0.0017967298104046847,,0.001395907579451248,0.0010758771989922145,0.0014503738598521387,0.002520132145349746,0.0014027200371195434,0.00132949809346831,0.1692606946184127,2.4740106518983396e-08,3.7352788856454855e-60,-9.324138683375338e-18
spectral_smooth,8.944271909999157,6.800000000000001,-0.000779935129877285,0.0010840369522120419,-0.0018639720820893269,,0.0017273658861075144,0.0010758771989922145,0.001431423816992461,0.00250122029779394,0.0014027200371195434,0.001312047901479202,0.17045548832346147,2.4740106518983396e-08,1.1265746972002113e-56,-1.240327285323417e-16
spectral_smooth,8.944271909999157,7.2,-0.0004657489544685478,0.0014626097525478055,-0.0019283587070163533,,0.0020245098875575716,0.0010758771989922145,0.0014143816430339795,0.002484186471206205,0.0014027200371195434,0.0012963374693213522,0.1725218463606936,2.4740106518983396e-08,1.394606357929648e-53,7.45931094670027e-17
spectral_smooth,8.944271909999157,7.6000000000000005,-0.00018341092143747684,0.0018088490888447106,-0.0019922600102821875,,0.0022914582089468122,0.0010758771989922145,0.0013989919313921462,0.002468766221165015,0.0014027200371195434,0.0012821253216385,0.1754253551223673,2.4740106518983396e-08,8.156087346927414e-51,7.155734338404329e-17
spectral_smooth,8.944271909999157,8.0,7.054360329195042e-05,0.0021287731635252216,-0.002058229560233271,0.033138149475320844,0.0025314649971111313,0.0010758771989922145,0.0013850441948268788,0.0024547378146659565,0.0014027200371195434,0.0012692099548078444,0.17921329147926185,2.4740106518983396e-08,2.5218201928829366e-48,-8.760353553682876e-17
spectral_smooth,8.944271909999157,8.4,0.00029883406442010596,0.002427845468106926,-0.00212901140368682,0.12308611414758497,0.0027470756294318494,0.0010758771989922145,0.0013723643660193963,0.0024419139639337136,0.0014027200371195434,0.0012574221526358462,0.18399821812931386,2.4740106518983396e-08,4.515457140695887e-46,-1.3270634591222574e-16
spectral_smooth,8.944271909999157,8.8,0.0005035714612988684,0.0027110984675742245,-0.002207527006275356,0.18574443802826635,0.0029402566328306685,0.0010758771989922145,0.0013608079725395683,0.002430135328608687,0.0014027200371195434,0.0012466189079916566,0.18994476349601033,2.4740106518983396e-08,5.04434015617918e-44,-1.734723475976807e-17
spectral_smooth,8.944271909999157,9.2,0.000686372855040196,0.0029832200902901174,-0.0022968472352499214,0.23007784684550256,0.003112504696812876,0.0010758771989922145,0.0013502546427803797,0.002419265411001509,0.0014027200371195434,0.0012366786126951084,0.19725841819575174,2.4740106518983396e-08,3.738972604115703e-42,-8.586881206085195e-17
spectral_smooth,8.944271909999157,9.600000000000001,0.0008484576141867817,0.0032486121144810753,-0.0024001545002942937,0.2611754140805795,0.003264938480751665,0.0010758771989922145,0.001340603667572715,0.0024091865375394763,0.0014027200371195434,0.00122749724100726,0.20617574050358484,2.4740106518983396e-08,1.935616801652016e-40,4.640385298237959e-17
spectral_smooth,8.944271909999157,10.0,0.000990728410232511,0.0035114279336021514,-0.0025206995233696405,0.28214402487143897,0.0033983760106148686,0.0010758771989922145,0.0013317704013899867,0.0023997966825589894,0.0014027200371195434,0.0012189853091867818,0.21695567300094254,2.4740106518983396e-08,7.306589792677805e-39,-1.5655879370690684e-16
spectral_smooth,8.944271909999157,10.4,0.0011138392863183078,0.0037755956603128804,-0.0026617563739945727,0.29501021468649663,0.0035133998199881004,0.0010758771989922145,0.0013236833346773613,0.0023910069438447127,0.0014027200371195434,0.0012110654411940191,0.22987183297337188,2.4740106518983396e-08,2.085778829832316e-37,-2.1684043449710089e-16
spectral_smooth,8.944271909999157,10.8,0.0012182526486050338,0.004044831190008369,-0.002826578541403335,0.3011875134899049,0.0036104115533966367,0.0010758771989922145,0.001316281705799227,0.0023827395223955405,0.0014027200371195434,0.001203670408739245,0.24520571349210787,2.4740106518983396e-08,4.644768934322384e-36,-1.6132928326584306e-16
spectral_smooth,8.944271909999157,11.2,0.001304286705073321,0.004322644721077684,-0.0030183580160043633,0.3017334963277175,0.0036896774534607786,0.0010758771989922145,0.001309513549395347,0.0023749260929130716,0.0014027200371195434,0.0011967415437247433,0.263240759447957,2.4740106518983396e-08,8.286280921066552e-35,1.0364972768961422e-16
spectral_smooth,8.944271909999157,11.600000000000001,0.0013721546485784275,0.004612343316258372,-0.003240188667679944,0.2974962084330591,0.003751365947052346,0.0010758771989922145,0.001303334099481579,0.002367506477974199,0.0014027200371195434,0.001190227444240125,0.28425728645542225,2.4740106518983396e-08,1.2117631226636495e-33,-1.249000902703301e-16
spectral_smooth,8.944271909999157,12.0,0.0014219967128836775,0.004917031366577174,-0.003495034653693496,0.2891982187767805,0.00379557839403121,0.0010758771989922145,0.0012977044821551598,0.0023604275592495156,0.0014027200371195434,0.0011840829130525812,0.3085282039812065,2.4740106518983396e-08,1.4817418450504934e-32,-1.5829351718288365e-16
spectral_smooth,8.944271909999157,12.4,0.0014539060980874319,0.005239610258700622,-0.0037857041606131903,0.2774836345266619,0.0038223739425732317,0.0010758771989922145,0.0012925906454938074,0.002353642374758663,0.0014027200371195434,0.0011782680811822908,0.33631549462018495,2.4740106518983396e-08,1.5415016355369762e-31,2.220446049250313e-16
spectral_smooth,8.944271909999157,12.8,0.0014679496507697953,0.005582778119661569,-0.0041148284688917736,0.2629425026941216,0.0038317893339585374,0.0010758771989922145,0.001287962484196714,0.0023471093630812543,0.0014027200371195434,0.0011727476796259263,0.36786739282932135,2.4740106518983396e-08,1.3851978844497059e-30,1.8648277366750676e-16
spectral_smooth,8.944271909999157,13.2,0.001464184086129472,0.005949030193645011,-0.004484846107515539,0.24612147500840914,0.003823854409474892,0.0010758771989922145,0.0012837931243532275,0.0023407917245224148,0.0014027200371195434,0.001167490430336803,0.4034162001936371,2.4740106518983396e-08,1.0895775317434279e-29,2.168404344971009e-17
spectral_smooth,8.944271909999157,13.600000000000001,0.0014426684501050446,0.006340660171106627,-0.004897991721001582,0.22752653685479846,0.0037986039890793265,0.0010758771989922145,0.0012800583399821264,0.0023346568761361,0.0014027200371195434,0.0011624685337649511,0.4431766708420213,2.4740106518983396e-08,7.590750842994531e-29,5.898059818321144e-17
spectral_smooth,8.944271909999157,14.0,0.001403473437058711,0.006759762621990739,-0.005356289184932028,0.20762170442094463,0.0037560867140893498,0.0010758771989922145,0.001276736078038243,0.0023286759827567593,0.0014027200371195434,0.0011576572350439937,0.4873448997646975,2.4740106518983396e-08,4.732714426251893e-28,-1.8127860323957634e-16
spectral_smooth,8.944271909999157,14.400000000000002,0.0013466881023477262,0.007208236566833337,-0.005861548464485611,0.1868262909883023,0.003696371373995134,0.0010758771989922145,0.001273806072655037,0.002322823550179845,0.0014027200371195434,0.0011530344546183376,0.536097648067774,2.4740106518983396e-08,2.6653326797295216e-27,-1.5612511283791264e-16
spectral_smooth,8.944271909999157,14.8,0.0012724244387903871,0.007687790139773831,-0.006415365700983444,0.16551237945574576,0.0036195511705432665,0.0010758771989922145,0.0012712495327606987,0.0023170770696688573,0.0014027200371195434,0.0011485804719871227,0.5895920421268996,2.4740106518983396e-08,1.3670691409926386e-26,3.382710778154774e-17
spectral_smooth,8.944271909999157,15.2,0.0011808202217899466,0.008199946246325307,-0.00701912602453536,0.144003410061269,0.003525746310725192,0.0010758771989922145,0.0012690488899429475,0.002311416705282679,0.0014027200371195434,0.0011442776534927271,0.6479655876750801,2.4740106518983396e-08,6.433284538229847e-26,-8.326672684688674e-17
spectral_smooth,8.944271909999157,15.600000000000001,0.0010720404696641372,0.008746049088640295,-0.007674008618976158,0.12257425710730856,0.0034151052643523853,0.0010758771989922145,0.0012671875956959955,0.002305825017287553,0.0014027200371195434,0.001140110216847196,0.7113364446627422,2.4740106518983396e-08,2.796113742999517e-25,-3.8163916471489756e-17
spectral_smooth,8.944271909999157,16.0,0.000946277813470453,0.009327271416139982,-0.008380993602669529,0.10145280128044808,0.0032878049715492283,0.0010758771989922145,0.0012656499590865122,0.0023002867162758268,0.0014027200371195434,0.0011360640264805532,0.779803913916078,2.4740106518983396e-08,1.1291344149624723e-24,-4.85722573273506e-17
spectral_smooth,8.944271909999157,16.400000000000002,0.0008037520242586416,0.00994462235535809,-0.009140870331099449,0.08082277994453814,0.003144050240642466,0.0010758771989922145,0.0012644210173915482,0.002294788443658928,0.0014027200371195434,0.0011321264148951113,0.853449091918737,2.4740106518983396e-08,4.259332949442417e-24,-6.158268339717665e-17
spectral_smooth,8.944271909999157,16.8,0.0006447089047829091,0.010598955676270727,-0.009954246771487818,0.06082758759207792,0.002984072537359543,0.0010758771989922145,0.0012634864335845375,0.002289318575010444,0.0014027200371195434,0.001128286026084248,0.932335655266218,2.4740106518983396e-08,1.508191859968003e-23,1.1796119636642288e-16
spectral_smooth,8.944271909999157,17.2,0.0004694187170770081,0.011290978360741832,-0.010821559643664824,0.04157467157223094,0.002808128331662974,0.0010758771989922145,0.0012628324155937731,0.002283867043363829,0.0014027200371195434,0.001124532677772139,1.0165107413389136,2.4740106518983396e-08,5.0350984804981494e-23,2.168404344971009e-17
spectral_smooth,8.944271909999157,17.6,0.0002781742864313985,0.01202125935012488,-0.011743085063693481,0.023140195076858463,0.002616497138574758,0.0010758771989922145,0.0012624456531511452,0.00227842518006109,0.0014027200371195434,0.0011208572397908678,1.1060058964254569,2.4740106518983396e-08,1.5912513123187694e-22,0.0
spectral_smooth,8.944271909999157,18.0,7.128889580071407e-05,0.012790238362115958,-0.012718949466315244,0.005573695640565088,0.0024094793635834263,0.0010758771989922145,0.0012623132687904492,0.0022729855711363794,0.0014027200371195434,0.001117251526362548,1.2008380668419913,2.4740106518983396e-08,4.777901187677101e-22,-4.85722573273506e-17
spectral_smooth,10.735948254956169,5.2,-0.000414692908692893,-5.752437818251632e-05,-0.00035716853051037667,,0.00013727224531010862,0.0002286931070155651,0.000323272046987344,0.000548382618673363,0.0002963640131623099,0.00029488164643800933,0.03682309109300914,3.3274555111262316e-08,8.330189082845176e-74,-9.248244531301353e-17
spectral_smooth,10.735948254956169,5.6000000000000005,6.166662703127601e-05,0.0005289736407449452,-0.00046730701371366923,0.11657788267943157,0.0006080858906335955,0.0002286931070155651,0.0003177261565866507,0.0005428843506151218,0.0002963640131623099,0.0002897993427100557,0.03728474350092147,3.3274555111262316e-08,1.3230604115910993e-68,-1.0364972768961422e-16
spectral_smooth,10.735948254956169,6.0,0.0004834576268142876,0.0010491408220849041,-0.0005656831952706165,0.4608129019834886,0.0010249641650421346,0.0002286931070155651,0.00031281343121214444,0.0005380125325448781,0.0002963640131623099,0.0002852963983323462,0.039082639158979915,3.3274555111262316e-08,4.2536486526578224e-64,-1.3747683547116196e-16
spectral_smooth,10.735948254956169,6.4,0.0008587764165384759,0.0015135704229882196,-0.0006547940064497437,0.5673845124715151,0.001395907579451248,0.0002286931070155651,0.00030843805589719775,0.0005336712427924991,0.0002963640131623099,0.00028128436855253314,0.04182986278578344,3.3274555111262316e-08,3.7352788856454855e-60,-9.324138683375338e-18
spectral_smooth,10.735948254956169,6.800000000000001,0.0011941510350870765,0.0019312210441886912,-0.0007370700091016147,0.6183399040106986,0.0017273658861075144,0.0002286931070155651,0.00030452174400474874,0.000529781503643219,0.0002963640131623099,0.000277690573447482,0.045306691436798364,3.3274555111262316e-08,1.1265746972002113e-56,-1.240327285323417e-16
spectral_smooth,10.735948254956169,7.2,0.0014948163338909248,0.002309793844524455,-0.00081497751063353,0.6471643941014488,0.0020245098875575716,0.0002286931070155651,0.0003010004466511562,0.000526277969125828,0.0002963640131623099,0.00027445504812003725,0.049417281000513354,3.3274555111262316e-08,1.394606357929648e-53,7.45931094670027e-17
spectral_smooth,10.735948254956169,7.6000000000000005,0.0017649434548213105,0.00265603318082136,-0.0008910897260000494,0.6645035414337384,0.0022914582089468122,0.0002286931070155651,0.00029782164711000814,0.0005231062259161046,0.0002963640131623099,0.000271528051780573,0.05416116758919758,3.3274555111262316e-08,8.156087346927414e-51,7.155734338404329e-17
spectral_smooth,10.735948254956169,8.0,0.0020078297185493477,0.002975957255501871,-0.0009681275369525233,0.6746836550952892,0.0025314649971111313,0.0002286931070155651,0.0002949421715461309,0.000520220640073013,0.0002963640131623099,0.00026886807333434697,0.05961328800147894,3.3274555111262316e-08,2.5218201928829366e-48,-8.760353553682876e-17
spectral_smooth,10.735948254956169,8.4,0.0022260560956892106,0.0032750295600835755,-0.001048973464394365,0.6797056499338601,0.0027470756294318494,0.0002286931070155651,0.000292326426726941,0.0005175826572412154,0.0002963640131623099,0.0002664402489900095,0.06590889929558441,3.3274555111262316e-08,4.515457140695887e-46,-1.3270634591222574e-16
spectral_smooth,10.735948254956169,8.8,0.0024216185447265004,0.003558282559550874,-0.0011366640148243734,0.680558248030802,0.0029402566328306685,0.0002286931070155651,0.0002899449810885857,0.0005151594667956673,0.0002963640131623099,0.000264215110702118,0.07323137239663197,3.3274555111262316e-08,5.04434015617918e-44,-1.734723475976807e-17
spectral_smooth,10.735948254956169,9.2,0.002596038170714743,0.0038304041822667667,-0.0012343660115520239,0.6777452318826711,0.003112504696812876,0.0002286931070155651,0.0002877734190824821,0.0005129229526708306,0.0002963640131623099,0.0002621675958750485,0.08180177308708536,3.3274555111262316e-08,3.738972604115703e-42,-8.586881206085195e-17
spectral_smooth,10.735948254956169,9.600000000000001,0.0027504539609324308,0.004095796206457725,-0.001345342245525294,0.6715309605970797,0.003264938480751665,0.0002286931070155651,0.00028579141280371534,0.0005108488676914859,0.0002963640131623099,0.00026027626173658844,0.09186968073526143,3.3274555111262316e-08,1.935616801652016e-40,4.640385298237959e-17
spectral_smooth,10.735948254956169,10.0,0.0028857009365799713,0.004358612025578801,-0.0014729110889988295,0.662068777777202,0.0033983760106148686,0.0002286931070155651,0.00028398196701917566,0.0005089161811929702,0.0002963640131623099,0.00025852265955515996,0.10370498864409494,3.3274555111262316e-08,7.306589792677805e-39,-1.5655879370690684e-16
spectral_smooth,10.735948254956169,10.4,0.0030023759095564317,0.00462277975228953,-0.001620403842733098,0.6494741411959852,0.0035133998199881004,0.0002286931070155651,0.0002823308034158867,0.0005071065606809163,0.0002963640131623099,0.0002568908336860471,0.11759057896283356,3.3274555111262316e-08,2.085778829832316e-37,-2.1684043449710089e-16
spectral_smooth,10.735948254956169,10.8,0.0031008925890362304,0.004892015281985018,-0.0017911226929487878,0.6338681321081219,0.0036104115533966367,0.0002286931070155651,0.0002808258573446798,0.0005054039571526775,0.0002963640131623099,0.0002553669182865873,0.1338158314987212,3.3274555111262316e-08,4.644768934322384e-36,-1.6132928326584306e-16
spectral_smooth,10.735948254956169,11.2,0.003181527480423829,0.0051698288130543335,-0.0019883013326305043,0.6154028683483977,0.0036896774534607786,0.0002286931070155651,0.000279456866021488,0.0005037942707099267,0.0002963640131623099,0.00025393881069319714,0.15267094743220816,3.3274555111262316e-08,8.286280921066552e-35,1.0364972768961422e-16
spectral_smooth,10.735948254956169,11.600000000000001,0.0032444578085640274,0.005459527408235021,-0.0022150695996709935,0.5942744794485626,0.003751365947052346,0.0002286931070155651,0.0002782150314726284,0.0005022650785449347,0.0002963640131623099,0.0002525959052166027,0.17444206851679744,3.3274555111262316e-08,1.2117631226636495e-33,-1.249000902703301e-16
spectral_smooth,10.735948254956169,12.0,0.0032897925422193386,0.005764215458553823,-0.0024744229163344844,0.5707268518801535,0.00379557839403121,0.0002286931070155651,0.000277092744796148,0.0005008054115866486,0.0002963640131623099,0.0002513288747772051,0.19940716281216658,3.3274555111262316e-08,1.4817418450504934e-32,-1.5829351718288365e-16
spectral_smooth,10.735948254956169,12.4,0.0033175974746852965,0.0060867943506772715,-0.002769196875991975,0.5450483922323005,0.0038223739425732317,0.0002286931070155651,0.0002760833608725921,0.0004994055693132833,0.0002963640131623099,0.0002501294906159568,0.2278326363840582,3.3274555111262316e-08,1.5415016355369762e-31,2.220446049250313e-16
spectral_smooth,10.735948254956169,12.8,0.003327915212295196,0.006429962211638218,-0.003102046999343022,0.5175637278663436,0.0038317893339585374,0.0002286931070155651,0.00027518101464796274,0.0004980569646956965,0.0002963640131623099,0.00024899047247481983,0.25997062015587863,3.3274555111262316e-08,1.3851978844497059e-30,1.8648277366750676e-16
spectral_smooth,10.735948254956169,13.2,0.003320780830760872,0.00679621428562166,-0.003475433454860788,0.4886221492142247,0.003823854409474892,0.0002286931070155651,0.00027438047169847657,0.0004967519931064318,0.0002963640131623099,0.00024790536329913115,0.29605687362530864,3.3274555111262316e-08,1.0895775317434279e-29,2.168404344971009e-17
spectral_smooth,10.735948254956169,13.600000000000001,0.0032962338750052167,0.007187844263083276,-0.0038916103880780595,0.45858448713679756,0.0037986039890793265,0.0002286931070155651,0.00027367700705860365,0.0004954839204512139,0.0002963640131623099,0.0002468684237907932,0.33630924275572305,3.3274555111262316e-08,7.590750842994531e-29,5.898059818321144e-17
spectral_smooth,10.735948254956169,14.0,0.0032543272997471173,0.0076069467139673885,-0.004352619414220271,0.42780992454853534,0.0037560867140893498,0.0002286931070155651,0.00027306630732648607,0.0004942467868599884,0.0002963640131623099,0.0002458745431268199,0.3809266077508315,3.3274555111262316e-08,4.732714426251893e-28,-1.8127860323957634e-16
spectral_smooth,10.735948254956169,14.400000000000002,0.003195133875063927,0.008055420658809986,-0.0048602867837460595,0.39664395075004544,0.003696371373995134,0.0002286931070155651,0.00027254439191548574,0.0004930353230956552,0.0002963640131623099,0.0002449191629213052,0.4300882571328699,3.3274555111262316e-08,2.6653326797295216e-27,-1.5612511283791264e-16
spectral_smooth,10.735948254956169,14.8,0.003118750513511348,0.00853497423175048,-0.005416223718239133,0.3654083104210741,0.0036195511705432665,0.0002286931070155651,0.0002721075500163872,0.0004918448774632885,0.0002963640131623099,0.00024399821210259337,0.4839536270147884,3.3274555111262316e-08,1.3670691409926386e-26,3.382710778154774e-17
spectral_smooth,10.735948254956169,15.2,0.0030253009132930053,0.009047130338301956,-0.006021829425008951,0.33439342644209324,0.003525746310725192,0.0002286931070155651,0.00027175229041653814,0.0004906713514786677,0.0002963640131623099,0.00024310805084092966,0.5426623481699612,3.3274555111262316e-08,6.433284538229847e-26,-8.326672684688674e-17
spectral_smooth,10.735948254956169,15.600000000000001,0.0029149368555270727,0.009593233180616945,-0.006678296325089872,0.3038534350876283,0.0034151052643523853,0.0002286931070155651,0.00027147530180970936,0.0004895111429185812,0.0002963640131623099,0.00024224542202524508,0.6063345480178529,3.3274555111262316e-08,2.796113742999517e-25,-3.8163916471489756e-17
spectral_smooth,10.735948254956169,16.0,0.0027878384428967062,0.010174455508116631,-0.007386617065219925,0.27400369883899134,0.0032878049715492283,0.0002286931070155651,0.0002712734216369084,0.0004883610951539898,0.0002963640131623099,0.00024140740907382352,0.6750713595962635,3.3274555111262316e-08,1.1291344149624723e-24,-4.85722573273506e-17
spectral_smooth,10.735948254956169,16.400000000000002,0.0026442135218034957,0.01079180644733474,-0.008147592925531244,0.24502047314391365,0.003144050240642466,0.0002286931070155651,0.00027114361182334346,0.00048721845188143075,0.0002963640131623099,0.00024059139908986157,0.7489555947035224,3.3274555111262316e-08,4.259332949442417e-24,-6.158268339717665e-17
spectral_smooth,10.735948254956169,16.8,0.002484296490260385,0.011446139768247376,-0.008961843277986992,0.21704229902486838,0.002984072537359543,0.0002286931070155651,0.00027108294008371114,0.00048608081653361406,0.0002963640131623099,0.00023979505055267896,0.8280525434638933,3.3274555111262316e-08,1.508191859968003e-23,1.1796119636642288e-16
spectral_smooth,10.735948254956169,17.2,0.0023083466589737256,0.012138162452718482,-0.009829815793744756,0.1901726614687666,0.002808128331662974,0.0002286931070155651,0.000271088565673705,0.0004849461157787526,0.0002963640131623099,0.00023901626487878255,0.9124108674400658,3.3274555111262316e-08,5.0350984804981494e-23,2.168404344971009e-17
spectral_smooth,10.735948254956169,17.6,0.002116646302868841,0.01286844344210153,-0.010751797139232688,0.16448347559611096,0.002616497138574758,0.0002286931070155651,0.00027115772869035215,0.00048381256661867404,0.0002963640131623099,0.00023825316130200654,1.0020635580022375,3.3274555111262316e-08,1.5912513123187694e-22,0.0
spectral_smooth,10.735948254956169,18.0,0.001909498514399588,0.013637422454092607,-0.011727923939693019,0.14001901905052044,0.0024094793635834263,0.0002286931070155651,0.0002712877421682247,0.0004826786466748491,0.0002963640131623099,0.0002375040546146012,1.0970289358910097,3.3274555111262316e-08,4.777901187677101e-22,-4.85722573273506e-17
spectral_smooth,12.886525151839582,5.2,5.117221456579779e-05,0.0001350411610800406,-8.386894651424281e-05,0.37893790423993295,0.00013727224531010862,3.612756775300818e-05,4.9972462991210165e-05,8.60760464360786e-05,4.595059740214692e-05,4.5769843331862705e-05,0.005789949246038885,4.381472518133478e-08,8.330189082845176e-74,-9.248244531301353e-17
spectral_smooth,12.886525151839582,5.6000000000000005,0.0005226465579246664,0.0007215391800075022,-0.00019889262208283576,0.7243495189259608,0.0006080858906335955,3.612756775300818e-05,4.931176495581724e-05,8.541509654340887e-05,4.595059740214692e-05,4.5150129765415616e-05,0.007004633993863895,4.381472518133478e-08,1.3230604115910993e-68,-1.0364972768961422e-16
spectral_smooth,12.886525151839582,6.0,0.0009401099073624852,0.001241706361347461,-0.0003015964539849758,0.757111291869607,0.0010249641650421346,3.612756775300818e-05,4.872668992650375e-05,8.482943575160759e-05,4.595059740214692e-05,4.460105348954622e-05,0.009464539376039895,4.381472518133478e-08,4.2536486526578224e-64,-1.3747683547116196e-16
spectral_smooth,12.886525151839582,6.4,0.0013115740488351957,0.0017061359622507766,-0.0003945619134155809,0.7687394661706415,0.001395907579451248,3.612756775300818e-05,4.820596286303491e-05,8.430752097226464e-05,4.595059740214692e-05,4.411182466436598e-05,0.012797816931389705,4.381472518133478e-08,3.7352788856454855e-60,-9.324138683375338e-18
spectral_smooth,12.886525151839582,6.800000000000001,0.001643497856366194,0.002123786583451248,-0.0004802887270850542,0.7738526409256417,0.0017273658861075144,3.612756775300818e-05,4.7740461988188265e-05,8.383984013558742e-05,4.595059740214692e-05,4.367357324179508e-05,0.01679671706951648,4.381472518133478e-08,1.1265746972002113e-56,-1.240327285323417e-16
spectral_smooth,12.886525151839582,7.2,0.0019410594856903995,0.0025023593837870117,-0.0005612998980966122,0.7756917324772294,0.0020245098875575716,3.612756775300818e-05,4.732283411423843e-05,8.341851327216868e-05,4.595059740214692e-05,4.327897676161214e-05,0.021374998368174948,4.381472518133478e-08,1.394606357929648e-53,7.45931094670027e-17
spectral_smooth,12.886525151839582,7.6000000000000005,0.0022083834665690416,0.002848598720083917,-0.0006402152535148753,0.7752525657611701,0.0022914582089468122,3.612756775300818e-05,4.6947174624834e-05,8.303696769977977e-05,4.595059740214692e-05,4.292195646813066e-05,0.02653996324512021,4.381472518133478e-08,8.156087346927414e-51,7.155734338404329e-17
spectral_smooth,12.886525151839582,8.0,0.0024487286655419105,0.003168522794764428,-0.0007197941292225174,0.7728297456430222,0.0025314649971111313,3.612756775300818e-05,4.6608763816125e-05,8.268967924376072e-05,4.595059740214692e-05,4.259743414841054e-05,0.03237287798769639,4.381472518133478e-08,2.5218201928829366e-48,-8.760353553682876e-17
spectral_smooth,12.886525151839582,8.4,0.0026646442121308622,0.0034675950993461324,-0.0008029508872152702,0.7684415670772292,0.0027470756294318494,3.612756775300818e-05,4.6303849547846276e-05,8.237196834910608e-05,4.595059740214692e-05,4.230113937375996e-05,0.039014194681692115,4.381472518133478e-08,4.515457140695887e-46,-1.3270634591222574e-16
spectral_smooth,12.886525151839582,8.8,0.0028580995978254586,0.0037508480988134307,-0.0008927485009879721,0.7619875618875661,0.0029402566328306685,3.612756775300818e-05,4.6029467252184375e-05,8.207984024962384e-05,4.595059740214692e-05,4.2029457213581476e-05,0.04665157624864459,4.381472518133478e-08,5.04434015617918e-44,-1.734723475976807e-17
spectral_smooth,12.886525151839582,9.2,0.003030593838907192,0.004022969721529324,-0.0009923758826221318,0.7533225573855719,0.003112504696812876,3.612756775300818e-05,4.5783290152590084e-05,8.180985981931892e-05,4.595059740214692e-05,4.177930790046451e-05,0.05550965650645966,4.381472518133478e-08,3.738972604115703e-42,-8.586881206085195e-17
spectral_smooth,12.886525151839582,9.600000000000001,0.0031832474088083207,0.004288361745720282,-0.001105114336911961,0.7422991803303796,0.003264938480751665,3.612756775300818e-05,4.5563504190382353e-05,8.155905342310795e-05,4.595059740214692e-05,4.154805150827662e-05,0.06584099883994317,4.381472518133478e-08,1.935616801652016e-40,4.640385298237959e-17
spectral_smooth,12.886525151839582,10.0,0.0033168797394039773,0.004551177564841358,-0.0012342978254373804,0.7287959417420786,0.0033983760106148686,3.612756775300818e-05,4.536870345772659e-05,8.132483165268815e-05,4.595059740214692e-05,4.133341214373351e-05,0.07791800689532447,4.381472518133478e-08,7.306589792677805e-39,-1.5655879370690684e-16
spectral_smooth,12.886525151839582,10.4,0.0034320744493520627,0.004815345291552087,-0.001383270842200024,0.7127369360974388,0.0035133998199881004,3.612756775300818e-05,4.519780288281261e-05,8.11049281653756e-05,4.595059740214692e-05,4.1133417354403384e-05,0.09202568718584772,4.381472518133478e-08,2.085778829832316e-37,-2.1684043449710089e-16
spectral_smooth,12.886525151839582,10.8,0.003529234020075267,0.005084580821247575,-0.0015553468011723082,0.694105206338193,0.0036104115533966367,3.612756775300818e-05,4.504996556820018e-05,8.089735092577247e-05,4.595059740214692e-05,4.094634942053986e-05,0.10845522806864216,4.381472518133478e-08,4.644768934322384e-36,-1.6132928326584306e-16
spectral_smooth,12.886525151839582,11.2,0.00360862534305062,0.00536239435231689,-0.0017537690092662706,0.6729503848390911,0.0036896774534607786,3.612756775300818e-05,4.492454265725421e-05,8.07003430071641e-05,4.595059740214692e-05,4.077070595472839e-05,0.12749837992379767,4.381472518133478e-08,8.286280921066552e-35,1.0364972768961422e-16
spectral_smooth,12.886525151839582,11.600000000000001,0.0036704173553687713,0.005652092947497578,-0.0019816755921288065,0.6493908344153861,0.003751365947052346,3.612756775300818e-05,4.4821023930441406e-05,8.051235077777196e-05,4.595059740214692e-05,4.060516781965957e-05,0.14944262001031533,4.381472518133478e-08,1.2117631226636495e-33,-1.249000902703301e-16
spectral_smooth,12.886525151839582,12.0,0.003714711828689432,0.00595678099781638,-0.002242069169126948,0.6236106094971698,0.00379557839403121,3.612756775300818e-05,4.473899758861144e-05,8.033199781262189e-05,4.595059740214692e-05,4.044857282576236e-05,0.17456707526422494,4.381472518133478e-08,1.4817418450504934e-32,-1.5829351718288365e-16
spectral_smooth,12.886525151839582,12.4,0.0037415682569474362,0.006279359889939828,-0.002537791632992392,0.5958518579165701,0.0038223739425732317,3.612756775300818e-05,4.467811787300935e-05,8.015806326685359e-05,4.595059740214692e-05,4.02998940169142e-05,0.20313916418682126,4.381472518133478e-08,1.5415016355369762e-31,2.220446049250313e-16
spectral_smooth,12.886525151839582,12.8,0.0037510236868676383,0.006622527750900775,-0.002871504064033137,0.5664036192762554,0.0038317893339585374,3.612756775300818e-05,4.4638079338077397e-05,7.998946374748508e-05,4.595059740214692e-05,4.015822161816396e-05,0.23541190834940137,4.381472518133478e-08,1.3851978844497059e-30,1.8648277366750676e-16
spectral_smooth,12.886525151839582,13.2,0.003743108244979587,0.006988779824884217,-0.00324567157990463,0.5355882341080331,0.003823854409474892,3.612756775300818e-05,4.4618596742318495e-05,7.982523794946633e-05,4.595059740214692e-05,4.002274792331514e-05,0.2716218562867947,4.381472518133478e-08,1.0895775317434279e-29,2.168404344971009e-17
spectral_smooth,12.886525151839582,13.600000000000001,0.003717857031684979,0.007380409802345833,-0.003662552770660854,0.5037466931041246,0.0037986039890793265,3.612756775300818e-05,4.461938964139822e-05,7.966453349528595e-05,4.595059740214692e-05,3.9892754556962875e-05,0.3119875579311896,4.381472518133478e-08,7.590750842994531e-29,5.898059818321144e-17
spectral_smooth,12.886525151839582,14.0,0.003675318975445263,0.0077995122532299455,-0.004124193277784682,0.47122420686283745,0.0037560867140893498,3.612756775300818e-05,4.4640170890897224e-05,7.950659554864795e-05,4.595059740214692e-05,3.976760166635708e-05,0.35670852596968294,4.381472518133478e-08,4.732714426251893e-28,-1.8127860323957634e-16
spectral_smooth,12.886525151839582,14.400000000000002,0.0036155631678743694,0.008247986198072543,-0.004632423030198174,0.4383570826924133,0.003696371373995134,3.612756775300818e-05,4.468063836760017e-05,7.935075687199671e-05,4.595059740214692e-05,3.9646718691804656e-05,0.4059646210887581,4.381472518133478e-08,2.6653326797295216e-27,-1.5612511283791264e-16
spectral_smooth,12.886525151839582,14.8,0.003538683133472831,0.008727539771013038,-0.005188856637540207,0.4054617024176657,0.0036195511705432665,3.612756775300818e-05,4.474046931746134e-05,7.919642907273148e-05,4.595059740214692e-05,3.952959643669731e-05,0.45991580043636504,4.381472518133478e-08,1.3670691409926386e-26,3.382710778154774e-17
spectral_smooth,12.886525151839582,15.2,0.0034447994261498915,0.009239695877564513,-0.005794896451414622,0.3728260617878588,0.003525746310725192,3.612756775300818e-05,4.4819316822208854e-05,7.90430948397455e-05,4.595059740214692e-05,3.941578021457291e-05,0.5187021722627483,4.381472518133478e-08,6.433284538229847e-26,-8.326672684688674e-17
spectral_smooth,12.886525151839582,15.600000000000001,0.0033340608886516243,0.009785798719879502,-0.006451737831227877,0.34070401242553644,0.0034151052643523853,3.612756775300818e-05,4.491680794771469e-05,7.889030101495129e-05,4.595059740214692e-05,3.930486389461592e-05,0.5824443041492012,4.381472518133478e-08,2.796113742999517e-25,-3.8163916471489756e-17
spectral_smooth,12.886525151839582,16.0,0.00320664486057487,0.010367021047379188,-0.007160376186804318,0.30931208164041674,0.0032878049715492283,3.612756775300818e-05,4.503254322130168e-05,7.873765237710754e-05,4.595059740214692e-05,3.9196484701511257e-05,0.6512437371343118,4.381472518133478e-08,1.1291344149624723e-24,-4.85722573273506e-17
spectral_smooth,12.886525151839582,16.400000000000002,0.003062756575772152,0.010984371986597297,-0.007921615410825145,0.2788285556524495,0.003144050240642466,3.612756775300818e-05,4.5166097117244064e-05,7.858480604011053e-05,4.595059740214692e-05,3.909031865274638e-05,0.7251836631154578,4.381472518133478e-08,4.259332949442417e-24,-6.158268339717665e-17
spectral_smooth,12.886525151839582,16.8,0.0029026279502906704,0.011638705307509933,-0.008736077357219263,0.24939440200601481,0.002984072537359543,3.612756775300818e-05,4.531701931598242e-05,7.843146638688463e-05,4.595059740214692e-05,3.8986076537958306e-05,0.804329727939129,4.381472518133478e-08,1.508191859968003e-23,1.1796119636642288e-16
spectral_smooth,12.886525151839582,17.2,0.002726515927394757,0.012330727991981039,-0.009604212064586282,0.221115568291497,0.002808128331662974,3.612756775300818e-05,4.54848365152305e-05,7.827738047455212e-05,4.595059740214692e-05,3.888350036200583e-05,0.8887309274354825,4.381472518133478e-08,5.0350984804981494e-23,2.168404344971009e-17
spectral_smooth,12.886525151839582,17.6,0.002534700516193533,0.013061008981364086,-0.010526308465170553,0.19406621033720553,0.002616497138574758,3.612756775300818e-05,4.56690546282168e-05,7.812233385777505e-05,4.595059740214692e-05,3.8782360187086336e-05,0.9784205682138503,4.381472518133478e-08,1.5912513123187694e-22,0.0
spectral_smooth,12.886525151839582,18.0,0.002327482634596756,0.013829987993355164,-0.011502505358758408,0.16829245518615285,0.0024094793635834263,3.612756775300818e-05,4.586916123361373e-05,7.796614678586019e-05,4.595059740214692e-05,3.8682451320154114e-05,1.07341726924609,4.381472518133478e-08,4.777901187677101e-22,-4.85722573273506e-17
spectral_smooth,15.467895945971293,5.2,5.020149366624649e-05,0.00013506241830779642,-8.486092464154993e-05,0.37169106177146416,0.00013727224531010862,3.610631052525237e-05,5.096444111851728e-05,8.705875883162204e-05,4.714758997176277e-05,4.690327638837692e-05,0.005888738265928139,5.6487736710408853e-08,8.330189082845176e-74,-9.248244531301353e-17
spectral_smooth,15.467895945971293,5.6000000000000005,0.0005219229299247008,0.000721560437235258,-0.00019963750731055718,0.7233253141268509,0.0006080858906335955,3.610631052525237e-05,5.0056650183538665e-05,8.615093562154875e-05,4.714758997176277e-05,4.6065649336538444e-05,0.007078742923283256,5.6487736710408853e-08,1.3230604115910993e-68,-1.0364972768961422e-16
spectral_smooth,15.467895945971293,6.0,0.0009396055000155945,0.0012417276185752169,-0.00030212211855962234,0.7566921166605899,0.0010249641650421346,3.610631052525237e-05,4.9252354501150286e-05,8.534654894996977e-05,4.714758997176277e-05,4.532350918076294e-05,0.009516751546375286,5.6487736710408853e-08,4.2536486526578224e-64,-1.3747683547116196e-16
spectral_smooth,15.467895945971293,6.4,0.0013112655044910104,0.0017061572194785324,-0.00039489171498752196,0.7685490466651038,0.001395907579451248,3.610631052525237e-05,4.853576443497598e-05,8.462976324242512e-05,4.714758997176277e-05,4.466228003546306e-05,0.012830464944400127,5.6487736710408853e-08,3.7352788856454855e-60,-9.324138683375338e-18
spectral_smooth,15.467895945971293,6.800000000000001,0.0016433656655142626,0.002123807840679004,-0.0004804421751647414,0.7737826530430649,0.0017273658861075144,3.610631052525237e-05,4.789391006787547e-05,8.39875415608175e-05,4.714758997176277e-05,4.406998468811713e-05,0.016811749271194675,5.6487736710408853e-08,1.1265746972002113e-56,-1.240327285323417e-16
spectral_smooth,15.467895945971293,7.2,0.0019410874801242817,0.0025023806410147675,-0.0005612931608904859,0.7756963302501934,0.0020245098875575716,3.610631052525237e-05,4.7316096908112115e-05,8.340909885222812e-05,4.714758997176277e-05,4.353674200976031e-05,0.021374029408287927,5.6487736710408853e-08,1.394606357929648e-53,7.45931094670027e-17
spectral_smooth,15.467895945971293,7.6000000000000005,0.0022085584372847356,0.0028486199773116727,-0.0006400615400269372,0.7753082035775856,0.0022914582089468122,3.610631052525237e-05,4.6793461136895864e-05,8.28854563601257e-05,4.714758997176277e-05,4.30543564467975e-05,0.026524312195961186,5.6487736710408853e-08,8.156087346927414e-51,7.155734338404329e-17
spectral_smooth,15.467895945971293,8.0,0.002449040073338349,0.0031685440519921837,-0.0007195039786538349,0.772922841895963,0.0025314649971111313,3.610631052525237e-05,4.6318613247442464e-05,8.240908608603029e-05,4.714758997176277e-05,4.2615989312072033e-05,0.03234359721548119,5.6487736710408853e-08,2.5218201928829366e-48,-8.760353553682876e-17
spectral_smooth,15.467895945971293,8.4,0.0026650839638893142,0.0034676163565738882,-0.000802532392684574,0.7685636730940153,0.0027470756294318494,3.610631052525237e-05,4.5885355017150076e-05,8.19736300575916e-05,4.714758997176277e-05,4.221589795392977e-05,0.03897209216638731,5.6487736710408853e-08,4.515457140695887e-46,-1.3270634591222574e-16
spectral_smooth,15.467895945971293,8.8,0.0028586618669392827,0.0037508693560411865,-0.0008922074891019038,0.7621331471689607,0.0029402566328306685,3.610631052525237e-05,4.548845536611612e-05,8.157367963426694e-05,4.714758997176277e-05,4.1849229428043924e-05,0.04659723350063145,5.6487736710408853e-08,5.04434015617918e-44,-1.734723475976807e-17
spectral_smooth,15.467895945971293,9.2,0.0030312749135417705,0.0040229909787570794,-0.000991716065215309,0.7534878724680352,0.003112504696812876,3.610631052525237e-05,4.5123472745767224e-05,8.120460210972277e-05,4.714758997176277e-05,4.151185721208979e-05,0.055443443708953946,5.6487736710408853e-08,3.738972604115703e-42,-8.586881206085195e-17
spectral_smooth,15.467895945971293,9.600000000000001,0.0031840455562148207,0.004288383002948037,-0.0011043374467332168,0.7424816193017175,0.003264938480751665,3.610631052525237e-05,4.478661401163819e-05,8.086240419391626e-05,4.714758997176277e-05,4.12002516427686e-05,0.06576308839261297,5.6487736710408853e-08,1.935616801652016e-40,4.640385298237959e-17
spectral_smooth,15.467895945971293,10.0,0.0033177950782570242,0.0045511988220691135,-0.0012334037438120893,0.7289936581475589,0.0033983760106148686,3.610631052525237e-05,4.4474621832435446e-05,8.054362409779867e-05,4.714758997176277e-05,4.091137669310344e-05,0.07782838616051779,5.6487736710408853e-08,7.306589792677805e-39,-1.5655879370690684e-16
spectral_smooth,15.467895945971293,10.4,0.0034331088250319497,0.0048153665487798425,-0.0013822577237478928,0.712948597008022,0.0035133998199881004,3.610631052525237e-05,4.4184684430681465e-05,8.024524575111115e-05,4.714758997176277e-05,4.064260732391797e-05,0.09192417094421387,5.6487736710408853e-08,2.085778829832316e-37,-2.1684043449710089e-16
spectral_smooth,15.467895945971293,10.8,0.0035303908800377592,0.005084602078475331,-0.0015542111984375717,0.6943298267101331,0.0036104115533966367,3.610631052525237e-05,4.391436283346373e-05,7.996463014593806e-05,4.714758997176277e-05,4.0391662936786894e-05,0.1083414709689856,5.6487736710408853e-08,4.644768934322384e-36,-1.6132928326584306e-16
spectral_smooth,15.467895945971293,11.2,0.0036099096110289164,0.005362415609544646,-0.0017525059985157299,0.6731872114879687,0.0036896774534607786,3.610631052525237e-05,4.366153190671351e-05,7.969945995312636e-05,4.714758997176277e-05,4.015655346872789e-05,0.1273718890520672,5.6487736710408853e-08,8.286280921066552e-35,1.0364972768961422e-16
spectral_smooth,15.467895945971293,11.600000000000001,0.0036718353042438645,0.005652114204725334,-0.001980278900481469,0.6496392626274434,0.003751365947052346,3.610631052525237e-05,4.342433228310405e-05,7.944769445683031e-05,4.714758997176277e-05,3.993553545304067e-05,0.14930276759361819,5.6487736710408853e-08,1.2117631226636495e-33,-1.249000902703301e-16
spectral_smooth,15.467895945971293,12.0,0.003716270952565215,0.005956802255044136,-0.002240531302478921,0.6238701225004287,0.00379557839403121,3.610631052525237e-05,4.320113094058442e-05,7.920753254472162e-05,4.714758997176277e-05,3.972707597405749e-05,0.1744131114558576,5.6487736710408853e-08,1.4817418450504934e-32,-1.5829351718288365e-16
spectral_smooth,15.467895945971293,12.4,0.0037432771433646983,0.006279381147167584,-0.002536104003802886,0.5961219833029507,0.0038223739425732317,3.610631052525237e-05,4.299048868350308e-05,7.897738202178852e-05,4.714758997176277e-05,3.952982290666818e-05,0.20297022983861454,5.6487736710408853e-08,1.5415016355369762e-31,2.220446049250313e-16
spectral_smooth,15.467895945971293,12.8,0.0037528918902702824,0.006622549008128531,-0.0028696571178582486,0.5666838985508412,0.0038317893339585374,3.610631052525237e-05,4.2791133163189166e-05,7.875583392042164e-05,4.714758997176277e-05,3.934258018683135e-05,0.23522704765982072,5.6487736710408853e-08,1.3851978844497059e-30,1.8648277366750676e-16
spectral_smooth,15.467895945971293,13.2,0.003745146162583035,0.006988801082111973,-0.0032436549195289377,0.5358782026532188,0.003823854409474892,3.610631052525237e-05,4.260193636662635e-05,7.854164078765789e-05,4.714758997176277e-05,3.9164287132287666e-05,0.27142002920962127,5.6487736710408853e-08,1.0895775317434279e-29,2.168404344971009e-17
spectral_smooth,15.467895945971293,13.600000000000001,0.0037200757828305675,0.007380431059573589,-0.0036603552767430214,0.504045868432717,0.0037986039890793265,3.610631052525237e-05,4.2421895723565584e-05,7.833369816479309e-05,4.714758997176277e-05,3.89940010429028e-05,0.3117676522362611,5.6487736710408853e-08,7.590750842994531e-29,5.898059818321144e-17
spectral_smooth,15.467895945971293,14.0,0.00367773028539653,0.007799533510457701,-0.004121803225061171,0.4715320833567018,0.0037560867140893498,3.610631052525237e-05,4.225011816738622e-05,7.81310286527038e-05,4.714758997176277e-05,3.883088247240507e-05,0.3564693688599907,5.6487736710408853e-08,4.732714426251893e-28,-1.8127860323957634e-16
spectral_smooth,15.467895945971293,14.400000000000002,0.00361817925685759,0.008248007455300299,-0.004629828198442709,0.4386731312339553,0.003696371373995134,3.610631052525237e-05,4.208580661213546e-05,7.793276809168689e-05,4.714758997176277e-05,3.8674182689082235e-05,0.40570499029357443,5.6487736710408853e-08,2.6653326797295216e-27,-1.5612511283791264e-16
spectral_smooth,15.467895945971293,14.8,0.0035415166115990715,0.008727561028240793,-0.005186044416641722,0.40578537350118443,0.0036195511705432665,3.610631052525237e-05,4.1928248418976466e-05,7.773815348776599e-05,4.714758997176277e-05,3.852323294085626e-05,0.45963443471659926,5.6487736710408853e-08,1.3670691409926386e-26,3.382710778154774e-17
spectral_smooth,15.467895945971293,15.2,0.003447863194685208,0.009239717134792269,-0.005791853940107061,0.37315679088294124,0.003525746310725192,3.610631052525237e-05,4.177680551464835e-05,7.754651239608528e-05,4.714758997176277e-05,3.8377435216579954e-05,0.5183977812818096,5.6487736710408853e-08,6.433284538229847e-26,-8.326672684688674e-17
spectral_smooth,15.467895945971293,15.600000000000001,0.003337368047954037,0.009785819977107257,-0.0064484519291532205,0.3410412265667472,0.0034151052643523853,3.610631052525237e-05,4.1630905873057955e-05,7.73572535321712e-05,4.714758997176277e-05,3.823625425534106e-05,0.582115577677455,5.6487736710408853e-08,2.796113742999517e-25,-3.8163916471489756e-17
spectral_smooth,15.467895945971293,16.0,0.0032102086248742,0.010367042304606944,-0.007156833679732744,0.30965520642735644,0.0032878049715492283,3.610631052525237e-05,4.149003614972724e-05,7.716985842799106e-05,4.714758997176277e-05,3.809921060277693e-05,0.650889353569481,5.6487736710408853e-08,1.1291344149624723e-24,-4.85722573273506e-17
spectral_smooth,15.467895945971293,16.400000000000002,0.003066590194844454,0.010984393243825052,-0.007917803048980598,0.2791770220506588,0.003144050240642466,3.610631052525237e-05,4.135373527269781e-05,7.698387398527851e-05,4.714758997176277e-05,3.796587455076415e-05,0.7248022973137608,5.6487736710408853e-08,4.259332949442417e-24,-6.158268339717665e-17
spectral_smooth,15.467895945971293,16.8,0.0029067446379869577,0.01163872656473769,-0.008731981926750731,0.2497476525304441,0.002984072537359543,3.610631052525237e-05,4.1221588847450974e-05,7.679890580609313e-05,4.714758997176277e-05,3.783586082654418e-05,0.8039200583611583,5.6487736710408853e-08,1.508191859968003e-23,1.1796119636642288e-16
spectral_smooth,15.467895945971293,17.2,0.00273092879688569,0.012330749249208794,-0.009599820452323105,0.22147306231702998,0.002808128331662974,3.610631052525237e-05,4.109322425205342e-05,7.661461220197257e-05,4.714758997176277e-05,3.770882392105806e-05,0.8882916426206314,5.6487736710408853e-08,5.0350984804981494e-23,2.168404344971009e-17
spectral_smooth,15.467895945971293,17.6,0.0025394225217321154,0.013061030238591842,-0.010521607716859727,0.19442742841439895,0.002616497138574758,3.610631052525237e-05,4.096830631739046e-05,7.643069879977876e-05,4.714758997176277e-05,3.758445396528647e-05,0.9779503726030645,5.6487736710408853e-08,1.5912513123187694e-22,0.0
spectral_smooth,15.467895945971293,18.0,0.0023325265195483502,0.01383000925058292,-0.01149748273103457,0.1686569023408308,0.0024094793635834263,3.610631052525237e-05,4.0846533509775185e-05,7.624691367553917e-05,4.714758997176277e-05,3.746247307872364e-05,1.0729148883779962,5.6487736710408853e-08,4.777901187677101e-22,-4.85722573273506e-17
spectral_smooth,18.566355334451114,5.2,0.0001230731493604975,0.00016526532426835994,-4.219217490786242e-05,0.7447003774406407,0.00013727224531010862,5.903404564688852e-06,8.295691384829773e-06,1.4189530955130227e-05,7.660819541703838e-06,7.62316395832212e-06,0.0010410381779331667,7.102265509040251e-08,8.330189082845176e-74,-9.248244531301353e-17
spectral_smooth,18.566355334451114,5.6000000000000005,0.0005940263812475033,0.0007517633431958215,-0.0001577369619483182,0.7901773698119378,0.0006080858906335955,5.903404564688852e-06,8.156104821299692e-06,1.4049992092854356e-05,7.660819541703838e-06,7.494063282785071e-06,0.0023493507806207244,7.102265509040251e-08,1.3230604115910993e-68,-1.0364972768961422e-16
spectral_smooth,18.566355334451114,6.0,0.001011028332086994,0.0012719305245357804,-0.00026090219244878643,0.7948770098555433,0.0010249641650421346,5.903404564688852e-06,8.032428390314372e-06,1.3926351486065674e-05,7.660819541703838e-06,7.379679395517062e-06,0.004891377169282302,7.102265509040251e-08,4.2536486526578224e-64,-1.3747683547116196e-16
spectral_smooth,18.566355334451114,6.4,0.0013820819434746667,0.001736360125439096,-0.0003542781819644292,0.7959650323835683,0.001395907579451248,5.903404564688852e-06,7.922231411883196e-06,1.3816174602006015e-05,7.660819541703838e-06,7.277765551660504e-06,0.008297191236457044,7.102265509040251e-08,3.7352788856454855e-60,-9.324138683375338e-18
spectral_smooth,18.566355334451114,6.800000000000001,0.0017136389660662443,0.0021540107466395675,-0.00044037178057332316,0.7955572964246631,0.0017273658861075144,5.903404564688852e-06,7.82351547645721e-06,1.3717456844693585e-05,7.660819541703838e-06,7.186475430741527e-06,0.012360549430279852,7.102265509040251e-08,1.1265746972002113e-56,-1.240327285323417e-16
spectral_smooth,18.566355334451114,7.2,0.0020108718523936253,0.002532583546975331,-0.0005217116945817057,0.7940002037821074,0.0020245098875575716,5.903404564688852e-06,7.734630599331993e-06,1.3628539485107587e-05,7.660819541703838e-06,7.104285661186705e-06,0.016996397972402093,7.102265509040251e-08,1.394606357929648e-53,7.45931094670027e-17
spectral_smooth,18.566355334451114,7.6000000000000005,0.002277900597607796,0.0028788228832722362,-0.0006009222856644403,0.791261112603983,0.0022914582089468122,5.903404564688852e-06,7.654206774398986e-06,1.3548041156869428e-05,7.660819541703838e-06,7.029932543963848e-06,0.02221298010233566,7.102265509040251e-08,8.156087346927414e-51,7.155734338404329e-17
spectral_smooth,18.566355334451114,8.0,0.002517980493319971,0.003198746957952747,-0.000680766464632776,0.7871771435560886,0.0025314649971111313,5.903404564688852e-06,7.581099226383614e-06,1.3474803210103799e-05,7.660819541703838e-06,6.9623613908922835e-06,0.02809230948886826,7.102265509040251e-08,2.5218201928829366e-48,-8.760353553682876e-17
spectral_smooth,18.566355334451114,8.4,0.0027336578798441424,0.0034978192625344517,-0.0007641613826903093,0.7815320560226394,0.0027470756294318494,5.903404564688852e-06,7.514345022885394e-06,1.3407846578820005e-05,7.660819541703838e-06,6.900686331319887e-06,0.03477543276266841,7.102265509040251e-08,4.515457140695887e-46,-1.3270634591222574e-16
spectral_smooth,18.566355334451114,8.8,0.0029269000994505134,0.00378107226200175,-0.0008541721625512366,0.7740926109412607,0.0029402566328306685,5.903404564688852e-06,7.453128815448906e-06,1.3346337888820934e-05,7.660819541703838e-06,6.844158524427465e-06,0.04245048600510378,7.102265509040251e-08,5.04434015617918e-44,-1.734723475976807e-17
spectral_smooth,18.566355334451114,9.2,0.0030992045364688914,0.004053193884717643,-0.0009539893482487516,0.7646326883483865,0.003112504696812876,5.903404564688852e-06,7.39675577920984e-06,1.3289562844261511e-05,7.660819541703838e-06,6.792141009367502e-06,0.05134247955620513,7.102265509040251e-08,3.738972604115703e-42,-8.586881206085195e-17
spectral_smooth,18.566355334451114,9.600000000000001,0.0032516904459938822,0.004318585908908601,-0.0010668954629147187,0.7529525901721968,0.003264938480751665,5.903404564688852e-06,7.344630193140134e-06,1.323690528817025e-05,7.660819541703838e-06,6.744088755185146e-06,0.061704276407007284,7.102265509040251e-08,1.935616801652016e-40,4.640385298237959e-17
spectral_smooth,18.566355334451114,10.0,0.0033851763676413515,0.004581401728029677,-0.0011962253603883255,0.7388953356633962,0.0033983760106148686,5.903404564688852e-06,7.2962384086716625e-06,1.3187830661558791e-05,7.660819541703838e-06,6.6995327713957714e-06,0.07380851875853578,7.102265509040251e-08,7.306589792677805e-39,-1.5655879370690684e-16
spectral_smooth,18.566355334451114,10.4,0.003500245280177061,0.004845569454740406,-0.0013453241745633449,0.722359944041826,0.0035133998199881004,5.903404564688852e-06,7.251135246133522e-06,1.3141872864143875e-05,7.660819541703838e-06,6.658067389405823e-06,0.08794040346844598,7.102265509040251e-08,2.085778829832316e-37,-2.1684043449710089e-16
spectral_smooth,18.566355334451114,10.8,0.003597299215771954,0.0051148049844358945,-0.0015175057686639404,0.7033111187461424,0.0036104115533966367,5.903404564688852e-06,7.20893305983239e-06,1.3098623745078505e-05,7.660819541703838e-06,6.619340024576238e-06,0.10439127145495058,7.102265509040251e-08,4.644768934322384e-36,-1.6132928326584306e-16
spectral_smooth,18.566355334451114,11.2,0.0036766047560014004,0.00539261851550521,-0.0017160137595038094,0.6817846924328479,0.0036896774534607786,5.903404564688852e-06,7.169292894793067e-06,1.3057724630123735e-05,7.660819541703838e-06,6.583042885109429e-06,0.12345299634765586,7.102265509040251e-08,8.286280921066552e-35,1.0364972768961422e-16
spectral_smooth,18.566355334451114,11.600000000000001,0.0037383306252031234,0.005682317110685897,-0.0019439864854827738,0.6578884198794529,0.003751365947052346,5.903404564688852e-06,7.131917284408651e-06,1.301885943025465e-05,7.660819541703838e-06,6.548906215017442e-06,0.14541315621477827,7.102265509040251e-08,1.2117631226636495e-33,-1.249000902703301e-16
spectral_smooth,18.566355334451114,12.0,0.0037825784451206435,0.005987005161004699,-0.002204426715884056,0.6317980932700376,0.00379557839403121,5.903404564688852e-06,7.09654434571938e-06,1.2981748983515914e-05,7.660819541703838e-06,6.516692751601678e-06,0.1705509619133664,7.102265509040251e-08,1.4817418450504934e-32,-1.5829351718288365e-16
spectral_smooth,18.566355334451114,12.4,0.0038094075951102258,0.006309584053128148,-0.002500176458017922,0.6037494013922532,0.0038223739425732317,5.903404564688852e-06,7.0629428985391485e-06,1.2946146363783412e-05,7.660819541703838e-06,6.486193149387901e-06,0.19913390343785553,7.102265509040251e-08,1.5415016355369762e-31,2.220446049250313e-16
spectral_smooth,18.566355334451114,12.8,0.0038188550209864447,0.0066527519140890945,-0.00283389689310265,0.5740263683813209,0.0038317893339585374,5.903404564688852e-06,7.030908407590353e-06,1.2911832952536244e-05,7.660819541703838e-06,6.457222177329312e-06,0.23141506498144393,7.102265509040251e-08,1.3851978844497059e-30,1.8648277366750676e-16
spectral_smooth,18.566355334451114,13.2,0.0038109507453293334,0.007019003988072536,-0.003208053242743203,0.5429475110436353,0.003823854409474892,5.903404564688852e-06,7.000259580891566e-06,1.287861511727021e-05,7.660819541703838e-06,6.429615538236419e-06,0.26763105163740714,7.102265509040251e-08,1.0895775317434279e-29,2.168404344971009e-17
spectral_smooth,18.566355334451114,13.600000000000001,0.003785729749016864,0.0074106339655341524,-0.0036249042165172884,0.5108509969084665,0.0037986039890793265,5.903404564688852e-06,6.970835497832617e-06,1.284632137630391e-05,7.660819541703838e-06,6.403227191835157e-06,0.30800046602280123,7.102265509040251e-08,7.590750842994531e-29,5.898059818321144e-17
spectral_smooth,18.566355334451114,14.0,0.003743240816354021,0.007829736416418265,-0.004086495600064244,0.47808005496899947,0.0037560867140893498,5.903404564688852e-06,6.942493170458697e-06,1.2814799957163997e-05,7.660819541703838e-06,6.377927087899312e-06,0.3527228713177225,7.102265509040251e-08,4.732714426251893e-28,-1.8127860323957634e-16
spectral_smooth,18.566355334451114,14.400000000000002,0.0036835528639734827,0.008278210361260863,-0.00459465749728738,0.44496971002467217,0.003696371373995134,5.903404564688852e-06,6.915105456806181e-06,1.2783916676581158e-05,7.660819541703838e-06,6.353599235301865e-06,0.40197817777553757,7.102265509040251e-08,2.6653326797295216e-27,-1.5612511283791264e-16
spectral_smooth,18.566355334451114,14.8,0.003606759206714827,0.008757763934201357,-0.00515100472748653,0.411835627657134,0.0036195511705432665,5.903404564688852e-06,6.888559263784622e-06,1.2753553085980645e-05,7.660819541703838e-06,6.33014004791105e-06,0.45592639211215735,7.102265509040251e-08,1.3670691409926386e-26,3.382710778154774e-17
spectral_smooth,18.566355334451114,15.2,0.003512980152167555,0.009269920040752833,-0.005756939888585277,0.3789655290146664,0.003525746310725192,5.903404564688852e-06,6.862753992864512e-06,1.2723604838426417e-05,7.660819541703838e-06,6.30745692002813e-06,0.5147076728009433,7.102265509040251e-08,6.433284538229847e-26,-8.326672684688674e-17
spectral_smooth,18.566355334451114,15.600000000000001,0.0034023642596044956,0.009816022883067821,-0.006413658623463325,0.3466133178513076,0.0034151052643523853,5.903404564688852e-06,6.8376001831627065e-06,1.2693980242197366e-05,7.660819541703838e-06,6.2854669932901065e-06,0.5784426387369235,7.102265509040251e-08,2.796113742999517e-25,-3.8163916471489756e-17
spectral_smooth,18.566355334451114,16.0,0.003275088548655325,0.010397245210567507,-0.007122156661912182,0.31499579766827124,0.0032878049715492283,5.903404564688852e-06,6.813018329165921e-06,1.266459897323384e-05,7.660819541703838e-06,6.264096084222907e-06,0.6472328836251713,7.102265509040251e-08,1.1291344149624723e-24,-4.85722573273506e-17
spectral_smooth,18.566355334451114,16.400000000000002,0.003131357898243592,0.011014596149785616,-0.007883238251542024,0.28429166677205314,0.003144050240642466,5.903404564688852e-06,6.788937834123487e-06,1.2635390924118907e-05,7.660819541703838e-06,6.2432777473725326e-06,0.7211616535091682,7.102265509040251e-08,4.259332949442417e-24,-6.158268339717665e-17
spectral_smooth,18.566355334451114,16.8,0.0029714038367049667,0.011668929470698253,-0.008697525633993286,0.25464236836519005,0.002984072537359543,5.903404564688852e-06,6.765296090005535e-06,1.260629517144808e-05,7.660819541703838e-06,6.222952453502031e-06,0.8002946498832676,7.102265509040251e-08,1.508191859968003e-23,1.1796119636642288e-16
spectral_smooth,18.566355334451114,17.2,0.002795482889438483,0.012360952155169358,-0.009565469265730875,0.22615433296288673,0.002808128331662974,5.903404564688852e-06,6.74203765982373e-06,1.257725904669252e-05,7.660819541703838e-06,6.203066865980411e-06,0.88468092567094,7.102265509040251e-08,5.0350984804981494e-23,2.168404344971009e-17
spectral_smooth,18.566355334451114,17.6,0.0026038746204614105,0.013091233144552405,-0.010487358524090995,0.1989021654193783,0.002616497138574758,5.903404564688852e-06,6.719113548658839e-06,1.2548237298199461e-05,7.660819541703838e-06,6.1835732014061346e-06,0.9743538459059609,7.102265509040251e-08,1.5912513123187694e-22,0.0
spectral_smooth,18.566355334451114,18.0,0.0023968794784648417,0.013860212156543483,-0.011463332678078642,0.1729323802113131,0.0024094793635834263,5.903404564688852e-06,6.696480553847195e-06,1.2519191333970091e-05,7.660819541703838e-06,6.164428662856466e-06,1.0693320891604003,7.102265509040251e-08,4.777901187677101e-22,-4.85722573273506e-17
spectral_smooth,22.285484180211533,5.2,0.00012956108231204633,0.0001679754459477656,-3.841436363571926e-05,0.7713096493420546,0.00013727224531010862,3.1932828852831996e-06,4.517880112686612e-06,7.71050075788069e-06,4.18215004936345e-06,4.15992233199632e-06,0.0006111393261148961,8.84885767993282e-08,8.330189082845176e-74,-9.248244531301353e-17
spectral_smooth,22.285484180211533,5.6000000000000005,0.0006004574178187783,0.0007544734648752272,-0.0001540160470564489,0.7958628709600547,0.0006080858906335955,3.1932828852831996e-06,4.435189929430372e-06,7.627803207364237e-06,4.18215004936345e-06,4.083714976116127e-06,0.0019288642614444067,8.84885767993282e-08,1.3230604115910993e-68,-1.0364972768961422e-16
spectral_smooth,22.285484180211533,6.0,0.001017408957892263,0.001274640646215186,-0.0002572316883229231,0.7981927776375829,0.0010249641650421346,3.1932828852831996e-06,4.361924264451034e-06,7.554528322887626e-06,4.18215004936345e-06,4.01619510231606e-06,0.0044791580620392075,8.84885767993282e-08,4.2536486526578224e-64,-1.3747683547116196e-16
spectral_smooth,22.285484180211533,6.4,0.0013884176537592996,0.0017390702471185016,-0.00035065259335920196,0.7983677807493947,0.001395907579451248,3.1932828852831996e-06,4.296642806655981e-06,7.489233707539787e-06,4.18215004936345e-06,3.9560366534581675e-06,0.007892286724693609,8.84885767993282e-08,3.7352788856454855e-60,-9.324138683375338e-18
spectral_smooth,22.285484180211533,6.800000000000001,0.0017199344420822937,0.002156720868318973,-0.0004367864262366794,0.7974766078203126,0.0017273658861075144,3.1932828852831996e-06,4.238161139813457e-06,7.430731967911602e-06,4.18215004936345e-06,3.902150027187186e-06,0.011962159266035985,8.84885767993282e-08,1.1265746972002113e-56,-1.240327285323417e-16
spectral_smooth,22.285484180211533,7.2,0.002017131103617509,0.0025352936686547367,-0.0005181625650372279,0.7956202977810565,0.0020245098875575716,3.1932828852831996e-06,4.185501054854157e-06,7.378040916408763e-06,4.18215004936345e-06,3.853636353858204e-06,0.016603844439073673,8.84885767993282e-08,1.394606357929648e-53,7.45931094670027e-17
spectral_smooth,22.285484180211533,7.6000000000000005,0.002284127076060405,0.002881533004951642,-0.000597405928891237,0.7926777420683186,0.0022914582089468122,3.1932828852831996e-06,4.137850001195709e-06,7.330342984495129e-06,4.18215004936345e-06,3.8097501501391257e-06,0.02182568492923368,8.84885767993282e-08,8.156087346927414e-51,7.155734338404329e-17
spectral_smooth,22.285484180211533,8.0,0.0025241771855589734,0.003201457079632153,-0.0006772798940731795,0.7884463613827367,0.0025314649971111313,3.1932828852831996e-06,4.094528666787056e-06,7.286952834450337e-06,4.18215004936345e-06,3.769869412747053e-06,0.027709775911916035,8.84885767993282e-08,2.5218201928829366e-48,-8.760353553682876e-17
spectral_smooth,22.285484180211533,8.4,0.0027398273812432317,0.0035005293842138574,-0.0007607020029706257,0.7826894393741926,0.0027470756294318494,3.1932828852831996e-06,4.0549653032018185e-06,7.247291781416066e-06,4.18215004936345e-06,3.7334718859427205e-06,0.0343972314373738,8.84885767993282e-08,4.515457140695887e-46,-1.3270634591222574e-16
spectral_smooth,22.285484180211533,8.8,0.0029330446744804117,0.0037837823836811557,-0.000850737709200744,0.7751620936579654,0.0029402566328306685,3.1932828852831996e-06,4.018675464956267e-06,7.210867681171218e-06,4.18215004936345e-06,3.700116286246217e-06,0.042076243832788546,8.84885767993282e-08,5.04434015617918e-44,-1.734723475976807e-17
spectral_smooth,22.285484180211533,9.2,0.0031053261679032107,0.004055904006397049,-0.0009505778384938379,0.7656310807665644,0.003112504696812876,3.1932828852831996e-06,3.985246024296174e-06,7.177259123971743e-06,4.18215004936345e-06,3.669427442163317e-06,0.050971870736372396,8.84885767993282e-08,3.738972604115703e-42,-8.586881206085195e-17
spectral_smooth,22.285484180211533,9.600000000000001,0.0032577908753418927,0.004321296030588007,-0.0010635051552461139,0.7538920852174525,0.003264938480751665,3.1932828852831996e-06,3.954322524535314e-06,7.1461029864782506e-06,4.18215004936345e-06,3.641084501355152e-06,0.06133701520598633,8.84885767993282e-08,1.935616801652016e-40,4.640385298237959e-17
spectral_smooth,22.285484180211533,10.0,0.003391257128593783,0.004584111849709083,-0.0011928547211152996,0.7397849877526438,0.0033983760106148686,3.1932828852831996e-06,3.925599135645719e-06,7.117084588631529e-06,4.18215004936345e-06,3.6148115339973088e-06,0.07344435361443913,8.84885767993282e-08,7.306589792677805e-39,-1.5655879370690684e-16
spectral_smooth,22.285484180211533,10.4,0.0035063077264675946,0.004848279576419812,-0.001341971849952217,0.7232065872440488,0.0035133998199881004,3.1932828852831996e-06,3.898810635005745e-06,7.089929866836464e-06,4.18215004936345e-06,3.5903700080301917e-06,0.08757911214503122,8.84885767993282e-08,2.085778829832316e-37,-2.1684043449710089e-16
spectral_smooth,22.285484180211533,10.8,0.0036033445445467494,0.0051175151061153,-0.0015141705615685508,0.7041199624874276,0.0036104115533966367,3.1932828852831996e-06,3.873725964442798e-06,7.0643991078431145e-06,4.18215004936345e-06,3.567552729601027e-06,0.10403265702615785,8.84885767993282e-08,4.644768934322384e-36,-1.6132928326584306e-16
spectral_smooth,22.285484180211533,11.2,0.0036826340275568636,0.005395328637184615,-0.0017126946096277518,0.6825597243838203,0.0036896774534607786,3.1932828852831996e-06,3.85014301873543e-06,7.040281892716432e-06,4.18215004936345e-06,3.546178934089635e-06,0.12309688384505539,8.84885767993282e-08,8.286280921066552e-35,1.0364972768961422e-16
spectral_smooth,22.285484180211533,11.600000000000001,0.003744344779765707,0.005685027232365303,-0.0019406824525995958,0.6586326901740875,0.003751365947052346,3.1932828852831996e-06,3.827884401230719e-06,7.017392981963844e-06,4.18215004936345e-06,3.5260902843908027e-06,0.14505938980853456,8.84885767993282e-08,1.2117631226636495e-33,-1.249000902703301e-16
spectral_smooth,22.285484180211533,12.0,0.00378857831720647,0.005989715282684105,-0.0022011369654776347,0.6325139240188954,0.00379557839403121,3.1932828852831996e-06,3.806793939298281e-06,6.99556893584008e-06,4.18215004936345e-06,3.507147587970955e-06,0.17019940252539592,8.84885767993282e-08,1.4817418450504934e-32,-1.5829351718288365e-16
spectral_smooth,22.285484180211533,12.4,0.0038153939258870895,0.006312294174807553,-0.002496900248920464,0.6044385480503072,0.0038223739425732317,3.1932828852831996e-06,3.786733801081077e-06,6.974665312077182e-06,4.18215004936345e-06,3.489228086312082e-06,0.19878442670811453,8.84885767993282e-08,1.5415016355369762e-31,2.220446049250313e-16
spectral_smooth,22.285484180211533,12.8,0.0038248284689798018,0.0066554620357685,-0.0028306335667886984,0.5746901489970189,0.0038317893339585374,3.1932828852831996e-06,3.7675820936389215e-06,6.954554320097228e-06,4.18215004936345e-06,3.472223202658224e-06,0.23106755952442842,8.84885767993282e-08,1.3851978844497059e-30,1.8648277366750676e-16
spectral_smooth,22.285484180211533,13.2,0.0038169118957445125,0.007021714109751942,-0.0032048022140074295,0.5435869128370642,0.003823854409474892,3.1932828852831996e-06,3.7492308451181344e-06,6.9351228387951724e-06,4.18215004936345e-06,3.4560366587990174e-06,0.2672854175389858,8.84885767993282e-08,1.0895775317434279e-29,2.168404344971009e-17
spectral_smooth,22.285484180211533,13.600000000000001,0.0037916791218969847,0.007413344087213558,-0.0036216649653165733,0.51146676550962,0.0037986039890793265,3.1932828852831996e-06,3.7315842971175073e-06,6.916270726298696e-06,4.18215004936345e-06,3.4405828907380373e-06,0.30765661353744,8.84885767993282e-08,7.590750842994531e-29,5.898059818321144e-17
spectral_smooth,22.285484180211533,14.0,0.0037491788737546994,0.00783244653809767,-0.004083267664342971,0.47867276916840507,0.0037560867140893498,3.1932828852831996e-06,3.714557449185918e-06,6.8979093663235386e-06,4.18215004936345e-06,3.425785707856582e-06,0.35238071973359947,8.84885767993282e-08,4.732714426251893e-28,-1.8127860323957634e-16
spectral_smooth,22.285484180211533,14.400000000000002,0.0036894800162979857,0.008280920482940268,-0.0045914404666422826,0.4455398435353625,0.003696371373995134,3.1932828852831996e-06,3.698074811708807e-06,6.879960408076984e-06,4.18215004936345e-06,3.4115771516262063e-06,0.4016376544215875,8.84885767993282e-08,2.6653326797295216e-27,-1.5612511283791264e-16
spectral_smooth,22.285484180211533,14.8,0.003612675818332134,0.008760474055880763,-0.005147798237548629,0.4123835987970313,0.0036195511705432665,3.1932828852831996e-06,3.6820693258832193e-06,6.862354666057952e-06,4.18215004936345e-06,3.3978965188263086e-06,0.45558743148539826,8.84885767993282e-08,1.3670691409926386e-26,3.382710778154774e-17
spectral_smooth,22.285484180211533,15.2,0.003518886546409805,0.009272630162432238,-0.005753743616022433,0.3794917391040204,0.003525746310725192,3.1932828852831996e-06,3.666481430020241e-06,6.845031153273404e-06,4.18215004936345e-06,3.3846895211783915e-06,0.514370215796768,8.84885767993282e-08,6.433284538229847e-26,-8.326672684688674e-17
spectral_smooth,22.285484180211533,15.600000000000001,0.0034082607232270856,0.009818733004747227,-0.006410472281520141,0.34711817925787747,0.0034151052643523853,3.1932828852831996e-06,3.651258239978361e-06,6.827936226878471e-06,4.18215004936345e-06,3.371907558765499e-06,0.578106631967737,8.84885767993282e-08,2.796113742999517e-25,-3.8163916471489756e-17
spectral_smooth,22.285484180211533,16.0,0.0032809753358297167,0.010399955332246913,-0.007118979996417196,0.3154797526539819,0.0032878049715492283,3.1932828852831996e-06,3.6363528341798457e-06,6.811022829460783e-06,4.18215004936345e-06,3.359507088905327e-06,0.6468982788151765,8.84885767993282e-08,1.1291344149624723e-24,-4.85722573273506e-17
spectral_smooth,22.285484180211533,16.400000000000002,0.0031372352341371146,0.011017306271465022,-0.007880071037327907,0.28475519848827274,0.003144050240642466,3.1932828852831996e-06,3.621723620006456e-06,6.7942498124369555e-06,4.18215004936345e-06,3.3474490755490736e-06,0.7208284069555649,8.84885767993282e-08,4.259332949442417e-24,-6.158268339717665e-17
spectral_smooth,22.285484180211533,16.8,0.0029772719206995757,0.011671639592377658,-0.008694367671678083,0.2550860054523898,0.002984072537359543,3.1932828852831996e-06,3.6073337748021572e-06,6.777581330544339e-06,4.18215004936345e-06,3.335698506984485e-06,0.7999627219750841,8.84885767993282e-08,1.508191859968003e-23,1.1796119636642288e-16
spectral_smooth,22.285484180211533,17.2,0.002801341898027776,0.012363662276848764,-0.009562320378820988,0.22657864921410478,0.002808128331662974,3.1932828852831996e-06,3.593150749936491e-06,6.760986298369542e-06,4.18215004936345e-06,3.324223971783283e-06,0.8843502804585595,8.84885767993282e-08,5.0350984804981494e-23,2.168404344971009e-17
spectral_smooth,22.285484180211533,17.6,0.0026097247098613163,0.013093943266231811,-0.010484218556370495,0.19930777587768989,0.002616497138574758,3.1932828852831996e-06,3.5791458281586586e-06,6.744437901390077e-06,4.18215004936345e-06,3.312997284668168e-06,0.9740244507152779,8.84885767993282e-08,1.5912513123187694e-22,0.0
spectral_smooth,22.285484180211533,18.0,0.0024027207869704026,0.013862922278222889,-0.011460201491252486,0.17331993491334868,0.0024094793635834263,3.1932828852831996e-06,3.565293727691987e-06,6.7279131552166346e-06,4.18215004936345e-06,3.3019931553734155e-06,1.0690039142462326,8.84885767993282e-08,4.777901187677101e-22,-4.85722573273506e-17
spectral_smooth,26.749612199056877,5.2,0.0001366439562904831,0.00017090647658418723,-3.4262520293704135e-05,0.7995247402059297,0.00013727224531010862,2.6225224886156084e-07,3.660367706714851e-07,6.229126318696213e-07,3.3502936352871836e-07,3.3349309438475043e-07,0.00013958901813604417,1.0904972125302947e-07,8.330189082845176e-74,-9.248244531301353e-17
spectral_smooth,26.749612199056877,5.6000000000000005,0.0006074633183638101,0.0007574044955116488,-0.00014994117714783872,0.8020328925476616,0.0006080858906335955,2.6225224886156084e-07,3.60320020820204e-07,6.172412661642284e-07,3.3502936352871836e-07,3.2822587874022177e-07,0.0014690374377901456,1.0904972125302947e-07,1.3230604115910993e-68,-1.0364972768961422e-16
spectral_smooth,26.749612199056877,6.0,0.0010243466548562896,0.0012775716768516077,-0.00025322502199531804,0.8017919255854553,0.0010249641650421346,2.6225224886156084e-07,3.552579368459874e-07,6.122160247329399e-07,3.3502936352871836e-07,3.2355908104906324e-07,0.0040296409186716745,1.0904972125302947e-07,4.2536486526578224e-64,-1.3747683547116196e-16
spectral_smooth,26.749612199056877,6.4,0.0013952945740005607,0.0017420012777549232,-0.0003467067037543625,0.8009721874594746,0.001395907579451248,2.6225224886156084e-07,3.507532018165449e-07,6.077379311578454e-07,3.3502936352871836e-07,3.194010236307783e-07,0.007451900410515577,1.0904972125302947e-07,3.7352788856454855e-60,-9.324138683375338e-18
spectral_smooth,26.749612199056877,6.800000000000001,0.001726756906616278,0.0021596518989553948,-0.00043289499233911677,0.7995533481351766,0.0017273658861075144,2.6225224886156084e-07,3.4672724225082163e-07,6.037254698624323e-07,3.3502936352871836e-07,3.1567636010589903e-07,0.01152991248456764,1.0904972125302947e-07,1.1265746972002113e-56,-1.240327285323417e-16
spectral_smooth,26.749612199056877,7.2,0.002023904518393682,0.0025382246992911583,-0.0005143201808974762,0.7973701142215232,0.0020245098875575716,2.6225224886156084e-07,3.4311691510247044e-07,6.001111674777174e-07,3.3502936352871836e-07,3.123229137083458e-07,0.016178897266259318,1.0904972125302947e-07,1.394606357929648e-53,7.45931094670027e-17
spectral_smooth,26.749612199056877,7.6000000000000005,0.002290856084956827,0.0028844640355880635,-0.0005936079506312364,0.7942051128710933,0.0022914582089468122,2.6225224886156084e-07,3.398717411950969e-07,5.968388077683333e-07,3.3502936352871836e-07,3.092890953074323e-07,0.021407320910649126,1.0904972125302947e-07,8.156087346927414e-51,7.155734338404329e-17
spectral_smooth,26.749612199056877,8.0,0.0025308657932398004,0.0032043881102685745,-0.0006735223170287741,0.7898125027769114,0.0025314649971111313,2.6225224886156084e-07,3.36951622381676e-07,5.938612107651549e-07,3.3502936352871836e-07,3.065318365112095e-07,0.027297380324520226,1.0904972125302947e-07,2.5218201928829366e-48,-8.760353553682876e-17
spectral_smooth,26.749612199056877,8.4,0.0027464790522337967,0.003503460414850279,-0.0007569813626164823,0.7839332337229128,0.0027470756294318494,2.6225224886156084e-07,3.343249490583844e-07,5.91138480720791e-07,3.3502936352871836e-07,3.0401495024560116e-07,0.03399027418009729,1.0904972125302947e-07,4.515457140695887e-46,-1.3270634591222574e-16
spectral_smooth,26.749612199056877,8.8,0.0029396624135581417,0.0037867134143175774,-0.0008470510007594356,0.7763097155552536,0.0029402566328306685,2.6225224886156084e-07,3.3196702364790553e-07,5.886366303382543e-07,3.3502936352871836e-07,3.0170783457924533e-07,0.04167426582233473,1.0904972125302947e-07,5.04434015617918e-44,-1.734723475976807e-17
spectral_smooth,26.749612199056877,9.2,0.0031119125858196095,0.00405883503703347,-0.0009469224512138608,0.7667009270950934,0.003112504696812876,2.6225224886156084e-07,3.298587443190115e-07,5.863265013339666e-07,3.3502936352871836e-07,2.9958444758295854e-07,0.05057447297971792,1.0904972125302947e-07,3.738972604115703e-42,-8.586881206085195e-17
spectral_smooth,26.749612199056877,9.600000000000001,0.0032643482430048665,0.004324227061224428,-0.0010598788182195618,0.7548975104190178,0.003264938480751665,2.6225224886156084e-07,3.279854979831853e-07,5.84182915913967e-07,3.3502936352871836e-07,2.976224944659723e-07,0.060943849934201724,1.0904972125302947e-07,1.935616801652016e-40,4.640385298237959e-17
spectral_smooth,26.749612199056877,10.0,0.0033977874221359228,0.004587042880345504,-0.0011892554582095816,0.7407359187102248,0.0033983760106148686,2.6225224886156084e-07,3.2633622992772615e-07,5.821840071483253e-07,3.3502936352871836e-07,2.958027804364081e-07,0.07305511701750311,1.0904972125302947e-07,7.306589792677805e-39,-1.5655879370690684e-16
spectral_smooth,26.749612199056877,10.4,0.0035128126650738056,0.004851210607056233,-0.0013383979419824277,0.7241105261363654,0.0035133998199881004,2.6225224886156084e-07,3.2490266521634226e-07,5.803106875765189e-07,3.3502936352871836e-07,2.9410869291922853e-07,0.08719353836116361,1.0904972125302947e-07,2.085778829832316e-37,-2.1684043449710089e-16
spectral_smooth,26.749612199056877,10.8,0.003609825622492513,0.005120446136751722,-0.0015106205142592088,0.704982637466526,0.0036104115533966367,2.6225224886156084e-07,3.2367865510085636e-07,5.785462245720616e-07,3.3502936352871836e-07,2.925257849242598e-07,0.10365051312266421,1.0904972125302947e-07,4.644768934322384e-36,-1.6132928326584306e-16
spectral_smooth,26.749612199056877,11.2,0.0036890925415737907,0.005398259667821037,-0.0017091671262472463,0.6833855295187871,0.0036896774534607786,2.6225224886156084e-07,3.226596382299718e-07,5.768758982643163e-07,3.3502936352871836e-07,2.9104143775164837e-07,0.12271796559060823,1.0904972125302947e-07,8.286280921066552e-35,1.0364972768961422e-16
spectral_smooth,26.749612199056877,11.600000000000001,0.003750781852611129,0.0056879582630017245,-0.0019371764103905953,0.659424995610238,0.003751365947052346,2.6225224886156084e-07,3.2184219223019284e-07,5.752867234762391e-07,3.3502936352871836e-07,2.8964458617451955e-07,0.14468351808214813,1.0904972125302947e-07,1.2117631226636495e-33,-1.249000902703301e-16
spectral_smooth,26.749612199056877,12.0,0.0037949949181083076,0.0059926463133205266,-0.002197651395212219,0.6332753043797608,0.00379557839403121,2.6225224886156084e-07,3.2122367388254247e-07,5.737672215020722e-07,3.3502936352871836e-07,2.8832549305019925e-07,0.16982642024355082,1.0904972125302947e-07,1.4817418450504934e-32,-1.5829351718288365e-16
spectral_smooth,26.749612199056877,12.4,0.003821790888401455,0.006315225205443975,-0.00249343431704252,0.605170958132565,0.0038223739425732317,2.6225224886156084e-07,3.20801923137104e-07,5.723072308934674e-07,3.3502936352871836e-07,2.8707556323689643e-07,0.198414196176478,1.0904972125302947e-07,1.5415016355369762e-31,2.220446049250313e-16
spectral_smooth,26.749612199056877,12.8,0.003831206506678342,0.006658393066404922,-0.00282718655972658,0.5753950643149597,0.0038317893339585374,2.6225224886156084e-07,3.2057503152049804e-07,5.708977489738399e-07,3.3502936352871836e-07,2.8588718893707985e-07,0.23069996014136954,1.0904972125302947e-07,1.3851978844497059e-30,1.8648277366750676e-16
spectral_smooth,26.749612199056877,13.2,0.0038232716160643276,0.007024645140388364,-0.003201373524324036,0.5442654453934387,0.003823854409474892,2.6225224886156084e-07,3.205411617246412e-07,5.695307977414802e-07,3.3502936352871836e-07,2.847536203122279e-07,0.2669203437930978,1.0904972125302947e-07,1.0895775317434279e-29,2.168404344971009e-17
spectral_smooth,26.749612199056877,13.600000000000001,0.0037980210384242485,0.00741627511784998,-0.003618254079425731,0.5121197606710842,0.0037986039890793265,2.6225224886156084e-07,3.2069840627535484e-07,5.681993092957236e-07,3.3502936352871836e-07,2.836688565397529e-07,0.30729397325249974,1.0904972125302947e-07,7.590750842994531e-29,5.898059818321144e-17
spectral_smooth,26.749612199056877,14.0,0.0037555034171523616,0.007835377568734092,-0.0040798741515817305,0.4793008868057793,0.0037560867140893498,2.6225224886156084e-07,3.210446879453599e-07,5.668970270387508e-07,3.3502936352871836e-07,2.82627553506071e-07,0.3520204325243581,1.0904972125302947e-07,4.732714426251893e-28,-1.8127860323957634e-16
spectral_smooth,26.749612199056877,14.400000000000002,0.003695787544061635,0.00828385151357669,-0.004588063969515055,0.4461436251005322,0.003696371373995134,2.6225224886156084e-07,3.2157768448115576e-07,5.656184197540845e-07,3.3502936352871836e-07,2.816249451217819e-07,0.4012796503294451,1.0904972125302947e-07,2.6653326797295216e-27,-1.5612511283791264e-16
spectral_smooth,26.749612199056877,14.8,0.0036189666235144635,0.008763405086517184,-0.005144438463002721,0.4129635213465568,0.0036195511705432665,2.6225224886156084e-07,3.222947799752518e-07,5.643586063070871e-07,3.3502936352871836e-07,2.8065677586017734e-07,0.45523164976975056,1.0904972125302947e-07,1.3670691409926386e-26,3.382710778154774e-17
spectral_smooth,26.749612199056877,15.2,0.0035251608654393585,0.00927556119306866,-0.005750400327629301,0.3800482571419616,0.003525746310725192,2.6225224886156084e-07,3.2319303688854717e-07,5.631132892025611e-07,3.3502936352871836e-07,2.797192426001044e-07,0.5140166038611627,1.0904972125302947e-07,6.433284538229847e-26,-8.326672684688674e-17
spectral_smooth,26.749612199056877,15.600000000000001,0.003414518742921979,0.009821664035383648,-0.006407145292461669,0.347651755407311,0.0034151052643523853,2.6225224886156084e-07,3.2426918150640915e-07,5.618786956076858e-07,3.3502936352871836e-07,2.788089442299218e-07,0.577755144403964,1.0904972125302947e-07,2.796113742999517e-25,-3.8163916471489756e-17
spectral_smooth,26.749612199056877,16.0,0.0032872171996970456,0.010402886362883335,-0.007115669163186289,0.31599087839943857,0.0032878049715492283,2.6225224886156084e-07,3.2551960327253937e-07,5.606515247335363e-07,3.3502936352871836e-07,2.7792283776472306e-07,0.646548876550608,1.0904972125302947e-07,1.1291344149624723e-24,-4.85722573273506e-17
spectral_smooth,26.749612199056877,16.400000000000002,0.003143461048029539,0.011020237302101443,-0.007876776254071904,0.28524440643670296,0.003144050240642466,2.6225224886156084e-07,3.2694036400382487e-07,5.59428900686877e-07,3.3502936352871836e-07,2.770581999623326e-07,0.7204810564919377,1.0904972125302947e-07,4.259332949442417e-24,-6.158268339717665e-17
spectral_smooth,26.749612199056877,16.8,0.002983481757897144,0.01167457062301408,-0.008691088865116936,0.25555387467662466,0.002984072537359543,2.6225224886156084e-07,3.285272136555051e-07,5.582083300720596e-07,3.3502936352871836e-07,2.762125936086851e-07,0.7996173947080384,1.0904972125302947e-07,1.508191859968003e-23,1.1796119636642288e-16
spectral_smooth,26.749612199056877,17.2,0.0028075358038026077,0.012366593307485185,-0.009559057503682578,0.22702580524769725,0.002808128331662974,2.6225224886156084e-07,3.302756115264316e-07,5.569876637528943e-07,3.3502936352871836e-07,2.7538383779070824e-07,0.8840069520689253,1.0904972125302947e-07,5.0350984804981494e-23,2.168404344971009e-17
spectral_smooth,26.749612199056877,17.6,0.0026159027055742134,0.013096874296868233,-0.01048097159129402,0.19973488683477222,0.002616497138574758,2.6225224886156084e-07,3.321807516831754e-07,5.557650622855785e-07,3.3502936352871836e-07,2.7456998159293406e-07,0.9736831006244688,1.0904972125302947e-07,1.5912513123187694e-22,0.0
spectral_smooth,26.749612199056877,18.0,0.0024088828737440227,0.01386585330885931,-0.011456970435115288,0.17372770503816848,0.0024094793635834263,2.6225224886156084e-07,3.3423759049355795e-07,5.545389646130268e-07,3.3502936352871836e-07,2.7376928074906335e-07,1.068664525128977,1.0904972125302947e-07,4.777901187677101e-22,-4.85722573273506e-17
spectral_smooth,32.107974276605596,5.2,0.0001365540071456839,0.00017087062014781162,-3.431661300212774e-05,0.7991661002199082,0.00013727224531010862,2.9810868523716394e-07,4.2012947909508824e-07,7.180250437786804e-07,3.8838788614464777e-07,3.864154975873196e-07,0.0001456878358317812,1.3333069992516045e-07,8.330189082845176e-74,-9.248244531301353e-17
spectral_smooth,32.107974276605596,5.6000000000000005,0.0006073749735611145,0.0007573686390752732,-0.00014999366551415871,0.8019542165129824,0.0006080858906335955,2.9810868523716394e-07,4.128083871401955e-07,7.107036180066634e-07,3.8838788614464777e-07,3.7965326920070545e-07,0.001474926567928853,1.3333069992516045e-07,1.3230604115910993e-68,-1.0364972768961422e-16
spectral_smooth,32.107974276605596,6.0,0.0010242597339805704,0.001277535820415232,-0.0002532760864346617,0.8017463914613835,0.0010249641650421346,2.9810868523716394e-07,4.063223761896495e-07,7.042163754612503e-07,3.8838788614464777e-07,3.7366190824930664e-07,0.0040353449698789685,1.3333069992516045e-07,4.2536486526578224e-64,-1.3747683547116196e-16
spectral_smooth,32.107974276605596,6.4,0.0013952089263544742,0.0017419654213185476,-0.00034675649496407335,0.8009395073401614,0.001395907579451248,2.9810868523716394e-07,4.005444115273704e-07,6.984355954687044e-07,3.8838788614464777e-07,3.683237382987238e-07,0.007457439788305029,1.3333069992516045e-07,3.7352788856454855e-60,-9.324138683375338e-18
spectral_smooth,32.107974276605596,6.800000000000001,0.0017266724070811312,0.002159616042519019,-0.00043294363543788794,0.7995274961317226,0.0017273658861075144,2.9810868523716394e-07,3.953703410219944e-07,6.932561232404331e-07,3.8838788614464777e-07,3.6354206022594185e-07,0.011535304094979694,1.3333069992516045e-07,1.1265746972002113e-56,-1.240327285323417e-16
spectral_smooth,32.107974276605596,7.2,0.0020238210643507837,0.0025381888428547827,-0.0005143677785039991,0.7973484991268526,0.0020245098875575716,2.9810868523716394e-07,3.9071452162531273e-07,6.885909598297341e-07,3.8838788614464777e-07,3.592370945184649e-07,0.016184155032972374,1.3333069992516045e-07,1.394606357929648e-53,7.45931094670027e-17
spectral_smooth,32.107974276605596,7.6000000000000005,0.002290773594025519,0.002884428179151688,-0.0005936545851261688,0.7941863869528681,0.0022914582089468122,2.9810868523716394e-07,3.865062361274596e-07,6.84367668261932e-07,3.8838788614464777e-07,3.553426670897217e-07,0.021412456155357827,1.3333069992516045e-07,8.156087346927414e-51,7.155734338404329e-17
spectral_smooth,32.107974276605596,8.0,0.0025307842016107918,0.003204352253832199,-0.0006735680522214071,0.7897958779607133,0.0025314649971111313,2.9810868523716394e-07,3.8268681501474333e-07,6.805255062353247e-07,3.8838788614464777e-07,3.5180355560845584e-07,0.027302402049238228,1.3333069992516045e-07,2.5218201928829366e-48,-8.760353553682876e-17
spectral_smooth,32.107974276605596,8.4,0.0027463983134090597,0.0035034245584139034,-0.0007570262450048437,0.7839182113435974,0.0027470756294318494,2.9810868523716394e-07,3.7920733741980683e-07,6.770131624221946e-07,3.8838788614464777e-07,3.485733839415842e-07,0.03399518928127124,1.3333069992516045e-07,4.515457140695887e-46,-1.3270634591222574e-16
spectral_smooth,32.107974276605596,8.8,0.0029395824973472706,0.0037866775578812017,-0.0008470950605339311,0.7762959619387517,0.0029402566328306685,2.9810868523716394e-07,3.76026798143414e-07,6.737869772046159e-07,3.8838788614464777e-07,3.4561295670642046e-07,0.04167907925928855,1.3333069992516045e-07,5.04434015617918e-44,-1.734723475976807e-17
spectral_smooth,32.107974276605596,9.2,0.0031118334774793976,0.004058799180597095,-0.000946965703117697,0.7666882097432601,0.003112504696812876,2.9810868523716394e-07,3.731106481552615e-07,6.708095450230192e-07,3.8838788614464777e-07,3.4288894138567453e-07,0.05057918791397519,1.3333069992516045e-07,3.738972604115703e-42,-8.586881206085195e-17
spectral_smooth,32.107974276605596,9.600000000000001,0.0032642699424428323,0.004324191204788053,-0.0010599212623452203,0.7548856625091879,0.003264938480751665,2.9810868523716394e-07,3.704296236417548e-07,6.680486142568109e-07,3.8838788614464777e-07,3.4037282273027913e-07,0.06094846785131316,1.3333069992516045e-07,1.935616801652016e-40,4.640385298237959e-17
spectral_smooth,32.107974276605596,10.0,0.003397709943124272,0.004587007023909129,-0.0011892970807848569,0.7407248180380337,0.0033983760106148686,2.9810868523716394e-07,3.6795880520301694e-07,6.654762178224169e-07,3.8838788614464777e-07,3.380400698273598e-07,0.0730596378393944,1.3333069992516045e-07,7.306589792677805e-39,-1.5655879370690684e-16
spectral_smooth,32.107974276605596,10.4,0.0035127360344410774,0.004851174750619858,-0.0013384387161787803,0.7241000819424693,0.0035133998199881004,2.9810868523716394e-07,3.656768615689643e-07,6.630679822627143e-07,3.8838788614464777e-07,3.3586946926149774e-07,0.08719796055422556,1.3333069992516045e-07,2.085778829832316e-37,-2.1684043449710089e-16
spectral_smooth,32.107974276605596,10.8,0.003609749879278812,0.005120410280315346,-0.0015106604010365343,0.7049727818014813,0.0036104115533966367,2.9810868523716394e-07,3.635654324263271e-07,6.608025749064179e-07,3.8838788614464777e-07,3.338425882442654e-07,0.10365483380443727,1.3333069992516045e-07,4.644768934322384e-36,-1.6132928326584306e-16
spectral_smooth,32.107974276605596,11.2,0.003689017736146827,0.0053982238113846615,-0.0017092060752378346,0.6833762113321089,0.0036896774534607786,2.9810868523716394e-07,3.616086288182885e-07,6.586612579979382e-07,3.8838788614464777e-07,3.319433397698951e-07,0.1227221806364204,1.3333069992516045e-07,8.286280921066552e-35,1.0364972768961422e-16
spectral_smooth,32.107974276605596,11.600000000000001,0.0037507080457424014,0.005687922406565349,-0.0019372143608229475,0.6594161765310131,0.003751365947052346,2.9810868523716394e-07,3.5979262458241124e-07,6.566275259516994e-07,3.8838788614464777e-07,3.3015762818967197e-07,0.14468762223259346,1.3333069992516045e-07,1.2117631226636495e-33,-1.249000902703301e-16
spectral_smooth,32.107974276605596,12.0,0.003794922180023641,0.005992610456884151,-0.00219768827686051,0.6332669555826269,0.00379557839403121,2.9810868523716394e-07,3.5810532217350755e-07,6.546868074761566e-07,3.8838788614464777e-07,3.28473058472131e-07,0.1698304072120164,1.3333069992516045e-07,1.4817418450504934e-32,-1.5829351718288365e-16
spectral_smooth,32.107974276605596,12.4,0.0038217192978112213,0.006315189349007599,-0.002493470051196378,0.6051630579234787,0.0038223739425732317,2.9810868523716394e-07,3.565360769952619e-07,6.528262185964534e-07,3.8838788614464777e-07,3.268786961574777e-07,0.1984180587566733,1.3333069992516045e-07,1.5415016355369762e-31,2.220446049250313e-16
spectral_smooth,32.107974276605596,12.8,0.0038311361498041263,0.006658357209968546,-0.00282722106016442,0.5753875962179302,0.0038317893339585374,2.9810868523716394e-07,3.550754693604219e-07,6.510343558736322e-07,3.8838788614464777e-07,3.2536486788538503e-07,0.23070369031356272,1.3333069992516045e-07,1.3851978844497059e-30,1.8648277366750676e-16
spectral_smooth,32.107974276605596,13.2,0.00382320258567026,0.007024609283951988,-0.003201406698281728,0.544258396606417,0.003823854409474892,2.9810868523716394e-07,3.5371511941661993e-07,6.493011216068036e-07,3.8838788614464777e-07,3.2392299458065603e-07,0.26692393282853655,1.3333069992516045e-07,1.0895775317434279e-29,2.168404344971009e-17
spectral_smooth,32.107974276605596,13.600000000000001,0.0037979534328647646,0.007416239261413604,-0.0036182858285488395,0.5121131208138556,0.0037986039890793265,2.9810868523716394e-07,3.524475293836815e-07,6.47617574696548e-07,3.8838788614464777e-07,3.225454510791551e-07,0.307297411815078,1.3333069992516045e-07,7.590750842994531e-29,5.898059818321144e-17
spectral_smooth,32.107974276605596,14.0,0.0037554373394481644,0.007835341712297716,-0.004079904372849552,0.47929464691424173,0.0037560867140893498,2.9810868523716394e-07,3.512659557669551e-07,6.459758022855125e-07,3.8838788614464777e-07,3.212254472874472e-07,0.35202371076854294,1.3333069992516045e-07,4.732714426251893e-28,-1.8127860323957634e-16
spectral_smooth,32.107974276605596,14.400000000000002,0.003695723101008186,0.008283815657140314,-0.004588092556132128,0.4461377768374918,0.003696371373995134,2.9810868523716394e-07,3.501643015546563e-07,6.443688083851323e-07,3.8838788614464777e-07,3.199569269853584e-07,0.4012827579941829,1.3333069992516045e-07,2.6653326797295216e-27,-1.5612511283791264e-16
spectral_smooth,32.107974276605596,14.8,0.0036189039248321064,0.008763369230080809,-0.005144465305248702,0.41295805640711725,0.0036195511705432665,2.9810868523716394e-07,3.491370259567361e-07,6.427904165291879e-07,3.8838788614464777e-07,3.187344811706447e-07,0.45523457626756747,1.3333069992516045e-07,1.3670691409926386e-26,3.382710778154774e-17
spectral_smooth,32.107974276605596,15.2,0.0035251000229699625,0.009275525336632284,-0.005750425313662322,0.38004316683262274,0.003525746310725192,2.9810868523716394e-07,3.48179069908916e-07,6.41235184129052e-07,3.8838788614464777e-07,3.175532734617832e-07,0.5140193383620724,1.3333069992516045e-07,6.433284538229847e-26,-8.326672684688674e-17
spectral_smooth,32.107974276605596,15.600000000000001,0.003414459869873765,0.009821628178947273,-0.006407168309073508,0.3476470303765605,0.0034151052643523853,2.9810868523716394e-07,3.472857933450868e-07,6.396983266901059e-07,3.8838788614464777e-07,3.164089755585691e-07,0.577757675914099,1.3333069992516045e-07,2.796113742999517e-25,-3.8163916471489756e-17
spectral_smooth,32.107974276605596,16.0,0.003287160409942147,0.010402850506446959,-0.007115690096504812,0.3159865084963967,0.0032878049715492283,2.9810868523716394e-07,3.464529217955814e-07,6.381756504203305e-07,3.8838788614464777e-07,3.1529771114109566e-07,0.6465511939851877,1.3333069992516045e-07,1.1291344149624723e-24,-4.85722573273506e-17
spectral_smooth,32.107974276605596,16.400000000000002,0.0031434064554548558,0.011020201445665068,-0.007876794990210212,0.28524038067301877,0.003144050240642466,2.9810868523716394e-07,3.4567650231132063e-07,6.366634920479777e-07,3.8838788614464777e-07,3.142160068889924e-07,0.7204831487425757,1.3333069992516045e-07,4.259332949442417e-24,-6.158268339717665e-17
spectral_smooth,32.107974276605596,16.8,0.0029834294758085966,0.011674534766577704,-0.008691105290769108,0.2555501812671517,0.002984072537359543,2.9810868523716394e-07,3.449528658272527e-07,6.351586648862651e-07,3.8838788614464777e-07,3.131607495422068e-07,0.7996192507044244,1.3333069992516045e-07,1.508191859968003e-23,1.1796119636642288e-16
spectral_smooth,32.107974276605596,17.2,0.0028074859443827926,0.01236655745104881,-0.009559071506666017,0.22702243170711098,0.002808128331662974,2.9810868523716394e-07,3.4427859496588553e-07,6.336584103548199e-07,3.8838788614464777e-07,3.121291481157276e-07,0.8840085608349226,1.3333069992516045e-07,5.0350984804981494e-23,2.168404344971009e-17
spectral_smooth,32.107974276605596,17.6,0.002615855379392018,0.013096838440431857,-0.010480983061039839,0.19973182010984342,0.002616497138574758,2.9810868523716394e-07,3.436504975029564e-07,6.321603543019494e-07,3.8838788614464777e-07,3.11118700533913e-07,0.9736844513288029,1.3333069992516045e-07,1.5912513123187694e-22,0.0
spectral_smooth,32.107974276605596,18.0,0.002408838189315421,0.013865817452422935,-0.011456979263107514,0.1737249316587892,0.0024094793635834263,2.9810868523716394e-07,3.4306558271968157e-07,6.30662467577628e-07,3.8838788614464777e-07,3.1012716407358643e-07,1.068665607130624,1.3333069992516045e-07,4.777901187677101e-22,-4.85722573273506e-17
spectral_smooth,38.53969935995983,5.2,0.0001369706788620917,0.00017104375254162196,-3.4073073679530275e-05,0.8007932287895818,0.00013727224531010862,1.2497629142682598e-07,1.7659015649762466e-07,3.014933338553468e-07,1.6338159132596927e-07,1.6252591965099864e-07,0.00011800443446029771,1.6228746446689257e-07,8.330189082845176e-74,-9.248244531301353e-17
spectral_smooth,38.53969935995983,5.6000000000000005,0.0006077875056489934,0.0007575417714690835,-0.0001497542658200901,0.8023155006625244,0.0006080858906335955,1.2497629142682598e-07,1.7340869307158613e-07,2.9831218853412704e-07,1.6338159132596927e-07,1.5959230626999786e-07,0.0014478949486325214,1.6228746446689257e-07,1.3230604115910993e-68,-1.0364972768961422e-16
spectral_smooth,38.53969935995983,6.0,0.0010246685986908255,0.0012777089528090424,-0.0002530403541182169,0.8019577513627749,0.0010249641650421346,1.2497629142682598e-07,1.705900597448462e-07,2.954935029533992e-07,1.6338159132596927e-07,1.5699311703306127e-07,0.004008886198337648,1.6228746446689257e-07,4.2536486526578224e-64,-1.3747683547116196e-16
spectral_smooth,38.53969935995983,6.4,0.0013956145241543205,0.001742138553712358,-0.0003465240295580374,0.801092726626351,0.001395907579451248,1.2497629142682598e-07,1.680790054914283e-07,2.929817891229259e-07,1.6338159132596927e-07,1.5467730389023715e-07,0.007431488054048148,1.6228746446689257e-07,3.7352788856454855e-60,-9.324138683375338e-18
spectral_smooth,38.53969935995983,6.800000000000001,0.0017270750796136158,0.0021597891749128295,-0.0004327140952992137,0.7996498453064622,0.0017273658861075144,1.2497629142682598e-07,1.658302023477276e-07,2.907313669161803e-07,1.6338159132596927e-07,1.5260292054422752e-07,0.011509804016497406,1.6228746446689257e-07,1.1265746972002113e-56,-1.240327285323417e-16
spectral_smooth,38.53969935995983,7.2,0.0020242211049255054,0.002538361975248593,-0.0005141408703230876,0.7974517128225042,0.0020245098875575716,1.2497629142682598e-07,1.638063407138901e-07,2.887044483081464e-07,1.6338159132596927e-07,1.5073536229348844e-07,0.01615905959830053,1.6228746446689257e-07,1.394606357929648e-53,7.45931094670027e-17
spectral_smooth,38.53969935995983,7.6000000000000005,0.002291171256082414,0.0028846013115454983,-0.0005934300554630845,0.7942765771172935,0.0022914582089468122,1.2497629142682598e-07,1.6197657304317659e-07,2.8686957602965227e-07,1.6338159132596927e-07,1.4904592834020877e-07,0.02138772513123611,1.6228746446689257e-07,8.156087346927414e-51,7.155734338404329e-17
spectral_smooth,38.53969935995983,8.0,0.002531179705555553,0.0032045253862260092,-0.0006733456806704563,0.7898766277325517,0.0025314649971111313,1.2497629142682598e-07,1.6031526406390384e-07,2.8520037769743155e-07,1.6338159132596927e-07,1.475106705511169e-07,0.027278000739220515,1.6228746446689257e-07,2.5218201928829366e-48,-8.760353553682876e-17
spectral_smooth,38.53969935995983,8.4,0.00274679185214749,0.0035035976908077138,-0.0007568058386602239,0.7839917977324186,0.0027470756294318494,1.2497629142682598e-07,1.5880099279996784e-07,2.836745820093852e-07,1.6338159132596927e-07,1.461094799177588e-07,0.03397108754688294,1.6228746446689257e-07,4.515457140695887e-46,-1.3270634591222574e-16
spectral_smooth,38.53969935995983,8.8,0.0029399742407770213,0.003786850690275012,-0.0008468764494979908,0.7763639185265876,0.0029402566328306685,1.2497629142682598e-07,1.5741576220307252e-07,2.8227324526587715e-07,1.6338159132596927e-07,1.448253638778543e-07,0.04165525074212849,1.6228746446689257e-07,5.04434015617918e-44,-1.734723475976807e-17
spectral_smooth,38.53969935995983,9.2,0.0031122235761553707,0.004058972312990905,-0.0009467487368355343,0.7667516149825839,0.003112504696812876,1.2497629142682598e-07,1.5614436599253878e-07,2.8098014358671474e-07,1.6338159132596927e-07,1.4364387436849428e-07,0.05055560941191316,1.6228746446689257e-07,3.738972604115703e-42,-8.586881206085195e-17
spectral_smooth,38.53969935995983,9.600000000000001,0.0032646585305718956,0.004324364337181863,-0.0010597058066099674,0.7549452997060453,0.003264938480751665,1.2497629142682598e-07,1.5497388838880966e-07,2.797812943365058e-07,1.6338159132596927e-07,1.4255265397477232e-07,0.06092511881535234,1.6228746446689257e-07,1.935616801652016e-40,4.640385298237959e-17
spectral_smooth,38.53969935995983,10.0,0.0033980971410251803,0.004587180156302939,-0.0011890830152777587,0.7407812698082243,0.0033983760106148686,1.2497629142682598e-07,1.5389329810489016e-07,2.7866457776822433e-07,1.6338159132596927e-07,1.415410743256455e-07,0.07303649996474648,1.6228746446689257e-07,7.306589792677805e-39,-1.5655879370690684e-16
spectral_smooth,38.53969935995983,10.4,0.0035131219505720734,0.004851347883013668,-0.0013382259324415946,0.7241537888620171,0.0035133998199881004,1.2497629142682598e-07,1.5289312438326874e-07,2.776194362261414e-07,1.6338159132596927e-07,1.4059994654739048e-07,0.08717501744595112,1.6228746446689257e-07,2.085778829832316e-37,-2.1684043449710089e-16
spectral_smooth,38.53969935995983,10.8,0.0036101346119115085,0.0051205834127091565,-0.001510448800797648,0.7050240804497486,0.0036104115533966367,1.2497629142682598e-07,1.519651935399935e-07,2.766366333702698e-07,1.6338159132596927e-07,1.397212881136209e-07,0.10363207070282818,1.6228746446689257e-07,4.644768934322384e-36,-1.6132928326584306e-16
spectral_smooth,38.53969935995983,11.2,0.0036894013747532095,0.005398396943778472,-0.0017089955690252623,0.6834253600052808,0.0036896774534607786,1.2497629142682598e-07,1.5110241624594067e-07,2.757080599272041e-07,1.6338159132596927e-07,1.3889813397746092e-07,0.12269958419021844,1.6228746446689257e-07,8.286280921066552e-35,1.0364972768961422e-16
spectral_smooth,38.53969935995983,11.600000000000001,0.0037510906721497927,0.005688095538959159,-0.0019370048668093665,0.6594633733659454,0.003751365947052346,1.2497629142682598e-07,1.5029861100135378e-07,2.7482657561723756e-07,1.6338159132596927e-07,1.3812438261676525e-07,0.14466518031059908,1.6228746446689257e-07,1.2117631226636495e-33,-1.249000902703301e-16
spectral_smooth,38.53969935995983,12.0,0.003795303869375821,0.005992783589277961,-0.00219747971990214,0.6333123519037498,0.00379557839403121,1.2497629142682598e-07,1.4954836380365322e-07,2.7398587933165804e-07,1.6338159132596927e-07,1.3739466973562388e-07,0.16980810874623098,1.6228746446689257e-07,1.4817418450504934e-32,-1.5829351718288365e-16
spectral_smooth,38.53969935995983,12.4,0.0038221001193733395,0.00631536248140141,-0.0024932623620280703,0.6052067685155574,0.0038223739425732317,1.2497629142682598e-07,1.4884690868743888e-07,2.7318040149126687e-07,1.6338159132596927e-07,1.3670426398668558e-07,0.19839589361086019,1.6228746446689257e-07,1.5415016355369762e-31,2.220446049250313e-16
spectral_smooth,38.53969935995983,12.8,0.003831516167636939,0.0066585303423623565,-0.0028270141747254174,0.5754297075527884,0.0038317893339585374,1.2497629142682598e-07,1.4819003035793088e-07,2.724052139345273e-07,1.6338159132596927e-07,1.360489803229267e-07,0.23068164917283585,1.6228746446689257e-07,1.3851978844497059e-30,1.8648277366750676e-16
spectral_smooth,38.53969935995983,13.2,0.003823581859199565,0.007024782416345798,-0.003201200557146233,0.5442989736312066,0.003823854409474892,1.2497629142682598e-07,1.4757398392184484e-07,2.716559537629364e-07,1.6338159132596927e-07,1.3542510754332648e-07,0.26690200710594303,1.6228746446689257e-07,1.0895775317434279e-29,2.168404344971009e-17
spectral_smooth,38.53969935995983,13.600000000000001,0.0037983320173603508,0.0074164123938074145,-0.0036180803764470637,0.5121522126428537,0.0037986039890793265,1.2497629142682598e-07,1.4699542760787665e-07,2.70928758391927e-07,1.6338159132596927e-07,1.3482934733294148e-07,0.30727559357259304,1.6228746446689257e-07,7.590750842994531e-29,5.898059818321144e-17
spectral_smooth,38.53969935995983,14.0,0.003755815286430819,0.007835514844691527,-0.004079699558260708,0.47933229160753127,0.0037560867140893498,1.2497629142682598e-07,1.4645136692248428e-07,2.702202096795556e-07,1.6338159132596927e-07,1.3425876266631637e-07,0.3520019926497027,1.6228746446689257e-07,4.732714426251893e-28,-1.8127860323957634e-16
spectral_smooth,38.53969935995983,14.400000000000002,0.0036961004585971957,0.008283988789534125,-0.004587888330936929,0.44617400536161966,0.003696371373995134,1.2497629142682598e-07,1.4593910635518625e-07,2.695272854798322e-07,1.6338159132596927e-07,1.337107338837147e-07,0.4012611331663726,1.6228746446689257e-07,2.6653326797295216e-27,-1.5612511283791264e-16
spectral_smooth,38.53969935995983,14.8,0.0036192807380411307,0.008763542362474619,-0.005144261624433488,0.41299289583386356,0.0036195511705432665,1.2497629142682598e-07,1.4545621074280035e-07,2.6884731732897006e-07,1.6338159132596927e-07,1.3318292109236986e-07,0.4552130383725744,1.6228746446689257e-07,1.3670691409926386e-26,3.382710778154774e-17
spectral_smooth,38.53969935995983,15.2,0.003525476333961941,0.009275698469026095,-0.005750222135064154,0.38007664282473164,0.003525746310725192,1.2497629142682598e-07,1.450004717407083e-07,2.681779532485879e-07,1.6338159132596927e-07,1.3267323181265334e-07,0.5139978814733489,1.6228746446689257e-07,6.433284538229847e-26,-8.326672684688674e-17
spectral_smooth,38.53969935995983,15.600000000000001,0.0034148357181824074,0.009821801311341083,-0.0064069655931586755,0.3476791690175354,0.0034151052643523853,1.2497629142682598e-07,1.4456987851296788e-07,2.675171248608279e-07,1.6338159132596927e-07,1.3217979299904846e-07,0.5777362944995785,1.6228746446689257e-07,2.796113742999517e-25,-3.8163916471489756e-17
spectral_smooth,38.53969935995983,16.0,0.003287535832661892,0.01040302363884077,-0.007115487806178877,0.31601733753516964,0.0032878049715492283,1.2497629142682598e-07,1.441625958609194e-07,2.6686301817221237e-07,1.6338159132596927e-07,1.3170092673125087e-07,0.6465298828751329,1.6228746446689257e-07,1.1291344149624723e-24,-4.85722573273506e-17
spectral_smooth,38.53969935995983,16.400000000000002,0.003143781487410291,0.011020374578058878,-0.007876593090648587,0.28526993026801767,0.003144050240642466,1.2497629142682598e-07,1.4377694068645752e-07,2.6621404750776366e-07,1.6338159132596927e-07,1.312351290016423e-07,0.720461903101085,1.6228746446689257e-07,4.259332949442417e-24,-6.158268339717665e-17
spectral_smooth,38.53969935995983,16.8,0.002983804149701008,0.011674707898971515,-0.008690903749270507,0.2555784843202687,0.002984072537359543,1.2497629142682598e-07,1.4341136722606507e-07,2.655688321734349e-07,1.6338159132596927e-07,1.307810511294632e-07,0.7995980660046011,1.6228746446689257e-07,1.508191859968003e-23,1.1796119636642288e-16
spectral_smooth,38.53969935995983,17.2,0.0028078602909212824,0.01236673058344262,-0.009558870292521338,0.2270495238798707,0.002808128331662974,1.2497629142682598e-07,1.4306445028644532e-07,2.649261755000132e-07,1.6338159132596927e-07,1.3033748341512782e-07,0.8839874328367697,1.6228746446689257e-07,5.0350984804981494e-23,2.168404344971009e-17
spectral_smooth,38.53969935995983,17.6,0.0026162294274107434,0.013097011572825668,-0.010480782145414924,0.19975773960824977,0.002616497138574758,1.2497629142682598e-07,1.4273487258797957e-07,2.642850459804877e-07,1.6338159132596927e-07,1.2990334071482075e-07,0.9736633760595284,1.6228746446689257e-07,1.5912513123187694e-22,0.0
spectral_smooth,38.53969935995983,18.0,0.0024092119658775113,0.013865990584816745,-0.011456778618939234,0.17374971886362,0.0024094793635834263,1.2497629142682598e-07,1.4242141443965295e-07,2.6364456025926537e-07,1.6338159132596927e-07,1.2947764966927357e-07,1.0686445808671636,1.6228746446689257e-07,4.777901187677101e-22,-4.85722573273506e-17
spectral_smooth,46.259798701729665,5.2,0.00013720299017744297,0.00017114000851398137,-3.3937018336538394e-05,0.8017002649981411,0.00013727224531010862,2.872031906742123e-08,4.053481350574373e-08,6.90433738836158e-08,3.7401356009239e-08,3.7206664083479506e-08,0.00010254782376958264,1.9693405672871478e-07,8.330189082845176e-74,-9.248244531301353e-17
spectral_smooth,46.259798701729665,5.6000000000000005,0.0006080173610903961,0.0007576380274414429,-0.00014962066635104687,0.8025169527771481,0.0006080858906335955,2.872031906742123e-08,3.9809224028353185e-08,6.831978430008478e-08,3.7401356009239e-08,3.6539176288650555e-08,0.0014328161450789228,1.9693405672871478e-07,1.3230604115910993e-68,-1.0364972768961422e-16
spectral_smooth,46.259798701729665,6.0,0.00102489627837421,0.0012778052087814018,-0.00025290893040719187,0.8020755208468885,0.0010249641650421346,2.872031906742123e-08,3.9166348719810173e-08,6.767864013560197e-08,3.7401356009239e-08,3.5947780164971705e-08,0.003994139561029154,1.9693405672871478e-07,4.2536486526578224e-64,-1.3747683547116196e-16
spectral_smooth,46.259798701729665,6.4,0.0013958402655713797,0.0017422348096847173,-0.0003463945441133376,0.8011780374334142,0.001395907579451248,2.872031906742123e-08,3.8593560791611026e-08,6.710731969893626e-08,3.7401356009239e-08,3.5420860579806545e-08,0.0074170355100100505,1.9693405672871478e-07,3.7352788856454855e-60,-9.324138683375338e-18
spectral_smooth,46.259798701729665,6.800000000000001,0.0017272990853041126,0.002159885430885189,-0.00043258634558107634,0.7997179204992421,0.0017273658861075144,2.872031906742123e-08,3.80804842103899e-08,6.659543208046922e-08,3.7401356009239e-08,3.494887327294576e-08,0.01149561351567839,1.9693405672871478e-07,1.1265746972002113e-56,-1.240327285323417e-16
spectral_smooth,46.259798701729665,7.2,0.002024443548679866,0.0025384582312209525,-0.0005140146825410863,0.7975091036680739,0.0020245098875575716,2.872031906742123e-08,3.761855871253772e-08,6.613438137171776e-08,3.7401356009239e-08,3.4523944358957006e-08,0.016145103931595406,1.9693405672871478e-07,1.394606357929648e-53,7.45931094670027e-17
spectral_smooth,46.259798701729665,7.6000000000000005,0.002291392287944838,0.0028846975675178577,-0.0005933052795730198,0.7943266960621005,0.0022914582089468122,2.872031906742123e-08,3.720068297852208e-08,6.571701151041931e-08,3.7401356009239e-08,3.4139543204264606e-08,0.021373981016277542,1.9693405672871478e-07,8.156087346927414e-51,7.155734338404329e-17
spectral_smooth,46.259798701729665,8.0,0.002531399455860117,0.0032046216421983686,-0.0006732221863382515,0.7899214754486831,0.0025314649971111313,2.872031906742123e-08,3.682093185908286e-08,6.533732289401051e-08,3.7401356009239e-08,3.3790220485268376e-08,0.02726444810634554,1.9693405672871478e-07,2.5218201928829366e-48,-8.760353553682876e-17
spectral_smooth,46.259798701729665,8.4,0.0027470104347836477,0.003503693946780073,-0.0007566835119964255,0.7840326456904649,0.0027470756294318494,2.872031906742123e-08,3.647432900155678e-08,6.499024861174816e-08,3.7401356009239e-08,3.34714003342216e-08,0.03395770897607025,1.9693405672871478e-07,4.515457140695887e-46,-1.3270634591222574e-16
spectral_smooth,46.259798701729665,8.8,0.0029401917558432578,0.0037869469462473715,-0.0008467551904041137,0.7764016231483793,0.0029402566328306685,2.872031906742123e-08,3.615666832601505e-08,6.467147852509774e-08,3.7401356009239e-08,3.317921591495999e-08,0.041642031014873064,1.9693405672871478e-07,5.04434015617918e-44,-1.734723475976807e-17
spectral_smooth,46.259798701729665,9.2,0.0031124401121208067,0.004059068568963264,-0.0009466284568424577,0.7667867786022058,0.003112504696812876,2.872031906742123e-08,3.586437291591693e-08,6.437732104265915e-08,3.7401356009239e-08,3.291037929696574e-08,0.05054253515203637,1.9693405672871478e-07,3.738972604115703e-42,-8.586881206085195e-17
spectral_smooth,46.259798701729665,9.600000000000001,0.003264874166049314,0.004324460593154222,-0.0010595864271049082,0.7549783598948104,0.003264938480751665,2.872031906742123e-08,3.559438332967346e-08,6.410459428813214e-08,3.7401356009239e-08,3.2662078201103075e-08,0.060912178198467684,1.9693405672871478e-07,1.935616801652016e-40,4.640385298237959e-17
spectral_smooth,46.259798701729665,10.0,0.003398311946228749,0.0045872764122752985,-0.0011889644660465493,0.7408125521137235,0.0033983760106148686,2.872031906742123e-08,3.534406689542635e-08,6.385054006535798e-08,3.7401356009239e-08,3.24318937349805e-08,0.07302368248190194,1.9693405672871478e-07,7.306589792677805e-39,-1.5655879370690684e-16
spectral_smooth,46.259798701729665,10.4,0.003513335988520938,0.0048514441389860274,-0.0013381081504650894,0.7241835395543151,0.0035133998199881004,2.872031906742123e-08,3.511114787801972e-08,6.361275546493619e-08,3.7401356009239e-08,3.221773452353733e-08,0.08716231371010483,1.9693405672871478e-07,2.085778829832316e-37,-2.1684043449710089e-16
spectral_smooth,46.259798701729665,10.8,0.0036103479394287707,0.005120679668681516,-0.0015103317292527452,0.7050524877605499,0.0036104115533966367,2.872031906742123e-08,3.489364863717981e-08,6.338913812210555e-08,3.7401356009239e-08,3.201778367100296e-08,0.10361947228933456,1.9693405672871478e-07,4.644768934322384e-36,-1.6132928326584306e-16
spectral_smooth,46.259798701729665,11.2,0.0036896140432984836,0.005398493199750831,-0.0017088791564523476,0.6834525684812901,0.0036896774534607786,2.872031906742123e-08,3.468984333121483e-08,6.317784205548489e-08,3.7401356009239e-08,3.183045579749141e-08,0.12268708350460233,1.9693405672871478e-07,8.286280921066552e-35,1.0364972768961422e-16
spectral_smooth,46.259798701729665,11.600000000000001,0.003751302728513428,0.005688191794931519,-0.0019368890664180904,0.6594894939822596,0.003751365947052346,2.872031906742123e-08,3.449821972534295e-08,6.297724173193062e-08,3.7401356009239e-08,3.16543620182606e-08,0.1446527704786063,1.9693405672871478e-07,1.2117631226636495e-33,-1.249000902703301e-16
spectral_smooth,46.259798701729665,12.0,0.0037955153562634347,0.005992879845250321,-0.002197364488986886,0.6333374695091851,0.00379557839403121,2.872031906742123e-08,3.431744854953678e-08,6.278590255437861e-08,3.7401356009239e-08,3.148828121439314e-08,0.16979578352160257,1.9693405672871478e-07,1.4817418450504934e-32,-1.5829351718288365e-16
spectral_smooth,46.259798701729665,12.4,0.003822311075896867,0.006315458737373769,-0.002493147661476902,0.6052309475600094,0.0038223739425732317,2.872031906742123e-08,3.4146357519304615e-08,6.260255639214985e-08,3.7401356009239e-08,3.1331136312629824e-08,0.19838364729790176,1.9693405672871478e-07,1.5415016355369762e-31,2.220446049250313e-16
spectral_smooth,46.259798701729665,12.8,0.0038317266297304142,0.006658626598334716,-0.0028268999686043017,0.5754529966718223,0.0038317893339585374,2.872031906742123e-08,3.398390924225225e-08,6.24260810957281e-08,3.7401356009239e-08,3.1181974575214025e-08,0.2306694765609402,1.9693405672871478e-07,1.3851978844497059e-30,1.8648277366750676e-16
spectral_smooth,46.259798701729665,13.2,0.0038237918599715037,0.007024878672318158,-0.003201086812346654,0.5443214094272294,0.003823854409474892,2.872031906742123e-08,3.3829184342693e-08,6.22554831835836e-08,3.7401356009239e-08,3.103995111812712e-08,0.2668899034140733,1.9693405672871478e-07,1.0895775317434279e-29,2.168404344971009e-17
spectral_smooth,46.259798701729665,13.600000000000001,0.0037985415873943995,0.007416508649779774,-0.0036179670623853744,0.5121738228549351,0.0037986039890793265,2.872031906742123e-08,3.368136591852533e-08,6.20898830753551e-08,3.7401356009239e-08,3.090431504358957e-08,0.30726355440192143,1.9693405672871478e-07,7.590750842994531e-29,5.898059818321144e-17
spectral_smooth,46.259798701729665,14.0,0.0037560244540435495,0.007835611100663886,-0.004079586646620337,0.4793530977724652,0.0037560867140893498,2.872031906742123e-08,3.3539726551623517e-08,6.192850238765963e-08,3.7401356009239e-08,3.077439770205533e-08,0.35199001394300594,1.9693405672871478e-07,4.732714426251893e-28,-1.8127860323957634e-16
spectral_smooth,46.259798701729665,14.400000000000002,0.0036963092500575945,0.008284085045506484,-0.00458777579544889,0.44619402501940447,0.003696371373995134,2.872031906742123e-08,3.3403618315830386e-08,6.177065291676517e-08,3.7401356009239e-08,3.06496026991704e-08,0.40124921117331613,1.9693405672871478e-07,2.6653326797295216e-27,-1.5612511283791264e-16
spectral_smooth,46.259798701729665,14.8,0.003619489177762447,0.008763638618446978,-0.005144149440684531,0.41301214430996974,0.0036195511705432665,2.872031906742123e-08,3.3272461785749385e-08,6.161572701457178e-08,3.7401356009239e-08,3.052939734114443e-08,0.45520116961948703,1.9693405672871478e-07,1.3670691409926386e-26,3.382710778154774e-17
spectral_smooth,46.259798701729665,15.2,0.0035256844446655555,0.009275794724998454,-0.0057501102803328985,0.38009513461566424,0.003525746310725192,2.872031906742123e-08,3.314574048562946e-08,6.146318912705903e-08,3.7401356009239e-08,3.0413305272889495e-08,0.5139860627372473,1.9693405672871478e-07,6.433284538229847e-26,-8.326672684688674e-17
spectral_smooth,46.259798701729665,15.600000000000001,0.0034150435210422714,0.009821897567313442,-0.006406854046271171,0.34769691881203146,0.0034151052643523853,2.872031906742123e-08,3.302299100838013e-08,6.131256831232174e-08,3.7401356009239e-08,3.0300900111051805e-08,0.5777245227853642,1.9693405672871478e-07,2.796113742999517e-25,-3.8163916471489756e-17
spectral_smooth,46.259798701729665,16.0,0.0032877433474303164,0.010403119894813129,-0.007115376547382812,0.31603436091028286,0.0032878049715492283,2.872031906742123e-08,3.2903799795924726e-08,6.116345159211261e-08,3.7401356009239e-08,3.019179991169522e-08,0.6465181553956991,1.9693405672871478e-07,1.1291344149624723e-24,-4.85722573273506e-17
spectral_smooth,46.259798701729665,16.400000000000002,0.003143988732527192,0.011020470834031237,-0.007876482101504045,0.28528624410660824,0.003144050240642466,2.872031906742123e-08,3.278779614479532e-08,6.101547801915474e-08,3.7401356009239e-08,3.008566234217498e-08,0.7204502172599702,1.9693405672871478e-07,4.259332949442417e-24,-6.158268339717665e-17
spectral_smooth,46.259798701729665,16.8,0.0029840111423922733,0.011674804154943874,-0.0086907930125516,0.2555941070008141,0.002984072537359543,2.872031906742123e-08,3.267464832035216e-08,6.08683333644206e-08,3.7401356009239e-08,2.998218045041197e-08,0.7995864193804941,1.9693405672871478e-07,1.508191859968003e-23,1.1796119636642288e-16
spectral_smooth,46.259798701729665,17.2,0.0028080670472855895,0.01236682683941498,-0.00955875979212939,0.22706447528931575,0.002808128331662974,2.872031906742123e-08,3.2564058338735435e-08,6.072174534563867e-08,3.7401356009239e-08,2.9881078943680267e-08,0.8839758231698286,1.9693405672871478e-07,5.0350984804981494e-23,2.168404344971009e-17
spectral_smooth,46.259798701729665,17.6,0.002616435962494834,0.013097107828798027,-0.010480671866303193,0.1997720410258663,0.002616497138574758,2.872031906742123e-08,3.245576085664226e-08,6.057547933165011e-08,3.7401356009239e-08,2.9782110904186972e-08,0.9736518012394214,1.9693405672871478e-07,1.5912513123187694e-22,0.0
spectral_smooth,46.259798701729665,18.0,0.0024094182937474673,0.013866086840789105,-0.011456668547041637,0.17376339275907418,0.0024094793635834263,2.872031906742123e-08,3.2349516843055426e-08,6.042933446777274e-08,3.7401356009239e-08,2.9685054880947063e-08,1.068633038922002,1.9693405672871478e-07,4.777901187677101e-22,-4.85722573273506e-17
spectral_smooth,55.52635364218317,5.2,0.00013726316993240006,0.00017116494732610787,-3.390177739370781e-05,0.8019350461451826,0.00013727224531010862,3.78150694091417e-09,5.293870675160406e-09,9.009466419095343e-09,4.8557542165446975e-09,4.832612516891108e-09,9.854413694563007e-05,2.3773426027773326e-07,8.330189082845176e-74,-9.248244531301353e-17
spectral_smooth,55.52635364218317,5.6000000000000005,0.0006080769014333853,0.0007576629662535694,-0.0001495860648201841,0.8025691217826771,0.0006080858906335955,3.78150694091417e-09,5.207693165587557e-09,8.92385354111281e-09,4.8557542165446975e-09,4.753271837413349e-09,0.0014289106560618162,2.3773426027773326e-07,1.3230604115910993e-68,-1.0364972768961422e-16
spectral_smooth,55.52635364218317,6.0,0.0010249552521683913,0.0012778301475935283,-0.00025287489542513697,0.8021060186274653,0.0010249641650421346,3.78150694091417e-09,5.131366664912207e-09,8.847994648961827e-09,4.8557542165446975e-09,4.682975463490967e-09,0.003990320415954891,2.3773426027773326e-07,4.2536486526578224e-64,-1.3747683547116196e-16
spectral_smooth,55.52635364218317,6.4,0.001395898734533163,0.0017422597484968438,-0.0003463610139636808,0.8012001285901783,0.001395907579451248,3.78150694091417e-09,5.063411134820228e-09,8.780395870708086e-09,4.8557542165446975e-09,4.620342546262988e-09,0.007413292826104895,2.3773426027773326e-07,3.7352788856454855e-60,-9.324138683375338e-18
spectral_smooth,55.52635364218317,6.800000000000001,0.001727357101977356,0.0021599103696973154,-0.0004325532677199595,0.7997355474613622,0.0017273658861075144,3.78150694091417e-09,5.002623093552927e-09,8.719827030730101e-09,4.8557542165446975e-09,4.564238285793258e-09,0.011491938982329551,2.3773426027773326e-07,1.1265746972002113e-56,-1.240327285323417e-16
spectral_smooth,55.52635364218317,7.2,0.0020245011580252714,0.002538483170033079,-0.0005139820120078076,0.7975239630991487,0.0020245098875575716,3.78150694091417e-09,4.948025433826331e-09,8.665270058022689e-09,4.8557542165446975e-09,4.5137263125131e-09,0.016141490505876883,2.3773426027773326e-07,1.394606357929648e-53,7.45931094670027e-17
spectral_smooth,55.52635364218317,7.6000000000000005,0.002291449528616041,0.002884722506329984,-0.0005932729777139434,0.7943396716973238,0.0022914582089468122,3.78150694091417e-09,4.898823902088623e-09,8.615876950635017e-09,4.8557542165446975e-09,4.468029797539201e-09,0.02137042268810508,2.3773426027773326e-07,8.156087346927414e-51,7.155734338404329e-17
spectral_smooth,55.52635364218317,8.0,0.0025314563612294227,0.003204646581010495,-0.0006731902197810724,0.7899330853610694,0.0025314649971111313,3.78150694091417e-09,4.8543746800078225e-09,8.57093624898427e-09,4.8557542165446975e-09,4.42650031822456e-09,0.02726093971547605,2.3773426027773326e-07,2.5218201928829366e-48,-8.760353553682876e-17
spectral_smooth,55.52635364218317,8.4,0.002747067033768591,0.0035037188855921997,-0.0007566518518236087,0.7840432190678679,0.0027470756294318494,3.78150694091417e-09,4.814156184806961e-09,8.529846578919372e-09,4.8557542165446975e-09,4.388593159651988e-09,0.03395424606816802,2.3773426027773326e-07,4.515457140695887e-46,-1.3270634591222574e-16
spectral_smooth,55.52635364218317,8.8,0.0029402480735782888,0.003786971885059498,-0.0008467238114812092,0.7764113816578001,0.0029402566328306685,3.78150694091417e-09,4.777745421513657e-09,8.49209586886199e-09,4.8557542165446975e-09,4.353847783912226e-09,0.04163860972699027,2.3773426027773326e-07,5.04434015617918e-44,-1.734723475976807e-17
spectral_smooth,55.52635364218317,9.2,0.003112496170505741,0.004059093507775391,-0.0009465973372696501,0.7667958780805624,0.003112504696812876,3.78150694091417e-09,4.744800108369418e-09,8.457245036010346e-09,4.8557542165446975e-09,4.321872380176304e-09,0.050539152120710765,2.3773426027773326e-07,3.738972604115703e-42,-8.586881206085195e-17
spectral_smooth,55.52635364218317,9.600000000000001,0.0032649299842014146,0.004324485531966349,-0.0010595555477649343,0.754986913487683,0.003264938480751665,3.78150694091417e-09,4.715043355751902e-09,8.424915155744223e-09,4.8557542165446975e-09,4.292331611219082e-09,0.060908830485177305,2.3773426027773326e-07,1.935616801652016e-40,4.640385298237959e-17
spectral_smooth,55.52635364218317,10.0,0.0033983675408577607,0.004587301351087425,-0.0011889338102296643,0.7408206439396386,0.0033983760106148686,3.78150694091417e-09,4.688250010431716e-09,8.39477733055855e-09,4.8557542165446975e-09,4.264936855821725e-09,0.07302036751209218,2.3773426027773326e-07,7.306589792677805e-39,-1.5655879370690684e-16
spectral_smooth,55.52635364218317,10.4,0.003513391374243058,0.004851469077798154,-0.0013380777035550961,0.7241912331919088,0.0035133998199881004,3.78150694091417e-09,4.664237884810518e-09,8.36654464587671e-09,4.8557542165446975e-09,4.23943839979145e-09,0.08715902922283505,2.3773426027773326e-07,2.085778829832316e-37,-2.1684043449710089e-16
spectral_smooth,55.52635364218317,10.8,0.0036104031290316585,0.005120704607493642,-0.001510301478461984,0.7050598317560033,0.0036104115533966367,3.78150694091417e-09,4.642857875936102e-09,8.339965738603822e-09,4.8557542165446975e-09,4.215619151112268e-09,0.10361621629533134,2.3773426027773326e-07,4.644768934322384e-36,-1.6132928326584306e-16
spectral_smooth,55.52635364218317,11.2,0.0036896690479671923,0.005398518138562958,-0.0017088490905957654,0.6834596000726512,0.0036896774534607786,3.78150694091417e-09,4.623986749052733e-09,8.314819613733161e-09,4.8557542165446975e-09,4.193289550942313e-09,0.12268385425097869,2.3773426027773326e-07,8.286280921066552e-35,1.0364972768961422e-16
spectral_smooth,55.52635364218317,11.600000000000001,0.0037513575580236935,0.005688216733743645,-0.0019368591757199516,0.6594962417254403,0.003751365947052346,3.78150694091417e-09,4.60752158648603e-09,8.29091142952407e-09,4.8557542165446975e-09,4.172283426665425e-09,0.1446495664190327,2.3773426027773326e-07,1.2117631226636495e-33,-1.249000902703301e-16
spectral_smooth,55.52635364218317,12.0,0.003795570019147987,0.005992904784062447,-0.0021973347649144603,0.6333439552121601,0.00379557839403121,3.78150694091417e-09,4.593376123906978e-09,8.26806903746464e-09,4.8557542165446975e-09,4.152454590532311e-09,0.16979260329092563,2.3773426027773326e-07,1.4817418450504934e-32,-1.5829351718288365e-16
spectral_smooth,55.52635364218317,12.4,0.0038223655795914246,0.006315483676185896,-0.002493118096594471,0.6052371877714776,0.0038223739425732317,3.78150694091417e-09,4.581475088194509e-09,8.24614011356468e-09,4.8557542165446975e-09,4.133674031427797e-09,0.19838048969020602,2.3773426027773326e-07,1.5415016355369762e-31,2.220446049250313e-16
spectral_smooth,55.52635364218317,12.8,0.003831780980700028,0.0066586515371468424,-0.0028268705564468144,0.5754590038724122,0.0038317893339585374,3.78150694091417e-09,4.571751754944842e-09,8.224989755925561e-09,4.8557542165446975e-09,4.1158275810587476e-09,0.23066634051072174,2.3773426027773326e-07,1.3851978844497059e-30,1.8648277366750676e-16
spectral_smooth,55.52635364218317,13.2,0.00382384606382169,0.007024903611130284,-0.0032010575473085945,0.544327193011328,0.003823854409474892,3.78150694091417e-09,4.5641462831369495e-09,8.204498452752817e-09,4.8557542165446975e-09,4.098813961784438e-09,0.2668867879798724,2.3773426027773326e-07,1.0895775317434279e-29,2.168404344971009e-17
spectral_smooth,55.52635364218317,13.600000000000001,0.003798595648970282,0.0074165335885919,-0.0036179379396216182,0.5121793899529122,0.0037986039890793265,3.78150694091417e-09,4.558602162418879e-09,8.184560347176114e-09,4.8557542165446975e-09,4.0825431432656265e-09,0.30726045875192726,2.3773426027773326e-07,7.590750842994531e-29,5.898059818321144e-17
spectral_smooth,55.52635364218317,14.0,0.0037560783775160145,0.007835636039476013,-0.004079557661959998,0.4793584539395212,0.0037560867140893498,3.78150694091417e-09,4.55506621310775e-09,8.16508174209498e-09,4.8557542165446975e-09,4.066934950509053e-09,0.3519869373425997,2.3773426027773326e-07,4.732714426251893e-28,-1.8127860323957634e-16
spectral_smooth,55.52635364218317,14.400000000000002,0.00369636303900156,0.00828410998431861,-0.0045877469453170505,0.44619917480557153,0.003696371373995134,3.78150694091417e-09,4.553486476766011e-09,8.145979801066338e-09,4.8557542165446975e-09,4.05191787780936e-09,0.40124615297393695,2.3773426027773326e-07,2.6653326797295216e-27,-1.5612511283791264e-16
spectral_smooth,55.52635364218317,14.8,0.0036195428352248094,0.008763663557259105,-0.0051441207220342955,0.41301709171921314,0.0036195511705432665,3.78150694091417e-09,4.553811550067621e-09,8.127181410975589e-09,4.8557542165446975e-09,4.0374280723584835e-09,0.4551981292489761,2.3773426027773326e-07,1.3670691409926386e-26,3.382710778154774e-17
spectral_smooth,55.52635364218317,15.2,0.003525737973228138,0.00927581966381058,-0.0057500816905824426,0.38009988346191464,0.003525746310725192,3.78150694091417e-09,4.555990029686541e-09,8.108622179635138e-09,4.8557542165446975e-09,4.0234084585237606e-09,0.5139830396910694,2.3773426027773326e-07,6.433284538229847e-26,-8.326672684688674e-17
spectral_smooth,55.52635364218317,15.600000000000001,0.003415096922875227,0.009821922506125569,-0.006406825583250342,0.34770147297999526,0.0034151052643523853,3.78150694091417e-09,4.559970179229822e-09,8.090245547100384e-09,4.8557542165446975e-09,4.009807979461446e-09,0.5777215166191011,2.3773426027773326e-07,2.796113742999517e-25,-3.8163916471489756e-17
spectral_smooth,55.52635364218317,16.0,0.0032877966243428647,0.010403144833625255,-0.0071153482092823905,0.31603872453221854,0.0032878049715492283,3.78150694091417e-09,4.565699374126098e-09,8.072001993812037e-09,4.8557542165446975e-09,3.996580937189802e-09,0.6465151657180812,2.3773426027773326e-07,1.1291344149624723e-24,-4.85722573273506e-17
spectral_smooth,55.52635364218317,16.400000000000002,0.0031440418860110286,0.011020495772843364,-0.007876453886832335,0.2852904216667418,0.003144050240642466,3.78150694091417e-09,4.573124434692488e-09,8.053848331989058e-09,4.8557542165446975e-09,3.983686415768627e-09,0.7204472437268715,2.3773426027773326e-07,4.259332949442417e-24,-6.158268339717665e-17
spectral_smooth,55.52635364218317,16.8,0.0029840641736624263,0.011674829093756,-0.008690764920093574,0.25559810338109196,0.002984072537359543,3.78150694091417e-09,4.582190293866972e-09,8.035747069252769e-09,4.8557542165446975e-09,3.97108777502839e-09,0.7995834616893812,2.3773426027773326e-07,1.508191859968003e-23,1.1796119636642288e-16
spectral_smooth,55.52635364218317,17.2,0.002808119957314059,0.012366851778227106,-0.009558731820913047,0.22706829576933987,0.002808128331662974,3.78150694091417e-09,4.592841995609831e-09,8.017665835443776e-09,4.8557542165446975e-09,3.958752204522031e-09,0.8839728810551005,2.3773426027773326e-07,5.0350984804981494e-23,2.168404344971009e-17
spectral_smooth,55.52635364218317,17.6,0.0026164887520450097,0.013097132767610153,-0.010480644015565144,0.19977569125020353,0.002616497138574758,3.78150694091417e-09,4.605022807524506e-09,7.999576865137874e-09,4.8557542165446975e-09,3.946650329159015e-09,0.9736488744678203,2.3773426027773326e-07,1.5912513123187694e-22,0.0
spectral_smooth,55.52635364218317,18.0,0.0024094709634011058,0.013866111779601231,-0.011456640816200125,0.1737668786822948,0.0024094793635834263,3.78150694091417e-09,4.618675331080624e-09,7.981456529579731e-09,4.8557542165446975e-09,3.934755859419232e-09,1.0686301272888945,2.3773426027773326e-07,4.777901187677101e-22,-4.85722573273506e-17
spectral_smooth,66.64914321560819,5.2,0.0001372625268618033,0.00017116469741246254,-3.390217055065925e-05,0.8019324600039235,0.00013727224531010862,4.031420586247947e-09,5.687027626599672e-09,9.715184065760452e-09,5.25879341061579e-09,5.2317645335828425e-09,9.85882586724148e-05,2.868253923260511e-07,8.330189082845176e-74,-9.248244531301353e-17
spectral_smooth,66.64914321560819,5.6000000000000005,0.0006080762725996225,0.0007576627163399241,-0.0001495864437403016,0.8025685565433183,0.0006080858906335955,4.031420586247947e-09,5.586613283092845e-09,9.614790671925587e-09,5.25879341061579e-09,5.139095803983774e-09,0.0014289530108172327,2.868253923260511e-07,1.3230604115910993e-68,-1.0364972768961422e-16
spectral_smooth,66.64914321560819,6.0,0.0010249546359745176,0.001277829897679883,-0.00025287526170536534,0.8021056932816306,0.0010249641650421346,4.031420586247947e-09,5.497646893282138e-09,9.525835935649652e-09,5.25879341061579e-09,5.056990991822338e-09,0.003990361209205151,2.868253923260511e-07,4.2536486526578224e-64,-1.3747683547116196e-16
spectral_smooth,66.64914321560819,6.4,0.0013958981296492423,0.0017422594985831985,-0.0003463613689339562,0.8011998963325403,0.001395907579451248,4.031420586247947e-09,5.418381410216e-09,9.44656859572514e-09,5.25879341061579e-09,4.983837508230202e-09,0.007413332228033143,2.868253923260511e-07,3.7352788856454855e-60,-9.324138683375338e-18
spectral_smooth,66.64914321560819,6.800000000000001,0.0017273565073052666,0.00215991011978367,-0.0004325536124784035,0.7997353646726157,0.0017273658861075144,4.031420586247947e-09,5.3473815375681966e-09,9.375546858266424e-09,5.25879341061579e-09,4.918310251001714e-09,0.011491977133374617,2.868253923260511e-07,1.1265746972002113e-56,-1.240327285323417e-16
spectral_smooth,66.64914321560819,7.2,0.002024500572672283,0.0025384829201194337,-0.0005139823474471505,0.7975238110237244,0.0020245098875575716,4.031420586247947e-09,5.283464776795199e-09,9.311577929883531e-09,5.25879341061579e-09,4.859316000473968e-09,0.01614152752083404,2.868253923260511e-07,1.394606357929648e-53,7.45931094670027e-17
spectral_smooth,66.64914321560819,7.6000000000000005,0.002291448951877051,0.002884722256416339,-0.000593273304539288,0.7943395405849902,0.0022914582089468122,4.031420586247947e-09,5.225649246654029e-09,9.253668739843847e-09,5.25879341061579e-09,4.805948003340914e-09,0.021370458658976972,2.868253923260511e-07,8.156087346927414e-51,7.155734338404329e-17
spectral_smooth,66.64914321560819,8.0,0.0025314557925734116,0.00320464633109685,-0.0006731905385234382,0.7899329695164751,0.0025314649971111313,4.031420586247947e-09,5.173117045842446e-09,9.200986622458832e-09,5.25879341061579e-09,4.757449606902369e-09,0.0272609747136332,2.868253923260511e-07,2.5218201928829366e-48,-8.760353553682876e-17
spectral_smooth,66.64914321560819,8.4,0.002747066472828963,0.0035037186356785543,-0.0007566521628495915,0.7840431148938268,0.0027470756294318494,4.031420586247947e-09,5.1251821675535325e-09,9.152828273736542e-09,5.25879341061579e-09,4.7131854035327686e-09,0.03395428014592874,2.868253923260511e-07,4.515457140695887e-46,-1.3270634591222574e-16
spectral_smooth,66.64914321560819,8.8,0.0029402475201452116,0.0037869716351458527,-0.000846724115000641,0.7764112867541904,0.0029402566328306685,4.031420586247947e-09,5.08126485332383e-09,9.108595348745238e-09,5.25879341061579e-09,4.672618405498165e-09,0.04163864291886124,2.868253923260511e-07,5.04434015617918e-44,-1.734723475976807e-17
spectral_smooth,66.64914321560819,9.2,0.0031124956245195956,0.004059093257861746,-0.00094659763334215,0.7667957907819049,0.003112504696812876,4.031420586247947e-09,5.040872608219615e-09,9.067775290332181e-09,5.25879341061579e-09,4.635291982119231e-09,0.05053918444441342,2.868253923260511e-07,3.738972604115703e-42,-8.586881206085195e-17
spectral_smooth,66.64914321560819,9.600000000000001,0.003264929445745801,0.0043244852820527035,-0.0010595558363069024,0.7549868326054372,0.003264938480751665,4.031420586247947e-09,5.00358532384837e-09,9.029926236827758e-09,5.25879341061579e-09,4.600815527966257e-09,0.06090886194264125,2.868253923260511e-07,1.935616801652016e-40,4.640385298237959e-17
spectral_smooth,66.64914321560819,10.0,0.0033983670101529473,0.00458730110117378,-0.0011889340910208324,0.7408205686091517,0.0033983760106148686,4.031420586247947e-09,4.969041178526368e-09,8.994665093060594e-09,5.25879341061579e-09,4.568853045242415e-09,0.07302039809034544,2.868253923260511e-07,7.306589792677805e-39,-1.5655879370690684e-16
spectral_smooth,66.64914321560819,10.4,0.0035133908516385426,0.004851468827884509,-0.001338077976245966,0.7241911627762767,0.0035133998199881004,4.031420586247947e-09,4.936928754695202e-09,8.961658048960236e-09,5.25879341061579e-09,4.539114002318892e-09,0.08715905889493787,2.868253923260511e-07,2.085778829832316e-37,-2.1684043449710089e-16
spectral_smooth,66.64914321560819,10.8,0.0036104026149990642,0.005120704357579997,-0.0015103017425809329,0.705059765782946,0.0036104115533966367,4.031420586247947e-09,4.9069768248699575e-09,8.930612991791147e-09,5.25879341061579e-09,4.511345973504201e-09,0.10361624502124148,2.868253923260511e-07,4.644768934322384e-36,-1.6132928326584306e-16
spectral_smooth,66.64914321560819,11.2,0.0036896685430908294,0.005398517888649312,-0.001708849345558483,0.6834595381907625,0.0036896774534607786,4.031420586247947e-09,4.8789494666579e-09,8.901273385791883e-09,5.25879341061579e-09,4.485328677226111e-09,0.12268388197862229,2.868253923260511e-07,8.286280921066552e-35,1.0364972768961422e-16
spectral_smooth,66.64914321560819,11.600000000000001,0.003751357062991789,0.00568821648383,-0.0019368594208382106,0.6594961836730094,0.003751365947052346,4.031420586247947e-09,4.852639845509543e-09,8.873413292372432e-09,5.25879341061579e-09,4.460869116579372e-09,0.14464959308528658,2.868253923260511e-07,1.2117631226636495e-33,-1.249000902703301e-16
spectral_smooth,66.64914321560819,12.0,0.0037955695347442475,0.005992904534148802,-0.0021973349994045543,0.6333439007940661,0.00379557839403121,4.031420586247947e-09,4.827866217915755e-09,8.846833280624721e-09,5.25879341061579e-09,4.437797592962956e-09,0.16979262882254875,2.868253923260511e-07,1.4817418450504934e-32,-1.5829351718288365e-16
spectral_smooth,66.64914321560819,12.4,0.0038223651066834896,0.00631548342627225,-0.0024931183195887607,0.6052371368409499,0.0038223739425732317,4.031420586247947e-09,4.8044693778948044e-09,8.821357036589214e-09,5.25879341061579e-09,4.415964414779089e-09,0.19838051400506762,2.868253923260511e-07,1.5415016355369762e-31,2.220446049250313e-16
spectral_smooth,66.64914321560819,12.8,0.003831780520231143,0.006658651287233197,-0.0028268707670020543,0.575458956317162,0.0038317893339585374,4.031420586247947e-09,4.782306994854935e-09,8.7968285245083e-09,5.25879341061579e-09,4.395237162490405e-09,0.23066636351869607,2.868253923260511e-07,1.3851978844497059e-30,1.8648277366750676e-16
spectral_smooth,66.64914321560819,13.2,0.003823845616800825,0.007024903361216639,-0.003201057744415814,0.5443271487422391,0.003823854409474892,4.031420586247947e-09,4.76125350257206e-09,8.773109587394362e-09,5.25879341061579e-09,4.3754984015420925e-09,0.26688680958387956,2.868253923260511e-07,1.0895775317434279e-29,2.168404344971009e-17
spectral_smooth,66.64914321560819,13.600000000000001,0.0037985952164614756,0.007416533338678255,-0.0036179381222167795,0.5121793488948903,0.0037986039890793265,4.031420586247947e-09,4.741197323632207e-09,8.750077900166138e-09,5.25879341061579e-09,4.356643757916833e-09,0.30726047884904373,2.868253923260511e-07,7.590750842994531e-29,5.898059818321144e-17
spectral_smooth,66.64914321560819,14.0,0.003756077960629267,0.007835635789562367,-0.0040795578289331,0.47935841602447044,0.0037560867140893498,4.031420586247947e-09,4.722039315119275e-09,8.727625208311875e-09,5.25879341061579e-09,4.338580289052781e-09,0.3519869558250074,2.868253923260511e-07,4.732714426251893e-28,-1.8127860323957634e-16
spectral_smooth,66.64914321560819,14.400000000000002,0.0036963626388839543,0.008284109734404965,-0.004587747095521011,0.44619913996702487,0.003696371373995134,4.031420586247947e-09,4.70369043714669e-09,8.70565580002121e-09,5.25879341061579e-09,4.321225096773321e-09,0.4012461697298444,2.868253923260511e-07,2.6653326797295216e-27,-1.5612511283791264e-16
spectral_smooth,66.64914321560819,14.8,0.0036195424530515163,0.00876366330734546,-0.005144120854293943,0.4130170598883821,0.0036195511705432665,4.031420586247947e-09,4.686071197745889e-09,8.68408517113358e-09,5.25879341061579e-09,4.304504139703148e-09,0.45519814416354665,2.868253923260511e-07,1.3670691409926386e-26,3.382710778154774e-17
spectral_smooth,66.64914321560819,15.2,0.0035257376101939797,0.009275819413896935,-0.0057500818037029555,0.3800998545650594,0.003525746310725192,4.031420586247947e-09,4.6691105426432955e-09,8.662838850949183e-09,5.25879341061579e-09,4.288351211099422e-09,0.5139830526472894,2.868253923260511e-07,6.433284538229847e-26,-8.326672684688674e-17
spectral_smooth,66.64914321560819,15.600000000000001,0.003415096580187682,0.009821922256211923,-0.0064068256760242415,0.3477014469370074,0.0034151052643523853,4.031420586247947e-09,4.652744078903481e-09,8.64185136359834e-09,5.25879341061579e-09,4.272707054656928e-09,0.5777215274985016,2.868253923260511e-07,2.796113742999517e-25,-3.8163916471489756e-17
spectral_smooth,66.64914321560819,16.0,0.0032877963032136304,0.01040314458371161,-0.0071153482804979795,0.31603870125590605,0.0032878049715492283,4.031420586247947e-09,4.636914963107586e-09,8.621065304764991e-09,5.25879341061579e-09,4.257518596068305e-09,0.6465151744016004,2.868253923260511e-07,1.1291344149624723e-24,-4.85722573273506e-17
spectral_smooth,66.64914321560819,16.400000000000002,0.003144041587650359,0.011020495522929719,-0.00787645393527936,0.28529040106306747,0.003144050240642466,4.031420586247947e-09,4.621571458862661e-09,8.600430517486349e-09,5.25879341061579e-09,4.24273827225199e-09,0.7204472500954376,2.868253923260511e-07,4.259332949442417e-24,-6.158268339717665e-17
spectral_smooth,66.64914321560819,16.8,0.002984063899271916,0.011674828843842355,-0.00869076494457044,0.25559808534973066,0.002984072537359543,4.031420586247947e-09,4.606667158846278e-09,8.579903353787628e-09,5.25879341061579e-09,4.2283234434441466e-09,0.799583465624649,2.868253923260511e-07,1.508191859968003e-23,1.1796119636642288e-16
spectral_smooth,66.64914321560819,17.2,0.002808119708082424,0.01236685152831346,-0.009558731820231037,0.22706828020481487,0.002808128331662974,4.031420586247947e-09,4.592159985605804e-09,8.559446011272265e-09,5.25879341061579e-09,4.214235875972355e-09,0.8839728824398859,2.868253923260511e-07,5.0350984804981494e-23,2.168404344971009e-17
spectral_smooth,66.64914321560819,17.6,0.0026164885291413142,0.013097132517696508,-0.010480643988555194,0.1997756780429596,0.002616497138574758,4.031420586247947e-09,4.578012857692215e-09,8.539025935635973e-09,5.25879341061579e-09,4.200441285631799e-09,0.9736488731867893,2.868253923260511e-07,1.5912513123187694e-22,0.0
spectral_smooth,66.64914321560819,18.0,0.0024094707679716554,0.013866111529687586,-0.01145664076171593,0.17376686772012012,0.0024094793635834263,4.031420586247947e-09,4.564191136147144e-09,8.518615281529e-09,5.25879341061579e-09,4.186908933279314e-09,1.0686301232288842,2.868253923260511e-07,4.777901187677101e-22,-4.85722573273506e-17
spectral_smooth,80.0,5.2,0.00013726837061195374,0.00017116712417536428,-3.3898753563410544e-05,0.8019552310250854,0.00013727224531010862,1.6046576845063498e-09,2.2700403778941336e-09,3.874139496329772e-09,2.101167273321386e-09,2.0900129492041485e-09,9.81998914302033e-05,3.4538143645068686e-07,8.330189082845176e-74,-9.248244531301353e-17
spectral_smooth,80.0,5.6000000000000005,0.0006080820574309032,0.0007576651431028258,-0.0001495830856719227,0.8025736210335043,0.0006080858906335955,1.6046576845063498e-09,2.2285449041703487e-09,3.8326426440744285e-09,2.101167273321386e-09,2.0517706045723004e-09,0.0014285738689275244,3.4538143645068686e-07,1.3230604115910993e-68,-1.0364972768961422e-16
spectral_smooth,80.0,6.0,0.0010249603686026676,0.0012778323244427847,-0.0002528719558401171,0.8021086561960427,0.0010249641650421346,1.6046576845063498e-09,2.191781645066726e-09,3.79587399268605e-09,2.101167273321386e-09,2.017887806872743e-09,0.003989990176631965,3.4538143645068686e-07,4.2536486526578224e-64,-1.3747683547116196e-16
spectral_smooth,80.0,6.4,0.0013959038157635995,0.0017422619253461002,-0.0003463581095825008,0.8012020439959412,0.001395907579451248,1.6046576845063498e-09,2.1590299548179814e-09,3.763109757875222e-09,2.101167273321386e-09,1.9876991133111904e-09,0.007412968374717263,3.4538143645068686e-07,3.7352788856454855e-60,-9.324138683375338e-18
spectral_smooth,80.0,6.800000000000001,0.0017273621517513993,0.002159912546546572,-0.00043255039479517254,0.7997370794077908,0.0017273658861075144,1.6046576845063498e-09,2.1296983065965946e-09,3.733754112240264e-09,2.101167273321386e-09,1.960657738104372e-09,0.011491619677361786,3.4538143645068686e-07,1.1265746972002113e-56,-1.240327285323417e-16
spectral_smooth,80.0,7.2,0.002024506179599872,0.0025384853468823354,-0.0005139791672824634,0.7975252573690402,0.0020245098875575716,1.6046576845063498e-09,2.1033000896508725e-09,3.7073141970661634e-09,2.101167273321386e-09,1.9363126081660266e-09,0.016141175799325017,3.4538143645068686e-07,1.394606357929648e-53,7.45931094670027e-17
spectral_smooth,80.0,7.6000000000000005,0.0022914545248567952,0.0028847246831792406,-0.0005932701583224453,0.7943408042431955,0.0022914582089468122,1.6046576845063498e-09,2.0794324040451784e-09,3.6833797561831276e-09,2.101167273321386e-09,1.9142896219143383e-09,0.021370112106201898,3.4538143645068686e-07,8.156087346927414e-51,7.155734338404329e-17
spectral_smooth,80.0,8.0,0.0025314613346927306,0.0032046487578597516,-0.000673187423167021,0.78993410072915,0.0025314649971111313,1.6046576845063498e-09,2.0577606285598904e-09,3.661606883867981e-09,2.101167273321386e-09,1.8942766417298718e-09,0.0272606328434552,3.4538143645068686e-07,2.5218201928829366e-48,-8.760353553682876e-17
spectral_smooth,80.0,8.4,0.002747071986768601,0.003503721062441456,-0.000756649075672855,0.7840441455845779,0.0027470756294318494,1.6046576845063498e-09,2.038005431082013e-09,3.6417051901801985e-09,2.101167273321386e-09,1.8760115845675756e-09,0.03395394253822055,3.4538143645068686e-07,4.515457140695887e-46,-1.3270634591222574e-16
spectral_smooth,80.0,8.8,0.0029402530082416334,0.0037869740619087544,-0.000846721053667121,0.7764122384190963,0.0029402566328306685,1.6046576845063498e-09,2.0199313333080227e-09,3.6234277090267704e-09,2.101167273321386e-09,1.8592730002329509e-09,0.04163830920865808,3.4538143645068686e-07,5.04434015617918e-44,-1.734723475976807e-17
spectral_smooth,80.0,9.2,0.0031125010888158333,0.004059095684624647,-0.000946594595808814,0.7667966785325122,0.003112504696812876,1.6046576845063498e-09,2.0033392722496046e-09,3.6065629670251676e-09,2.101167273321386e-09,1.8438726143110917e-09,0.05053885431322219,3.4538143645068686e-07,3.738972604115703e-42,-8.586881206085195e-17
spectral_smooth,80.0,9.600000000000001,0.0032649348880330886,0.004324487708815605,-0.0010595528207825167,0.7549876674125852,0.003264938480751665,1.6046576845063498e-09,1.9880609380962255e-09,3.5909287374564497e-09,2.101167273321386e-09,1.8296494104131989e-09,0.060908535111422454,3.4538143645068686e-07,1.935616801652016e-40,4.640385298237959e-17
spectral_smooth,80.0,10.0,0.00339837243200547,0.004587303527936681,-0.0011889310959312116,0.7408213586280872,0.0033983760106148686,1.6046576845063498e-09,1.9739515577654743e-09,3.576367101370316e-09,2.101167273321386e-09,1.8164649148836817e-09,0.07302007431375435,3.4538143645068686e-07,7.306589792677805e-39,-1.5655879370690684e-16
spectral_smooth,80.0,10.4,0.0035133962544429687,0.00485147125464741,-0.0013380750002044417,0.7241919141698204,0.0035133998199881004,1.6046576845063498e-09,1.9608872303678027e-09,3.5627405204522013e-09,2.101167273321386e-09,1.8041994208578092e-09,0.08715873795652676,3.4538143645068686e-07,2.085778829832316e-37,-2.1684043449710089e-16
spectral_smooth,80.0,10.8,0.0036104079999776384,0.005120706784342899,-0.0015102987843652604,0.7050604832553276,0.0036104115533966367,1.6046576845063498e-09,1.9487611524482418e-09,3.549928693018785e-09,2.101167273321386e-09,1.7927489475747854e-09,0.10361592672964735,3.4538143645068686e-07,4.644768934322384e-36,-1.6132928326584306e-16
spectral_smooth,80.0,11.2,0.0036896739113227994,0.005398520315412214,-0.0017088464040894147,0.6834602253490024,0.0036896774534607786,1.6046576845063498e-09,1.9374803983396305e-09,3.5378260172013585e-09,2.101167273321386e-09,1.7820227770661963e-09,0.12268356616418954,3.4538143645068686e-07,8.286280921066552e-35,1.0364972768961422e-16
spectral_smooth,80.0,11.600000000000001,0.0037513624154309477,0.0056882189105929015,-0.0019368564951619538,0.65949684328164,0.003751365947052346,1.6046576845063498e-09,1.9269635886942638e-09,3.52633952636482e-09,2.101167273321386e-09,1.771941446111199e-09,0.14464927959729107,3.4538143645068686e-07,1.2117631226636495e-33,-1.249000902703301e-16
spectral_smooth,80.0,12.0,0.003795574872233365,0.005992906960911704,-0.0021973320886783387,0.6333445349627024,0.00379557839403121,1.6046576845063498e-09,1.917140002305473e-09,3.5153871934004674e-09,2.101167273321386e-09,1.7624350988731987e-09,0.169792317526903,3.4538143645068686e-07,1.4817418450504934e-32,-1.5829351718288365e-16
spectral_smooth,80.0,12.4,0.0038223704299686356,0.006315485853035152,-0.0024931154230665165,0.605237747168992,0.0038223739425732317,1.6046576845063498e-09,1.9079471336169718e-09,3.5048965247333814e-09,2.101167273321386e-09,1.7534421267578282e-09,0.1983802047821746,3.4538143645068686e-07,1.5415016355369762e-31,2.220446049250313e-16
spectral_smooth,80.0,12.8,0.00383178582997179,0.006658653713996099,-0.002826867884024309,0.5754595440092644,0.0038317893339585374,1.6046576845063498e-09,1.899329249432924e-09,3.494803383357384e-09,2.101167273321386e-09,1.7449080382426516e-09,0.23066605626183637,3.4538143645068686e-07,1.3851978844497059e-30,1.8648277366750676e-16
spectral_smooth,80.0,13.2,0.0038238509135793963,0.007024905787979541,-0.0032010548744001444,0.544327714703657,0.003823854409474892,1.6046576845063498e-09,1.8912378330071533e-09,3.4850509942766364e-09,2.101167273321386e-09,1.7367845138841876e-09,0.2668865041977452,3.4538143645068686e-07,1.0895775317434279e-29,2.168404344971009e-17
spectral_smooth,80.0,13.600000000000001,0.0037986005007928925,0.007416535765441157,-0.0036179352646482643,0.5121798938115066,0.0037986039890793265,1.6046576845063498e-09,1.8836288084855823e-09,3.475589096431516e-09,2.101167273321386e-09,1.7290286112995297e-09,0.30726017524834737,3.4538143645068686e-07,7.590750842994531e-29,5.898059818321144e-17
spectral_smooth,80.0,14.0,0.003756083232968721,0.00783563821632527,-0.004079554983356548,0.47935894042977345,0.0037560867140893498,1.6046576845063498e-09,1.876462762950837e-09,3.4663732133215883e-09,2.101167273321386e-09,1.7216020923282993e-09,0.35198665393333145,3.4538143645068686e-07,4.732714426251893e-28,-1.8127860323957634e-16
spectral_smooth,80.0,14.400000000000002,0.003696367899632569,0.008284112161167867,-0.004587744261535298,0.4461996442973639,0.003696371373995134,1.6046576845063498e-09,1.869704724377641e-09,3.4573640207277898e-09,2.101167273321386e-09,1.71447085032289e-09,0.40124586947875296,3.4538143645068686e-07,2.6653326797295216e-27,-1.5612511283791264e-16
spectral_smooth,80.0,14.8,0.0036195477025628975,0.008763665734108361,-0.005144118031545464,0.41301754452769074,0.0036195511705432665,1.6046576845063498e-09,1.8633227183428858e-09,3.448526794650666e-09,2.101167273321386e-09,1.707604419982648e-09,0.45519784549165204,3.4538143645068686e-07,1.3670691409926386e-26,3.382710778154774e-17
spectral_smooth,80.0,15.2,0.003525742848779878,0.009275821840659837,-0.005750078991879959,0.3801003198794808,0.003525746310725192,1.6046576845063498e-09,1.8572875459810234e-09,3.4398309261798714e-09,2.101167273321386e-09,1.7009755556378956e-09,0.5139827554994443,3.4538143645068686e-07,6.433284538229847e-26,-8.326672684688674e-17
spectral_smooth,80.0,15.600000000000001,0.0034151018081215456,0.009821924682974825,-0.00640682287485328,0.34770189330012186,0.0034151052643523853,1.6046576845063498e-09,1.8515731170509753e-09,3.4312494927636114e-09,2.101167273321386e-09,1.694559866628006e-09,0.5777212318252329,3.4538143645068686e-07,2.796113742999517e-25,-3.8163916471489756e-17
spectral_smooth,80.0,16.0,0.0032878015207359335,0.010403147010474512,-0.007115345489738578,0.3160391290660007,0.0032878049715492283,1.6046576845063498e-09,1.8461555617577119e-09,3.422758877460619e-09,2.101167273321386e-09,1.688335500575455e-09,0.6465148801583921,3.4538143645068686e-07,1.1291344149624723e-24,-4.85722573273506e-17
spectral_smooth,80.0,16.400000000000002,0.003144046794971933,0.01102049794969262,-0.007876451154720687,0.28529081075321333,0.003144050240642466,1.6046576845063498e-09,1.8410127866630432e-09,3.414338429386551e-09,2.101167273321386e-09,1.6822828670656548e-09,0.7204469572422357,3.4538143645068686e-07,4.259332949442417e-24,-6.158268339717665e-17
spectral_smooth,80.0,16.8,0.0029840690965769467,0.011674831270605257,-0.00869076217402831,0.2555984773921485,0.002984072537359543,1.6046576845063498e-09,1.836125029797131e-09,3.405970159828521e-09,2.101167273321386e-09,1.6763843956003826e-09,0.7995831741254188,3.4538143645068686e-07,1.508191859968003e-23,1.1796119636642288e-16
spectral_smooth,80.0,17.2,0.002808124895532338,0.012366853955076362,-0.009558729059544024,0.2270686551109189,0.002808128331662974,1.6046576845063498e-09,1.8314729732793467e-09,3.3976384694840187e-09,2.101167273321386e-09,1.670624322777325e-09,0.883972592262098,3.4538143645068686e-07,5.0350984804981494e-23,2.168404344971009e-17
spectral_smooth,80.0,17.6,0.002616493706876888,0.01309713494445941,-0.010480641237582522,0.19977603636005636,0.002616497138574758,1.6046576845063498e-09,1.8270401858089258e-09,3.3893299030503434e-09,2.101167273321386e-09,1.6649885045188058e-09,0.9736485843010965,3.4538143645068686e-07,1.5912513123187694e-22,0.0
spectral_smooth,80.0,18.0,0.002409475936115346,0.013866113956450488,-0.011456638020335141,0.1737672100260263,0.0024094793635834263,1.6046576845063498e-09,1.8228103471074064e-09,3.381032927998286e-09,2.101167273321386e-09,1.6594642498746452e-09,1.0686298356087893,3.4538143645068686e-07,4.777901187677101e-22,-4.85722573273506e-17
